ad_name,status,ad_type,product_code,bidding_mode,placement,ad_started_at,impressions,clicks,ctr,conversions,direct_conversions,cvr,direct_cvr,cost_per_conversion,units_sold,direct_units_sold,gmv,direct_gmv,spend,roas,direct_roas,period_start,period_end,granularity,days_in_period,is_shop_level,cpc,aov,spend_per_day,units_per_day,family,dedup_key,source_file
InKano Spire Dress - Sleeveless dress korea wanita katun warna coklat dan hitam black [7],Berjalan,Iklan Produk,19970359270,GMV Max ROAS,Semua Penempatan,26/10/2024 00:00:00,993644.0,35574.0,0.0358,278.0,167.0,0.0078000000000000005,0.004699999999999999,29582.17,280.0,168.0,82700200.0,53582000.0,8223843.0,10.06,6.52,2025-02-01,2025-02-28,monthly,28,False,231.18,295357.86,293708.68,10.0,spire,77a8caa1a56b527802a8e8be9a41cb41,INKANO_Monthly_Ads_-_SHOPEE.csv
InKano - Thames Outer - Outerwear wanita knit cardigan wanita dengan details dash dan kancing [4],Berjalan,Iklan Produk,22787969197,GMV Max ROAS,Semua Penempatan,17/06/2024 00:00:00,678756.0,23146.0,0.0341,226.0,128.0,0.0098,0.0055000000000000005,33565.86,237.0,128.0,83975885.0,53632000.0,7585884.0,11.07,7.07,2025-02-01,2025-02-28,monthly,28,False,327.74,354328.63,270924.43,8.464,thames,42f9c92d6113855fe3aef76d3e272954,INKANO_Monthly_Ads_-_SHOPEE.csv
InKano Spire Dress - Sleeveless dress korea wanita katun warna coklat dan hitam black,Berjalan,Iklan Produk,27923231189,GMV Max ROAS,Semua Penempatan,11/01/2025 00:00:00,527267.0,26158.0,0.0496,315.0,174.0,0.012,0.0067,25139.73,323.0,178.0,91742470.0,56284700.0,7919014.0,11.59,7.11,2025-02-01,2025-02-28,monthly,28,False,302.74,284032.41,282821.93,11.536,spire,7344a355378324c0869cfd8f7f270b76,INKANO_Monthly_Ads_-_SHOPEE.csv
"InKano Gianna - Dress rayon dengan details ikat warna hitam, coklat muda, hijau olive dan soft pink [5]",Berjalan,Iklan Produk,4520695814,GMV Max ROAS,Semua Penempatan,08/06/2024 00:00:00,480391.0,24694.0,0.051399999999999994,116.0,71.0,0.004699999999999999,0.0029,21130.74,123.0,72.0,26664235.0,16465100.0,2451166.0,10.88,6.72,2025-02-01,2025-02-28,monthly,28,False,99.26,216782.4,87541.64,4.393,gianna,7124bd7bdf8dfa4d67a930a6b8157d3f,INKANO_Monthly_Ads_-_SHOPEE.csv
InKano Thames Outer - Outerwear wanita knit cardigan wanita dengan details dash dan kancing,Berjalan,Iklan Produk,29273185813,GMV Max ROAS,Semua Penempatan,11/01/2025 00:00:00,398413.0,16047.0,0.0403,146.0,85.0,0.0091,0.0053,29739.45,153.0,89.0,54782200.0,37291000.0,4341959.0,12.62,8.59,2025-02-01,2025-02-28,monthly,28,False,270.58,358053.59,155069.96,5.464,thames,3860180571731b475b0cc68099891d8c,INKANO_Monthly_Ads_-_SHOPEE.csv
InKano Cassia - Outer knit wanita lengan panjang dengan scallop hemming outerwear rajut wanita,Berjalan,Iklan Produk,27062867019,GMV Max ROAS,Semua Penempatan,04/11/2024 00:00:00,313471.0,13293.0,0.0424,119.0,71.0,0.009000000000000001,0.0053,31206.23,122.0,72.0,36743450.0,24408000.0,3713542.0,9.89,6.57,2025-02-01,2025-02-28,monthly,28,False,279.36,301175.82,132626.5,4.357,cassia,753ff40f5e44b44449fc24d467eab45c,INKANO_Monthly_Ads_-_SHOPEE.csv
InKano Stripes Union- Oversized stripes cotton knit top with long sleeve bahan katun korean style [5],Berjalan,Iklan Produk,18680549695,GMV Max ROAS,Semua Penempatan,08/06/2024 00:00:00,276999.0,10105.0,0.0365,117.0,66.0,0.0116,0.006500000000000001,27965.79,121.0,68.0,32859800.0,20332000.0,3271998.0,10.04,6.21,2025-02-01,2025-02-28,monthly,28,False,323.8,271568.6,116857.07,4.321,stripes,b281bd91d410656f67ba53e426ab3db4,INKANO_Monthly_Ads_-_SHOPEE.csv
"InKano Cycle Jacket - See through jacket texturized fabric jaket wanita dengan hoodie warna beige, dusty pink, coklat [6]",Berjalan,Iklan Produk,22619901508,GMV Max ROAS,Semua Penempatan,11/06/2024 00:00:00,213950.0,9851.0,0.046,62.0,22.0,0.0063,0.0022,20204.92,69.0,24.0,13035550.0,4776000.0,1252705.0,10.41,3.81,2025-02-01,2025-02-28,monthly,28,False,127.17,188921.01,44739.46,2.464,cycle,f0dca5ffd212839642b51ed5a6078648,INKANO_Monthly_Ads_-_SHOPEE.csv
"InKano Seville - Sleeveless midi dress wanita bahan katun warna beige coklat muda, navy blue, pearl ivory, peanut coklat tua [6]",Berjalan,Iklan Produk,5418636273,GMV Max ROAS,Semua Penempatan,08/06/2024 00:00:00,206271.0,7300.0,0.0354,101.0,36.0,0.0138,0.0049,23343.73,106.0,39.0,22985050.0,8605400.0,2357717.0,9.75,3.65,2025-02-01,2025-02-28,monthly,28,False,322.97,216840.09,84204.18,3.786,seville,46d29d6cff5d92a3ee125620c193612a,INKANO_Monthly_Ads_-_SHOPEE.csv
"InKano Bree - Sleeveless midi dress rayon warna putih, coklat beige, hijau olive, hijau sage, hitam [4]",Berjalan,Iklan Produk,8012587266,GMV Max ROAS,Semua Penempatan,26/10/2024 00:00:00,205983.0,6408.0,0.0311,83.0,37.0,0.013000000000000001,0.0058,29355.0,85.0,38.0,22459850.0,9726100.0,2436465.0,9.22,3.99,2025-02-01,2025-02-28,monthly,28,False,380.22,264233.53,87016.61,3.036,bree,b2acff759fdb7691bc62f394d8aad4da,INKANO_Monthly_Ads_-_SHOPEE.csv
InKano Ann Cardie - Cadigan wanita katun outer rajut korean style [9],Berjalan,Iklan Produk,21486955097,GMV Max ROAS,Semua Penempatan,10/07/2024 00:00:00,138485.0,6455.0,0.0466,69.0,27.0,0.010700000000000001,0.0042,26738.65,69.0,27.0,18844785.0,8073000.0,1844967.0,10.21,4.38,2025-02-01,2025-02-28,monthly,28,False,285.82,273112.83,65891.68,2.464,ann,4f28984e5d4b89b0c67d66b5f1e0e0a6,INKANO_Monthly_Ads_-_SHOPEE.csv
"InKano Dill - Outerwear daily wanita bahan rayon texture crinkle warna muted pink mauve, hijau sage, coklat coffee [6]",Berjalan,Iklan Produk,16770157482,GMV Max ROAS,Semua Penempatan,09/06/2024 00:00:00,127547.0,6211.0,0.0487,78.0,28.0,0.0126,0.0045000000000000005,22407.04,82.0,31.0,16651300.0,5549000.0,1747749.0,9.53,3.17,2025-02-01,2025-02-28,monthly,28,False,281.4,203064.63,62419.61,2.929,dill,51bba0c109aa5477200afc8f0c73350f,INKANO_Monthly_Ads_-_SHOPEE.csv
"InKano - Sparrow - Sleeveless maxi dress dengan texture plisket berfuring warna putih gading, abu muda, pink, coklat [4]",Berjalan,Iklan Produk,8150225187,GMV Max ROAS,Semua Penempatan,10/07/2024 00:00:00,119823.0,4480.0,0.0374,65.0,44.0,0.014499999999999999,0.0098,25716.8,67.0,46.0,16498350.0,11279700.0,1671592.0,9.87,6.75,2025-02-01,2025-02-28,monthly,28,False,373.12,246244.03,59699.71,2.393,sparrow,ff3459e219ee60ef01bdd09205c4b0b6,INKANO_Monthly_Ads_-_SHOPEE.csv
InKano Cirrus - Dress wanita sleeveless midi dress wanita dengan details rok balloon,Berjalan,Iklan Produk,25390328930,GMV Max ROAS,Semua Penempatan,11/01/2025 00:00:00,119001.0,4537.0,0.0381,86.0,51.0,0.019,0.011200000000000002,30255.85,90.0,53.0,24355250.0,15717100.0,2602004.0,9.36,6.04,2025-02-01,2025-02-28,monthly,28,False,573.51,270613.89,92928.71,3.214,cirrus,b5545b822b7ea926b01c8e2336a00531,INKANO_Monthly_Ads_-_SHOPEE.csv
"InKano - River - Sleeveless maxi cotton knit dress / Dress rajut katun panjang warna beige coklat susu, cloud grey abu muda, stone, asphalt abu tua [5]",Berjalan,Iklan Produk,9066211366,GMV Max ROAS,Semua Penempatan,18/07/2024 00:00:00,113750.0,4576.0,0.04019999999999999,38.0,10.0,0.0083,0.0022,29577.22,40.0,11.0,10222050.0,3069000.0,1123934.0,9.09,2.73,2025-02-01,2025-02-28,monthly,28,False,245.61,255551.25,40140.5,1.429,river,4e427e49c629877010b8871d1999d3d0,INKANO_Monthly_Ads_-_SHOPEE.csv
InKano Fable - Kemeja katun wanita shirtdress dengan kancing full depan warna hitam dan abu [4],Berjalan,Iklan Produk,9449724340,GMV Max ROAS,Semua Penempatan,09/06/2024 00:00:00,103967.0,5034.0,0.0484,40.0,26.0,0.0079,0.0052,24703.81,43.0,27.0,10700950.0,7263000.0,988152.0,10.83,7.35,2025-02-01,2025-02-28,monthly,28,False,196.3,248859.3,35291.14,1.536,fable,443ce850c3aa4f09698fce04e45cde97,INKANO_Monthly_Ads_-_SHOPEE.csv
"InKano - Basic Shirt - Kemeja basic rayon full kancing warna putih, hitam dan biru navy [4]",Berjalan,Iklan Produk,4654707139,GMV Max ROAS,Semua Penempatan,11/06/2024 00:00:00,103265.0,5731.0,0.0555,87.0,49.0,0.0152,0.0085,22267.68,100.0,55.0,17597400.0,9244300.0,1937288.0,9.08,4.77,2025-02-01,2025-02-28,monthly,28,False,338.04,175974.0,69188.86,3.571,shirt,3e21d9495dd043f695be03d213d6045f,INKANO_Monthly_Ads_-_SHOPEE.csv
InKano Basic Tee - Kaos wanita full katun atasan wanita basic lengan pendek,Berjalan,Iklan Produk,26514706880,GMV Max ROAS,Semua Penempatan,22/10/2024 00:00:00,103029.0,5306.0,0.051500000000000004,115.0,75.0,0.0217,0.0141,15177.04,139.0,95.0,15994550.0,9315400.0,1745359.0,9.16,5.34,2025-02-01,2025-02-28,monthly,28,False,328.94,115068.71,62334.25,4.964,kaos,9c16d6123a2afdafe38a95676ab14883,INKANO_Monthly_Ads_-_SHOPEE.csv
InKano Cascade - Everyday sleeveless top wanita atasan wanita sleevelss bahan parasut,Berjalan,Iklan Produk,29802573288,GMV Max ROAS,Semua Penempatan,13/06/2024 00:00:00,100591.0,5177.0,0.051500000000000004,69.0,25.0,0.013300000000000001,0.0048,18652.6,74.0,27.0,12901338.0,4008100.0,1287029.0,10.02,3.11,2025-02-01,2025-02-28,monthly,28,False,248.61,174342.41,45965.32,2.643,cascade,daec2b367137b0021ec40e5a5f23cacf,INKANO_Monthly_Ads_-_SHOPEE.csv
InKano - Lyn - Atasan wanita tanpa lengan sleveless top wanita dengan bahan ironless dan flowy dan details drape di pundak,Berjalan,Iklan Produk,28753233081,GMV Max ROAS,Semua Penempatan,24/06/2024 00:00:00,93704.0,2980.0,0.0318,37.0,24.0,0.0124,0.008100000000000001,20341.58,38.0,25.0,6469500.0,4225000.0,752638.0,8.6,5.61,2025-02-01,2025-02-28,monthly,28,False,252.56,170250.0,26879.93,1.357,lyn,b9043e22e24ee91e4bccef1b65e7d698,INKANO_Monthly_Ads_-_SHOPEE.csv
InKano Fall Trousers - Celana panjang wanita full karet kulow wanita dengan teksur garis warna putih bw abu dan hitam [4],Berjalan,Iklan Produk,21695149050,GMV Max ROAS,Semua Penempatan,10/07/2024 00:00:00,93691.0,4245.0,0.0453,101.0,46.0,0.023799999999999998,0.0108,23541.49,108.0,51.0,21730800.0,9525600.0,2377690.0,9.14,4.01,2025-02-01,2025-02-28,monthly,28,False,560.12,201211.11,84917.5,3.857,fall,4fd3274008e106f776297c3e5a1af665,INKANO_Monthly_Ads_-_SHOPEE.csv
"InKano Waves - Midi dress bahan katun warna Putih (berfuring), Beige, Biru tua, Coklat tua, Hitam [7]",Berjalan,Iklan Produk,6137355964,GMV Max ROAS,Semua Penempatan,08/06/2024 00:00:00,92125.0,4110.0,0.0446,33.0,17.0,0.008,0.0040999999999999995,27924.24,36.0,19.0,7410550.0,3859100.0,921500.0,8.04,4.19,2025-02-01,2025-02-28,monthly,28,False,224.21,205848.61,32910.71,1.286,waves,90d9dcd0e3f03f0ebc04a62a8e663958,INKANO_Monthly_Ads_-_SHOPEE.csv
InKano - Thyme - Atasan rajut wanita dengan floral details untuk layering,Berjalan,Iklan Produk,25339467342,GMV Max ROAS,Semua Penempatan,16/12/2024 00:00:00,79998.0,3851.0,0.0481,37.0,18.0,0.0096,0.004699999999999999,20440.36,38.0,19.0,11304750.0,6821000.0,756293.0,14.95,9.02,2025-02-01,2025-02-28,monthly,28,False,196.39,297493.42,27010.46,1.357,thyme,60bb13e976516c6c203f1f318e80a14c,INKANO_Monthly_Ads_-_SHOPEE.csv
"InKano Paige - Kemeja rayon wanita full kancing warna putih, coklat muda, hitam, olive, hijau sage, biru tua, biru muda [4]",Berjalan,Iklan Produk,4216455466,GMV Max ROAS,Semua Penempatan,08/06/2024 00:00:00,78798.0,2920.0,0.0371,51.0,28.0,0.0175,0.0096,22444.95,56.0,32.0,9136000.0,5056200.0,1144692.0,7.98,4.42,2025-02-01,2025-02-28,monthly,28,False,392.02,163142.86,40881.86,2.0,paige,96680476407cbbc4e32eba98ac8e3208,INKANO_Monthly_Ads_-_SHOPEE.csv
InKano Spire Plum - Dress wanita sleeveless dengan details rok balon,Berjalan,Iklan Produk,25640328984,GMV Max ROAS,Semua Penempatan,11/01/2025 00:00:00,78257.0,2640.0,0.0337,45.0,27.0,0.017,0.0102,29393.37,46.0,28.0,13385750.0,8320100.0,1322702.0,10.12,6.29,2025-02-01,2025-02-28,monthly,28,False,501.02,290994.57,47239.36,1.643,spire,4e3c1c8de864930e3e87478920da8fcf,INKANO_Monthly_Ads_-_SHOPEE.csv
InKano Tether - Rok midi wanita dengan serat bahan tencel rok kerja wanita casual,Berjalan,Iklan Produk,29220727488,GMV Max ROAS,Semua Penempatan,16/12/2024 00:00:00,76097.0,3702.0,0.048600000000000004,51.0,21.0,0.0138,0.005699999999999999,28684.87,54.0,21.0,14238750.0,6550300.0,1462929.0,9.73,4.48,2025-02-01,2025-02-28,monthly,28,False,395.17,263680.56,52247.46,1.929,tether,bb07f3908501b77454b6d7a496c9d030,INKANO_Monthly_Ads_-_SHOPEE.csv
"InKano - Meadow - Cardigan rajut wanita bahan full katun, knit cardigan wanita",Berjalan,Iklan Produk,26670732939,GMV Max ROAS,Semua Penempatan,16/12/2024 00:00:00,71472.0,3862.0,0.054000000000000006,40.0,10.0,0.0104,0.0026,22102.79,42.0,10.0,11562050.0,3890000.0,884111.0,13.08,4.4,2025-02-01,2025-02-28,monthly,28,False,228.93,275286.9,31575.39,1.5,meadow,189987bf7c4366cd5c450c22f389838c,INKANO_Monthly_Ads_-_SHOPEE.csv
InKano - Marri Longsleeves [6],Berjalan,Iklan Produk,24369177837,GMV Max ROAS,Semua Penempatan,17/06/2024 00:00:00,70451.0,3646.0,0.0518,31.0,14.0,0.0085,0.0038,24713.95,33.0,16.0,8907850.0,4784000.0,766132.0,11.63,6.24,2025-02-01,2025-02-28,monthly,28,False,210.13,269934.85,27361.86,1.179,marri,e20decbc8b8ba663f373695a6a7f28a1,INKANO_Monthly_Ads_-_SHOPEE.csv
"InKano Slate Skirt - Rok wanita plisket dengan pinggang karet warna coklat, abu, dan hitam black [4]",Berjalan,Iklan Produk,23772418038,GMV Max ROAS,Semua Penempatan,08/06/2024 00:00:00,69783.0,3184.0,0.045599999999999995,41.0,30.0,0.0129,0.009399999999999999,28394.53,43.0,32.0,11142750.0,8527300.0,1164176.0,9.57,7.32,2025-02-01,2025-02-28,monthly,28,False,365.63,259133.72,41577.71,1.536,slate,1853a6fd7c575523411da715419449f2,INKANO_Monthly_Ads_-_SHOPEE.csv
InKano Caise Skirt - Rok midi wanita straight midi slim skirt warna abu dan hitam [4],Berjalan,Iklan Produk,22959279323,GMV Max ROAS,Semua Penempatan,09/06/2024 00:00:00,66741.0,2898.0,0.0434,54.0,34.0,0.018600000000000002,0.011699999999999999,20023.46,68.0,48.0,10991400.0,7632000.0,1081267.0,10.17,7.06,2025-02-01,2025-02-28,monthly,28,False,373.11,161638.24,38616.68,2.429,caise,4948c88a43b1da132d2a25724593aefb,INKANO_Monthly_Ads_-_SHOPEE.csv
"InKano - Terrain Skirt - Rok wanita plisket dengan resliting belakang warna dusty pink, dark grey, dan hitam black [4]",Berjalan,Iklan Produk,19176939583,GMV Max ROAS,Semua Penempatan,08/06/2024 00:00:00,61978.0,3016.0,0.0487,17.0,9.0,0.005600000000000001,0.003,31435.04,17.0,9.0,4619350.0,2572100.0,534396.0,8.64,4.81,2025-02-01,2025-02-28,monthly,28,False,177.19,271726.47,19085.57,0.607,terrain,a493fb0bdb990e6ed41a22ba72c672da,INKANO_Monthly_Ads_-_SHOPEE.csv
InKano Eyre Drawstring Dress - sleeveless dress wanita midi dress wanita dengan drawstring pinggang [4],Berjalan,Iklan Produk,25022052499,GMV Max ROAS,Semua Penempatan,11/07/2024 00:00:00,60086.0,2550.0,0.0424,17.0,10.0,0.0067,0.0039000000000000003,26325.45,18.0,11.0,3980600.0,2329000.0,447533.0,8.89,5.2,2025-02-01,2025-02-28,monthly,28,False,175.5,221144.44,15983.32,0.643,eyre,2663792aa0af009c3888463e493a443a,INKANO_Monthly_Ads_-_SHOPEE.csv
InKano - Carra Pleated Dress - Sleeveless dress wanita midi dress plisket wanita [4],Berjalan,Iklan Produk,24325590048,GMV Max ROAS,Semua Penempatan,08/06/2024 00:00:00,56202.0,2667.0,0.0475,37.0,10.0,0.0139,0.0037,29038.82,39.0,10.0,9369300.0,2940100.0,1074436.0,8.72,2.74,2025-02-01,2025-02-28,monthly,28,False,402.86,240238.46,38372.71,1.393,carra,3e172e313205dabffcf3ca6b68dc02dc,INKANO_Monthly_Ads_-_SHOPEE.csv
"InKano Fig Skirt - Rok wanita structured flare skirt warna offwhite, coksu, hitam [7]",Berjalan,Iklan Produk,22444569998,GMV Max ROAS,Semua Penempatan,08/06/2024 00:00:00,55634.0,2168.0,0.039,29.0,14.0,0.0134,0.006500000000000001,27117.47,31.0,14.0,7208600.0,3746000.0,786407.0,9.17,4.76,2025-02-01,2025-02-28,monthly,28,False,362.73,232535.48,28085.96,1.107,fig,1d654d9f2163789c4a25a02a03d7f66e,INKANO_Monthly_Ads_-_SHOPEE.csv
InKano Ripple - Rok plisket wanita flowy pinggang karet [2],Berjalan,Iklan Produk,25439467291,GMV Max ROAS,Semua Penempatan,16/12/2024 00:00:00,53271.0,2348.0,0.0441,33.0,19.0,0.0141,0.008100000000000001,30465.49,34.0,20.0,10744050.0,7334200.0,1005361.0,10.69,7.3,2025-02-01,2025-02-28,monthly,28,False,428.18,316001.47,35905.75,1.214,ripple,837b0106c2a97b59eaf50e47fe4e2122,INKANO_Monthly_Ads_-_SHOPEE.csv
InKano Plume Sol - Sleeveless dress wanita dengan details texture fabric and tier silouette,Berjalan,Iklan Produk,28074783892,GMV Max ROAS,Semua Penempatan,30/01/2025 00:00:00,44840.0,1739.0,0.0388,32.0,12.0,0.0184,0.0069,27544.47,32.0,12.0,7577550.0,2948000.0,881423.0,8.6,3.34,2025-02-01,2025-02-28,monthly,28,False,506.86,236798.44,31479.39,1.143,plume,5a537d1179d238b310b76df26d1d56b7,INKANO_Monthly_Ads_-_SHOPEE.csv
InKano Briette - Crop top wanita crop top outerwear wanita dengan details tali ikat [4],Berjalan,Iklan Produk,25575584031,GMV Max ROAS,Semua Penempatan,08/06/2024 00:00:00,43036.0,2262.0,0.0526,4.0,1.0,0.0018,0.0004,37746.62,5.0,1.0,1225000.0,179000.0,150986.0,8.11,1.19,2025-02-01,2025-02-28,monthly,28,False,66.75,245000.0,5392.36,0.179,briette,7616cad98bd00e46e08a4ca76e6d4505,INKANO_Monthly_Ads_-_SHOPEE.csv
InKano Mallow - Knit top rajut jaket wanita dengan twi way zipper.,Berjalan,Iklan Produk,27226014984,GMV Max ROAS,Semua Penempatan,15/02/2025 00:00:00,35760.0,1818.0,0.0508,7.0,3.0,0.0039000000000000003,0.0017000000000000001,25670.5,7.0,3.0,2573000.0,1287000.0,179694.0,14.32,7.16,2025-02-01,2025-02-28,monthly,28,False,98.84,367571.43,6417.64,0.25,mallow,d03f61ff1b708f8a0878fb61e7bb569a,INKANO_Monthly_Ads_-_SHOPEE.csv
"InKano - Ridge - Sleeveless maxi dress terbaru dengan style korea dan bahan rayon premium warna hitam, dusty lilac ungu muda, pink shades [4]",Berjalan,Iklan Produk,10979039292,GMV Max ROAS,Semua Penempatan,10/07/2024 00:00:00,35409.0,1206.0,0.0341,20.0,10.0,0.0166,0.0083,25684.53,20.0,10.0,5074000.0,2490000.0,513691.0,9.88,4.85,2025-02-01,2025-02-28,monthly,28,False,425.95,253700.0,18346.11,0.714,ridge,c9744d41f53ab77e8acf13acc5d8d954,INKANO_Monthly_Ads_-_SHOPEE.csv
"InKano - Oak - Rok midi dengan pinggang karet dan drawstring bahan katun warna ivory, coklat [7]",Berjalan,Iklan Produk,12963277331,GMV Max ROAS,Semua Penempatan,09/06/2024 00:00:00,34606.0,1954.0,0.0565,16.0,12.0,0.008199999999999999,0.0060999999999999995,25971.79,16.0,12.0,2944600.0,2148000.0,415549.0,7.09,5.17,2025-02-01,2025-02-28,monthly,28,False,212.67,184037.5,14841.04,0.571,oak,ed48ee3bda3cf6049b16bffd52547782,INKANO_Monthly_Ads_-_SHOPEE.csv
InKano Rene Cardigan - Everyday cardigan wanita outerwear wanita knit cardigan cotton viscose [4],Berjalan,Iklan Produk,24571129042,GMV Max ROAS,Semua Penempatan,11/06/2024 00:00:00,32685.0,1326.0,0.0406,21.0,12.0,0.0158,0.009000000000000001,33435.98,22.0,13.0,7344200.0,4797000.0,702156.0,10.46,6.83,2025-02-01,2025-02-28,monthly,28,False,529.53,333827.27,25077.0,0.786,rene,10d4cf21b9dbb4eb23a5dc5bf67db8c7,INKANO_Monthly_Ads_-_SHOPEE.csv
InKano - Tessera - Kemeja rajut lengan panjang dengan details tekstur untuk atasan maupun outerwear,Berjalan,Iklan Produk,27612634424,GMV Max ROAS,Semua Penempatan,02/10/2024 00:00:00,26829.0,1278.0,0.047599999999999996,4.0,2.0,0.0031,0.0016,9274.51,4.0,2.0,1074600.0,718000.0,37098.0,28.97,19.35,2025-02-01,2025-02-28,monthly,28,False,29.03,268650.0,1324.93,0.143,tessera,43249846ba7dab1a0ddd8272b5337afc,INKANO_Monthly_Ads_-_SHOPEE.csv
"InKano Ravine - Sleveless dress wanita ironless crinkle fabric, midi inner dress wanita",Berjalan,Iklan Produk,25532425535,GMV Max ROAS,Semua Penempatan,24/06/2024 00:00:00,18535.0,697.0,0.037599999999999995,11.0,5.0,0.0158,0.0072,25162.1,11.0,5.0,2599000.0,905000.0,276783.0,9.39,3.27,2025-02-01,2025-02-28,monthly,28,False,397.11,236272.73,9885.11,0.393,ravine,f8ee56bc6c6b26fb23d963dd7017f7ec,INKANO_Monthly_Ads_-_SHOPEE.csv
"InKano - Crest - Pleated dress wanita sleeveless, dress wanita plisket tanpa lengan",Berjalan,Iklan Produk,24238660941,GMV Max ROAS,Semua Penempatan,25/11/2024 00:00:00,16825.0,611.0,0.0363,8.0,1.0,0.0131,0.0016,40136.34,9.0,1.0,2273700.0,339000.0,321091.0,7.08,1.06,2025-02-01,2025-02-28,monthly,28,False,525.52,252633.33,11467.54,0.321,crest,ec49169747e6cc39b2ee674d11e0b193,INKANO_Monthly_Ads_-_SHOPEE.csv
"InKano Dales Cargo Pants - Cargo pants wanita celana panjang cargo wanita pinggang full karet warna beige, light grey, khaki [2]",Berjalan,Iklan Produk,25506769709,GMV Max ROAS,Semua Penempatan,17/06/2024 00:00:00,14774.0,463.0,0.0313,7.0,3.0,0.0151,0.006500000000000001,29041.93,7.0,3.0,1655200.0,954100.0,203294.0,8.14,4.69,2025-02-01,2025-02-28,monthly,28,False,439.08,236457.14,7260.5,0.25,dales,3729a207a85b21bf96ef5b4420662720,INKANO_Monthly_Ads_-_SHOPEE.csv
InKano Amary - Sleeveless dress wanita dengan details rok plisket,Berjalan,Iklan Produk,29075945430,GMV Max ROAS,Semua Penempatan,15/02/2025 00:00:00,12968.0,517.0,0.039900000000000005,8.0,6.0,0.0155,0.0116,29543.8,8.0,6.0,2852000.0,2374000.0,236350.0,12.07,10.04,2025-02-01,2025-02-28,monthly,28,False,457.16,356500.0,8441.07,0.286,amary,789864ee1f3170de85b909f371c71544,INKANO_Monthly_Ads_-_SHOPEE.csv
InKano - Glint Skirt - Rok wanita semi formal dengan pinggang karet elastis warna abu [4],Berjalan,Iklan Produk,21358379617,GMV Max ROAS,Semua Penempatan,11/06/2024 00:00:00,12037.0,591.0,0.049100000000000005,8.0,0.0,0.013500000000000002,0.0,14907.89,8.0,0.0,1350400.0,0.0,119263.0,11.32,0.0,2025-02-01,2025-02-28,monthly,28,False,201.8,168800.0,4259.39,0.286,glint,41c3cdbecbd44ce4c3900cb42235022b,INKANO_Monthly_Ads_-_SHOPEE.csv
"InKano Acre Dress - Sleeveless dress katun maxi dress sleeveless hitam, navy, dan gingham [3]",Berjalan,Iklan Produk,26150443050,GMV Max ROAS,Semua Penempatan,08/06/2024 00:00:00,7717.0,373.0,0.0483,5.0,1.0,0.0134,0.0027,28887.21,5.0,1.0,1361100.0,319000.0,144436.0,9.42,2.21,2025-02-01,2025-02-28,monthly,28,False,387.23,272220.0,5158.43,0.179,acre,c816718094147ac25939218d29ff5870,INKANO_Monthly_Ads_-_SHOPEE.csv
InKano Soleil - Rok wanita dengan pinggang karet dan details kerut,Berjalan,Iklan Produk,25641348214,GMV Max ROAS,Semua Penempatan,15/02/2025 00:00:00,7558.0,317.0,0.04190000000000001,8.0,3.0,0.0252,0.0095,28267.31,8.0,3.0,2362000.0,757000.0,226139.0,10.44,3.35,2025-02-01,2025-02-28,monthly,28,False,713.37,295250.0,8076.39,0.286,soleil,ade0751ebea6836bd16d0b7dd64bd5d1,INKANO_Monthly_Ads_-_SHOPEE.csv
InKano Skylet - Sleeveless dress wanita minimalist maxi dress wanita dengan details crinkle texture dan straight cut,Berjalan,Iklan Produk,27176054532,GMV Max ROAS,Semua Penempatan,15/02/2025 00:00:00,6408.0,269.0,0.042,0.0,0.0,0.0,0.0,0.0,0.0,0.0,0.0,0.0,76366.0,0.0,0.0,2025-02-01,2025-02-28,monthly,28,False,283.89,,2727.36,,skylet,5f7a3d93841c0e903e5dc4c35d79a01a,INKANO_Monthly_Ads_-_SHOPEE.csv
"InKano - Float - 2 ways blouse wanita sleeveless bahan crinkle reversible square and v neck warna coklat,biru abu,biru tua muda [5]",Berjalan,Iklan Produk,18804681664,GMV Max ROAS,Semua Penempatan,09/06/2024 00:00:00,5941.0,266.0,0.044800000000000006,1.0,1.0,0.0038,0.0038,52234.82,1.0,1.0,129000.0,129000.0,52235.0,2.47,2.47,2025-02-01,2025-02-28,monthly,28,False,196.37,129000.0,1865.54,0.036,float,18eabb23868f73f3ce034ac63f5c33a9,INKANO_Monthly_Ads_-_SHOPEE.csv
InKano Fray - Celana wanita high waist relaxed fit,Berjalan,Iklan Produk,24991420380,GMV Max ROAS,Semua Penempatan,15/02/2025 00:00:00,3516.0,153.0,0.0435,2.0,2.0,0.0131,0.0131,28390.6,2.0,2.0,398000.0,398000.0,56781.0,7.01,7.01,2025-02-01,2025-02-28,monthly,28,False,371.12,199000.0,2027.89,0.071,fray,0f1e063be88692ee01e3c7cf289e63dc,INKANO_Monthly_Ads_-_SHOPEE.csv
InKano - Haze - Atasan rajut basic wanita dengan bahan full katun inner basic wanita lengan panjang,Berjalan,Iklan Produk,26214700605,GMV Max ROAS,Semua Penempatan,22/10/2024 00:00:00,2470.0,156.0,0.0632,0.0,0.0,0.0,0.0,0.0,0.0,0.0,0.0,0.0,5485.0,0.0,0.0,2025-02-01,2025-02-28,monthly,28,False,35.16,,195.89,,haze,efa6bf674f7e65eebedb06228fa8ca85,INKANO_Monthly_Ads_-_SHOPEE.csv
InKano Echo - Celana pendek parasut wanita full pinggang karet,Berjalan,Iklan Produk,27703225497,GMV Max ROAS,Semua Penempatan,24/06/2024 00:00:00,1643.0,74.0,0.045,2.0,1.0,0.027000000000000003,0.013500000000000002,14711.57,2.0,1.0,318000.0,169000.0,29423.0,10.81,5.74,2025-02-01,2025-02-28,monthly,28,False,397.61,159000.0,1050.82,0.071,echo,c8146b0dfe04e2f59595921caa6a0b43,INKANO_Monthly_Ads_-_SHOPEE.csv
"InKano Hannover - Midi dress katun lengan panjang warna biru navy, beige [4]",Dijeda,Iklan Produk,5416468594,GMV Max ROAS,Semua Penempatan,16/08/2024 00:00:00,577255.0,27286.0,0.0473,83.0,55.0,0.003,0.002,23169.36,92.0,62.0,20947650.0,14913400.0,1923057.0,10.89,7.76,2025-02-01,2025-02-28,monthly,28,False,70.48,227691.85,68680.61,3.286,hannover,cc86612b1b10199a6f460bc41e2a3a8d,INKANO_Monthly_Ads_-_SHOPEE.csv
"InKano - Pane Jacket - jaket wanita tipis dengan serat kain bertekstur, kancing depan, dan kantong [4]",Dijeda,Iklan Produk,25450648574,GMV Max ROAS,Semua Penempatan,17/06/2024 00:00:00,89902.0,4259.0,0.047400000000000005,28.0,18.0,0.0066,0.0042,23173.93,30.0,20.0,6049700.0,4280000.0,648870.0,9.32,6.6,2025-02-01,2025-02-28,monthly,28,False,152.35,201656.67,23173.93,1.071,pane,7ac28ff8d914335d4b669dc02ebd00f3,INKANO_Monthly_Ads_-_SHOPEE.csv
InKano - Havelock Skirt - Structured midi skirt A line skirt wanita rok wanita korean style [4],Dijeda,Iklan Produk,24259333737,GMV Max ROAS,Semua Penempatan,30/07/2024 00:00:00,61487.0,2436.0,0.039599999999999996,31.0,17.0,0.0127,0.006999999999999999,39175.6,32.0,17.0,8431700.0,4403000.0,1214444.0,6.94,3.63,2025-02-01,2025-02-28,monthly,28,False,498.54,263490.62,43373.0,1.143,havelock,7f4608d813ab7568543ab760525cde22,INKANO_Monthly_Ads_-_SHOPEE.csv
InKano - Rake - Atasan wanita basic bahan rajut katun everyday wear [6],Dijeda,Iklan Produk,23472418448,GMV Max ROAS,Semua Penempatan,01/10/2024 00:00:00,55850.0,1944.0,0.0348,46.0,16.0,0.023700000000000002,0.008199999999999999,24029.92,50.0,19.0,11107550.0,4731000.0,1105376.0,10.05,4.28,2025-02-01,2025-02-28,monthly,28,False,568.61,222151.0,39477.71,1.786,rake,a724acc169b1c5fcbb09be39ac61c540,INKANO_Monthly_Ads_-_SHOPEE.csv
InKano - Plenary Cardigan - Cardigan wanita rajut lengan panjang oversized bahan katun [4],Dijeda,Iklan Produk,19690344535,GMV Max ROAS,Semua Penempatan,26/10/2024 00:00:00,54652.0,1872.0,0.034300000000000004,27.0,15.0,0.0144,0.008,34875.96,27.0,15.0,8625800.0,5835000.0,941651.0,9.16,6.2,2025-02-01,2025-02-28,monthly,28,False,503.02,319474.07,33630.39,0.964,plenary,3187a95c9535136546acdad4e8000421,INKANO_Monthly_Ads_-_SHOPEE.csv
InKano - Rumme Top - atasan wanita linen blouse wanita longsleeves dengan details kerah drawstring [4],Dijeda,Iklan Produk,23289747436,GMV Max ROAS,Semua Penempatan,11/06/2024 00:00:00,52193.0,3225.0,0.061799999999999994,17.0,5.0,0.0053,0.0016,26890.64,20.0,5.0,3544900.0,995000.0,457141.0,7.75,2.18,2025-02-01,2025-02-28,monthly,28,False,141.75,177245.0,16326.46,0.714,rumme,3680481aee90097fef53d459f40dc6db,INKANO_Monthly_Ads_-_SHOPEE.csv
InKano - Willow - Sleeveless dress satin wanita dengan details floral dress semi formal wanita untuk occasion [2],Dijeda,Iklan Produk,27970724615,GMV Max ROAS,Semua Penempatan,16/12/2024 00:00:00,48302.0,2248.0,0.04650000000000001,20.0,7.0,0.0089,0.0031,23342.69,21.0,7.0,5567750.0,2503000.0,466854.0,11.93,5.36,2025-02-01,2025-02-28,monthly,28,False,207.68,265130.95,16673.36,0.75,willow,2358acefb3081d40f3668511abe05188,INKANO_Monthly_Ads_-_SHOPEE.csv
InKano - Lile - Atasan wanita lengan panjang blouse wanita dengan tekstur garis [4],Dijeda,Iklan Produk,23461689690,GMV Max ROAS,Semua Penempatan,09/06/2024 00:00:00,48287.0,2610.0,0.0541,38.0,11.0,0.0146,0.0042,21926.58,41.0,12.0,8590600.0,2148000.0,833210.0,10.31,2.58,2025-02-01,2025-02-28,monthly,28,False,319.24,209526.83,29757.5,1.464,lile,4446bf0c11522f592a25d702d60fcefe,INKANO_Monthly_Ads_-_SHOPEE.csv
InKano Fiore - Floral midi dress wanita motif bunga lengan pendek dengan tali [4],Dijeda,Iklan Produk,25121106430,GMV Max ROAS,Semua Penempatan,30/11/2024 00:00:00,47553.0,2810.0,0.0591,22.0,8.0,0.0078000000000000005,0.0028000000000000004,23601.67,23.0,9.0,6095800.0,2720100.0,519237.0,11.74,5.24,2025-02-01,2025-02-28,monthly,28,False,184.78,265034.78,18544.18,0.821,fiore,c3927a5f1d7414516fa3d411b3915e28,INKANO_Monthly_Ads_-_SHOPEE.csv
InKano Fern - Rok wanita rok midi katun chinos dengan details ikat [3],Dijeda,Iklan Produk,27001676065,GMV Max ROAS,Semua Penempatan,11/06/2024 00:00:00,39534.0,1730.0,0.0438,31.0,8.0,0.0179,0.0046,20970.6,33.0,8.0,7295550.0,1868100.0,650089.0,11.22,2.87,2025-02-01,2025-02-28,monthly,28,False,375.77,221077.27,23217.46,1.179,fern,b9e1906560af8e212b9858e49555759e,INKANO_Monthly_Ads_-_SHOPEE.csv
"InKano - Marri Dress - Sleeveless knit dress with texture details and viscose fabric, dress rajut wanita tanpa lengan",Dijeda,Iklan Produk,26268479785,GMV Max ROAS,Semua Penempatan,25/11/2024 00:00:00,39364.0,1458.0,0.037000000000000005,27.0,8.0,0.018500000000000003,0.0055000000000000005,37756.52,28.0,8.0,8541550.0,3192000.0,1019426.0,8.38,3.13,2025-02-01,2025-02-28,monthly,28,False,699.19,305055.36,36408.07,1.0,marri,b0c3cf4e3d38b266ddbbedbeaf215fb1,INKANO_Monthly_Ads_-_SHOPEE.csv
"InKano - Two-Tone Petal - Atasan rajut wanita sleeveless dengan details two tone, hemming bunga, dan bahan viscose rajut yang lembut",Dijeda,Iklan Produk,28412764733,GMV Max ROAS,Semua Penempatan,02/10/2024 00:00:00,38209.0,1594.0,0.0417,33.0,6.0,0.0207,0.0038,23147.51,35.0,7.0,8101400.0,1743000.0,763868.0,10.61,2.28,2025-02-01,2025-02-28,monthly,28,False,479.21,231468.57,27281.0,1.25,two,f42338db642cf9bcec396a5a2c95c530,INKANO_Monthly_Ads_-_SHOPEE.csv
InKano - Frost - Atasan sleeveless wanita dengan details bordir,Dijeda,Iklan Produk,28370724858,GMV Max ROAS,Semua Penempatan,16/12/2024 00:00:00,31525.0,1689.0,0.0536,29.0,13.0,0.0172,0.0077,21259.37,31.0,13.0,6054900.0,2537000.0,616522.0,9.82,4.12,2025-02-01,2025-02-28,monthly,28,False,365.02,195319.35,22018.64,1.107,frost,e48226fc1d6a55b6372bd9004b6ef953,INKANO_Monthly_Ads_-_SHOPEE.csv
"InKano - Pasture - Kemeja wanita blouse lengan panjang full kancing bahan rayon warna Black, Latte, Marsala [5]",Dijeda,Iklan Produk,14876963468,GMV Max ROAS,Semua Penempatan,06/11/2024 00:00:00,28992.0,899.0,0.031,22.0,4.0,0.0245,0.0044,27285.54,24.0,6.0,4942600.0,1194000.0,600282.0,8.23,1.99,2025-02-01,2025-02-28,monthly,28,False,667.72,205941.67,21438.64,0.857,pasture,134eb3462e9ba29e8bf6a8f057dfbe6f,INKANO_Monthly_Ads_-_SHOPEE.csv
InKano - Havelock Top - Atasan cropped rop wanita sleeveless crop blouse katun wanita [4],Dijeda,Iklan Produk,25509339092,GMV Max ROAS,Semua Penempatan,04/11/2024 00:00:00,28080.0,1448.0,0.0516,14.0,5.0,0.0097,0.0034999999999999996,36166.96,16.0,6.0,2692850.0,954000.0,506337.0,5.32,1.88,2025-02-01,2025-02-28,monthly,28,False,349.68,168303.12,18083.46,0.571,havelock,f418c456ff5b619236f6822664e501ed,INKANO_Monthly_Ads_-_SHOPEE.csv
InKano - Twine Dress - Oversized midi dress wanita full kancing everyday dress [4],Dijeda,Iklan Produk,24402023278,GMV Max ROAS,Semua Penempatan,11/06/2024 00:00:00,25551.0,1193.0,0.0467,1.0,0.0,0.0008,0.0,27911.24,1.0,0.0,279000.0,0.0,27911.0,10.0,0.0,2025-02-01,2025-02-28,monthly,28,False,23.4,279000.0,996.82,0.036,twine,8a08797b26e2b8e22071889052f967e7,INKANO_Monthly_Ads_-_SHOPEE.csv
InKano Picton - Sleeveless top wanita blouse atasan wanita warna coklat hijau maroon black [6],Dijeda,Iklan Produk,24359356794,GMV Max ROAS,Semua Penempatan,08/06/2024 00:00:00,22550.0,1458.0,0.0647,10.0,4.0,0.0069,0.0027,18738.76,10.0,4.0,1656550.0,636000.0,187388.0,8.84,3.39,2025-02-01,2025-02-28,monthly,28,False,128.52,165655.0,6692.43,0.357,picton,422ae1c41dbf31dffa3425ef1d8ca737,INKANO_Monthly_Ads_-_SHOPEE.csv
InKano Haslet - Dress wanita lengan panjang dengan bahan rayon dan details drape dan full kancing,Dijeda,Iklan Produk,26175928414,GMV Max ROAS,Semua Penempatan,15/02/2025 00:00:00,22473.0,1167.0,0.0519,5.0,3.0,0.0043,0.0026,33845.89,5.0,3.0,1415000.0,897000.0,169229.0,8.36,5.3,2025-02-01,2025-02-28,monthly,28,False,145.01,283000.0,6043.89,0.179,haslet,62fbe1037a7b3974153a80e90eb6e36a,INKANO_Monthly_Ads_-_SHOPEE.csv
"InKano - Hill - Celana panjang rayon wanita dengan kantong dan pinggang karet warna sand coklat susu, hitam, muted blush soft pink, dusty blue, space blue indigo, marsala brick, hijau olive [6]",Dijeda,Iklan Produk,4846833586,GMV Max ROAS,Semua Penempatan,08/02/2025 00:00:00,17562.0,790.0,0.045,19.0,7.0,0.0241,0.0089,21309.01,21.0,9.0,4208800.0,1971000.0,404871.0,10.4,4.87,2025-02-01,2025-02-28,monthly,28,False,512.49,200419.05,14459.68,0.75,hill,216a32c95aa3534636184738442f3c09,INKANO_Monthly_Ads_-_SHOPEE.csv
"InKano - Plica Dress - Midi dress wanita katun lengan pendek square neck dengan detail pleat warna offwhite, beige, hitam [4]",Dijeda,Iklan Produk,24353034029,GMV Max ROAS,Semua Penempatan,12/08/2024 00:00:00,15786.0,809.0,0.0512,7.0,2.0,0.0087,0.0025,24188.99,8.0,2.0,1822000.0,638000.0,169323.0,10.76,3.77,2025-02-01,2025-02-28,monthly,28,False,209.3,227750.0,6047.25,0.286,plica,694deaf2c025a8124cde621aed9eb7d4,INKANO_Monthly_Ads_-_SHOPEE.csv
InKano - Alder - Rok midi wanita A Line dengan motif herringhone,Dijeda,Iklan Produk,27273160626,GMV Max ROAS,Semua Penempatan,15/01/2025 00:00:00,15663.0,837.0,0.053399999999999996,6.0,4.0,0.0072,0.0048,27478.48,6.0,4.0,1274000.0,996000.0,164871.0,7.73,6.04,2025-02-01,2025-02-28,monthly,28,False,196.98,212333.33,5888.25,0.214,alder,0ad73d46f2459640d1b7f2913f2b9016,INKANO_Monthly_Ads_-_SHOPEE.csv
InKano Ivy - Atasan wanita dengan pattern floral dan details texture di kain.,Dijeda,Iklan Produk,25291346249,GMV Max ROAS,Semua Penempatan,15/02/2025 00:00:00,15441.0,557.0,0.0361,12.0,4.0,0.0215,0.0072,20112.5,12.0,4.0,2979000.0,996000.0,241350.0,12.34,4.13,2025-02-01,2025-02-28,monthly,28,False,433.3,248250.0,8619.64,0.429,ivy,76c9f20b3ec8a4676f8329c829caa973,INKANO_Monthly_Ads_-_SHOPEE.csv
InKano Thistle - Totebag parasut minimalis dengan details pita,Dijeda,Iklan Produk,29323681171,GMV Max ROAS,Semua Penempatan,18/01/2025 00:00:00,13205.0,435.0,0.0329,15.0,1.0,0.0345,0.0023,20424.22,15.0,1.0,3176650.0,289000.0,306363.0,10.37,0.94,2025-02-01,2025-02-28,monthly,28,False,704.28,211776.67,10941.54,0.536,thistle,4ce04021e32b0b6cb6dbad05fd98727b,INKANO_Monthly_Ads_-_SHOPEE.csv
"InKano - Sycamore - Casual knit top in v neck with details hemming, atasan rajut wanita dengan details motif hemming",Dijeda,Iklan Produk,24838657386,GMV Max ROAS,Semua Penempatan,25/11/2024 00:00:00,11304.0,576.0,0.051,1.0,0.0,0.0017000000000000001,0.0,70400.64,1.0,0.0,169000.0,0.0,70401.0,2.4,0.0,2025-02-01,2025-02-28,monthly,28,False,122.22,169000.0,2514.32,0.036,sycamore,75550d043d79dad2382d9aa07a4ad6ac,INKANO_Monthly_Ads_-_SHOPEE.csv
InKano Polar - Oversized shirt wanita kaos oversize wanita dengan details bordir,Dijeda,Iklan Produk,28024727779,GMV Max ROAS,Semua Penempatan,30/01/2025 00:00:00,10811.0,320.0,0.0296,6.0,0.0,0.018799999999999997,0.0,27382.47,6.0,0.0,1466450.0,0.0,164295.0,8.93,0.0,2025-02-01,2025-02-28,monthly,28,False,513.42,244408.33,5867.68,0.214,polar,21c1513aa7dac7a441c09564e218e94d,INKANO_Monthly_Ads_-_SHOPEE.csv
InKano Trelis - Atasan rajut wanita stripes oversized,Dijeda,Iklan Produk,26626044035,GMV Max ROAS,Semua Penempatan,15/02/2025 00:00:00,10674.0,354.0,0.0332,9.0,1.0,0.0254,0.0028000000000000004,23860.26,10.0,1.0,1822300.0,329000.0,214742.0,8.49,1.53,2025-02-01,2025-02-28,monthly,28,False,606.62,182230.0,7669.36,0.357,trelis,1d49070608f7c6dfb130930919257857,INKANO_Monthly_Ads_-_SHOPEE.csv
InKano Vine - Kemeja wanita stripes bahan full katun,Dijeda,Iklan Produk,27774742340,GMV Max ROAS,Semua Penempatan,30/01/2025 00:00:00,10525.0,299.0,0.028399999999999998,2.0,1.0,0.0067,0.0033,50731.08,2.0,1.0,493100.0,224100.0,101462.0,4.86,2.21,2025-02-01,2025-02-28,monthly,28,False,339.34,246550.0,3623.64,0.071,vine,1abd429bd69f79167137be17f7058cff,INKANO_Monthly_Ads_-_SHOPEE.csv
InKano Skye - Outerwear wanita parasut oversized full kancing,Dijeda,Iklan Produk,29524783542,GMV Max ROAS,Semua Penempatan,30/01/2025 00:00:00,8789.0,309.0,0.0352,11.0,1.0,0.0356,0.0032,24517.22,12.0,1.0,2062000.0,249000.0,269689.0,7.65,0.92,2025-02-01,2025-02-28,monthly,28,False,872.78,171833.33,9631.75,0.429,skye,9623268dc7b0285e7357a8945266fd7b,INKANO_Monthly_Ads_-_SHOPEE.csv
InKano Mist - Kemeja katun wanita relaxed oversized dengan details texture,Dijeda,Iklan Produk,27225985381,GMV Max ROAS,Semua Penempatan,15/02/2025 00:00:00,7082.0,210.0,0.0297,1.0,1.0,0.0048,0.0048,71643.81,1.0,1.0,199000.0,199000.0,71644.0,2.78,2.78,2025-02-01,2025-02-28,monthly,28,False,341.16,199000.0,2558.71,0.036,mist,3f2b3716cd761418cdfe7bb6a2b473ca,INKANO_Monthly_Ads_-_SHOPEE.csv
InKano Dart - Celana panjang wanita dengan bahan lyocell yang halus dan tidak transparant,Dijeda,Iklan Produk,27574728605,GMV Max ROAS,Semua Penempatan,30/01/2025 00:00:00,5598.0,116.0,0.0207,3.0,2.0,0.0259,0.0172,60704.57,3.0,2.0,947000.0,758000.0,182114.0,5.2,4.16,2025-02-01,2025-02-28,monthly,28,False,1569.95,315666.67,6504.07,0.107,dart,ed75a1b61e0704fe3616c5d44400bf05,INKANO_Monthly_Ads_-_SHOPEE.csv
"InKano - Grain - Knit maxi dress v neck dress rajut wanita panjang warna hijau sage, dusty pink, coklat [4]",Dijeda,Iklan Produk,16032806043,GMV Max ROAS,Semua Penempatan,17/06/2024 00:00:00,4811.0,221.0,0.045899999999999996,6.0,1.0,0.0271,0.0045000000000000005,18945.12,7.0,1.0,1466300.0,202300.0,113671.0,12.9,1.78,2025-02-01,2025-02-28,monthly,28,False,514.35,209471.43,4059.68,0.25,grain,6cfbc6bf4ff9adaf9a8041c99c3e19fa,INKANO_Monthly_Ads_-_SHOPEE.csv
InKano - Canvas Bag - Totebag canvas besar dan versatile dengan bahan canvas tebal,Dijeda,Iklan Produk,27923674175,GMV Max ROAS,Semua Penempatan,18/01/2025 00:00:00,4715.0,321.0,0.0681,0.0,0.0,0.0,0.0,0.0,0.0,0.0,0.0,0.0,6543.0,0.0,0.0,2025-02-01,2025-02-28,monthly,28,False,20.38,,233.68,,canvas,756f34f4ead616687e05b77efcdbae19,INKANO_Monthly_Ads_-_SHOPEE.csv
InKano - Ditton Dress - Midi dress wanita dress rajut wanita dengan details dash [4],Dijeda,Iklan Produk,18595795888,GMV Max ROAS,Semua Penempatan,13/06/2024 00:00:00,4588.0,212.0,0.0462,8.0,0.0,0.0377,0.0,20125.33,8.0,0.0,1889100.0,0.0,161003.0,11.73,0.0,2025-02-01,2025-02-28,monthly,28,False,759.45,236137.5,5750.11,0.286,ditton,a5e512079e6e1684258ed06a9a5256ab,INKANO_Monthly_Ads_-_SHOPEE.csv
InKano - Valley - Kemeja rayon wanita lengan pendek untuk kantor dan casual,Dijeda,Iklan Produk,25236554077,GMV Max ROAS,Semua Penempatan,02/10/2024 00:00:00,4100.0,211.0,0.051500000000000004,5.0,3.0,0.023700000000000002,0.014199999999999999,20990.09,5.0,3.0,825150.0,430950.0,104950.0,7.86,4.11,2025-02-01,2025-02-28,monthly,28,False,497.39,165030.0,3748.21,0.179,valley,b84331b4ede9ced87842d24eb80b03e4,INKANO_Monthly_Ads_-_SHOPEE.csv
InKano Trail - Atasan wanita outerwear wanita sleeveless dengan details drape di bagian belakang,Dijeda,Iklan Produk,29976007170,GMV Max ROAS,Semua Penempatan,15/02/2025 00:00:00,4035.0,117.0,0.028999999999999998,2.0,0.0,0.0171,0.0,23343.58,2.0,0.0,442650.0,0.0,46687.0,9.48,0.0,2025-02-01,2025-02-28,monthly,28,False,399.03,221325.0,1667.39,0.071,trail,1d5605b9dddeb630f8ef938cf3754344,INKANO_Monthly_Ads_-_SHOPEE.csv
InKano Nettle - Totebag besar dengan bahan parasut dan details knot,Dijeda,Iklan Produk,27923033839,GMV Max ROAS,Semua Penempatan,09/01/2025 00:00:00,4035.0,187.0,0.0463,0.0,0.0,0.0,0.0,0.0,0.0,0.0,0.0,0.0,4156.0,0.0,0.0,2025-02-01,2025-02-28,monthly,28,False,22.22,,148.43,,nettle,33d199a87d6bde2fdc777fd79a456dc3,INKANO_Monthly_Ads_-_SHOPEE.csv
InKano - Papillon Cardi - Knit cardigan cropped and sheer with drawstring [4],Dijeda,Iklan Produk,18680559303,GMV Max ROAS,Semua Penempatan,17/06/2024 00:00:00,3685.0,188.0,0.051,4.0,2.0,0.0213,0.0106,15842.15,4.0,2.0,796200.0,458000.0,63369.0,12.56,7.23,2025-02-01,2025-02-28,monthly,28,False,337.07,199050.0,2263.18,0.143,papillon,017ecbe4ad075128f219e24999a362a1,INKANO_Monthly_Ads_-_SHOPEE.csv
"InKano - Regine Top - Kemeja wanita oversized dengan bahan rayon premium warna abu taupe, biru salted egg, dan hitam [4]",Berakhir,Iklan Produk,25414978958,GMV Max ROAS,Semua Penempatan,05/03/2025 00:00:00,8574.0,182.0,0.0212,8.0,1.0,0.044000000000000004,0.0055000000000000005,20729.62,8.0,1.0,1748350.0,126750.0,165837.0,10.54,0.76,2025-03-01,2025-03-31,monthly,31,False,911.19,218543.75,5349.58,0.258,regine,42bca0805d24a12d1214e2e37d3cbdd9,INKANO_Monthly_Ads_-_SHOPEE.csv
InKano Spire Dress - Sleeveless dress korea wanita katun warna coklat dan hitam black [7],Berjalan,Iklan Produk,19970359270,GMV Max ROAS,Semua Penempatan,26/10/2024 00:00:00,1833365.0,67525.0,0.0368,590.0,417.0,0.0087,0.0062,27114.12,599.0,421.0,172402050.0,126479300.0,15997333.0,10.78,7.91,2025-03-01,2025-03-31,monthly,31,False,236.91,287816.44,516043.0,19.323,spire,eed941c50aa7db433e13dbfcfa66b3ab,INKANO_Monthly_Ads_-_SHOPEE.csv
"InKano Gianna - Dress rayon dengan details ikat warna hitam, coklat muda, hijau olive dan soft pink [5]",Berjalan,Iklan Produk,4520695814,GMV Max ROAS,Semua Penempatan,08/06/2024 00:00:00,1436291.0,83126.0,0.0579,430.0,332.0,0.0052,0.004,21264.02,442.0,340.0,99533250.0,77585200.0,9143530.0,10.89,8.49,2025-03-01,2025-03-31,monthly,31,False,110.0,225188.35,294952.58,14.258,gianna,91d6ca1f54b5357ff8174094fc3a2a40,INKANO_Monthly_Ads_-_SHOPEE.csv
InKano Spire Dress - Sleeveless dress korea wanita katun warna coklat dan hitam black,Berjalan,Iklan Produk,27923231189,GMV Max ROAS,Semua Penempatan,11/01/2025 00:00:00,1035681.0,50286.0,0.048600000000000004,571.0,307.0,0.011399999999999999,0.0060999999999999995,23732.23,580.0,309.0,161998400.0,93750500.0,13551101.0,11.95,6.92,2025-03-01,2025-03-31,monthly,31,False,269.48,279307.59,437132.29,18.71,spire,1556fa8e1df3dfdfa9635fc7383e6eb3,INKANO_Monthly_Ads_-_SHOPEE.csv
InKano - Thames Outer - Outerwear wanita knit cardigan wanita dengan details dash dan kancing [4],Berjalan,Iklan Produk,22787969197,GMV Max ROAS,Semua Penempatan,17/06/2024 00:00:00,1034309.0,31899.0,0.0308,366.0,208.0,0.0115,0.006500000000000001,31972.62,373.0,209.0,130247090.0,87361500.0,11701977.0,11.13,7.47,2025-03-01,2025-03-31,monthly,31,False,366.84,349187.91,377483.13,12.032,thames,4be8b7d5a216b2e1af05bdaaa0cd8be1,INKANO_Monthly_Ads_-_SHOPEE.csv
InKano Thames Outer - Outerwear wanita knit cardigan wanita dengan details dash dan kancing,Berjalan,Iklan Produk,29273185813,GMV Max ROAS,Semua Penempatan,11/01/2025 00:00:00,722021.0,24266.0,0.0336,272.0,152.0,0.011200000000000002,0.0063,31164.18,288.0,163.0,102377770.0,68297000.0,8476657.0,12.08,8.06,2025-03-01,2025-03-31,monthly,31,False,349.32,355478.37,273440.55,9.29,thames,99d34bf839fe470a13444482e08951fa,INKANO_Monthly_Ads_-_SHOPEE.csv
InKano Cassia - Outer knit wanita lengan panjang dengan scallop hemming outerwear rajut wanita,Berjalan,Iklan Produk,27062867019,GMV Max ROAS,Semua Penempatan,04/11/2024 00:00:00,558370.0,23459.0,0.042,228.0,122.0,0.0097,0.0052,26999.31,237.0,124.0,68413200.0,42036000.0,6155842.0,11.11,6.83,2025-03-01,2025-03-31,monthly,31,False,262.41,288663.29,198575.55,7.645,cassia,7fe97d7485637f8c1fd1ac36d7234fb8,INKANO_Monthly_Ads_-_SHOPEE.csv
InKano - Marri Longsleeves [6],Berjalan,Iklan Produk,24369177837,GMV Max ROAS,Semua Penempatan,17/06/2024 00:00:00,466657.0,21000.0,0.045,193.0,104.0,0.0092,0.005,26146.99,207.0,109.0,53989350.0,32591000.0,5046369.0,10.7,6.46,2025-03-01,2025-03-31,monthly,31,False,240.3,260818.12,162786.1,6.677,marri,17c657c1d225ff0a0ace7f9f9eacdc01,INKANO_Monthly_Ads_-_SHOPEE.csv
"InKano Seville - Sleeveless midi dress wanita bahan katun warna beige coklat muda, navy blue, pearl ivory, peanut coklat tua [6]",Berjalan,Iklan Produk,5418636273,GMV Max ROAS,Semua Penempatan,08/06/2024 00:00:00,462807.0,18160.0,0.0392,196.0,92.0,0.0108,0.0051,21961.68,205.0,93.0,44578320.0,20468000.0,4304490.0,10.36,4.76,2025-03-01,2025-03-31,monthly,31,False,237.03,217455.22,138854.52,6.613,seville,648f04a65901a27e4741efcbb6e8179a,INKANO_Monthly_Ads_-_SHOPEE.csv
InKano Mallow - Knit top rajut jaket wanita dengan twi way zipper.,Berjalan,Iklan Produk,27226014984,GMV Max ROAS,Semua Penempatan,15/02/2025 00:00:00,462049.0,18317.0,0.039599999999999996,157.0,78.0,0.0086,0.0043,35974.17,164.0,79.0,53445600.0,33891000.0,5647945.0,9.46,6.0,2025-03-01,2025-03-31,monthly,31,False,308.34,325887.8,182191.77,5.29,mallow,9faffefc121180ce70115642424ea144,INKANO_Monthly_Ads_-_SHOPEE.csv
InKano Stripes Union- Oversized stripes cotton knit top with long sleeve bahan katun korean style [5],Berjalan,Iklan Produk,18680549695,GMV Max ROAS,Semua Penempatan,08/06/2024 00:00:00,366273.0,13451.0,0.036699999999999997,135.0,94.0,0.01,0.006999999999999999,31856.94,141.0,100.0,40595200.0,29900000.0,4300686.0,9.44,6.95,2025-03-01,2025-03-31,monthly,31,False,319.73,287909.22,138731.81,4.548,stripes,188d7733bd70799a152242fa03c58b12,INKANO_Monthly_Ads_-_SHOPEE.csv
InKano - Haze - Atasan rajut basic wanita dengan bahan full katun inner basic wanita lengan panjang,Berjalan,Iklan Produk,26214700605,GMV Max ROAS,Semua Penempatan,22/10/2024 00:00:00,333061.0,14366.0,0.0431,169.0,108.0,0.0118,0.0075,23656.97,190.0,120.0,42502900.0,27480000.0,3998027.0,10.63,6.87,2025-03-01,2025-03-31,monthly,31,False,278.3,223699.47,128968.61,6.129,haze,a9069801759551f095ecf72634edaad6,INKANO_Monthly_Ads_-_SHOPEE.csv
InKano Cirrus - Dress wanita sleeveless midi dress wanita dengan details rok balloon,Berjalan,Iklan Produk,25390328930,GMV Max ROAS,Semua Penempatan,11/01/2025 00:00:00,295077.0,9979.0,0.0338,157.0,114.0,0.015700000000000002,0.011399999999999999,26655.94,161.0,116.0,44474150.0,34064000.0,4184982.0,10.63,8.14,2025-03-01,2025-03-31,monthly,31,False,419.38,276236.96,134999.42,5.194,cirrus,39824d8761c78e85ddee528ff3b904ea,INKANO_Monthly_Ads_-_SHOPEE.csv
InKano Fable - Kemeja katun wanita shirtdress dengan kancing full depan warna hitam dan abu [4],Berjalan,Iklan Produk,9449724340,GMV Max ROAS,Semua Penempatan,09/06/2024 00:00:00,281949.0,14977.0,0.053099999999999994,124.0,75.0,0.0083,0.005,23257.62,126.0,76.0,32921300.0,20444000.0,2883945.0,11.42,7.09,2025-03-01,2025-03-31,monthly,31,False,192.56,261280.16,93030.48,4.065,fable,126b1ec06c2fb5e047de3734ff7f73e7,INKANO_Monthly_Ads_-_SHOPEE.csv
"InKano Waves - Midi dress bahan katun warna Putih (berfuring), Beige, Biru tua, Coklat tua, Hitam [7]",Berjalan,Iklan Produk,6137355964,GMV Max ROAS,Semua Penempatan,08/06/2024 00:00:00,257458.0,10891.0,0.042300000000000004,134.0,93.0,0.0123,0.0085,19580.2,141.0,99.0,28899700.0,20028350.0,2623747.0,11.01,7.63,2025-03-01,2025-03-31,monthly,31,False,240.91,204962.41,84637.0,4.548,waves,775f4a7d1cebe9d8afcf4389f3812193,INKANO_Monthly_Ads_-_SHOPEE.csv
"InKano - River - Sleeveless maxi cotton knit dress / Dress rajut katun panjang warna beige coklat susu, cloud grey abu muda, stone, asphalt abu tua [5]",Berjalan,Iklan Produk,9066211366,GMV Max ROAS,Semua Penempatan,18/07/2024 00:00:00,237556.0,9054.0,0.0381,101.0,27.0,0.011200000000000002,0.003,25571.45,104.0,28.0,26074900.0,7812000.0,2582716.0,10.1,3.02,2025-03-01,2025-03-31,monthly,31,False,285.26,250720.19,83313.42,3.355,river,b5ef5cd757695fd970377c0915ee4084,INKANO_Monthly_Ads_-_SHOPEE.csv
"InKano Bree - Sleeveless midi dress rayon warna putih, coklat beige, hijau olive, hijau sage, hitam [4]",Berjalan,Iklan Produk,8012587266,GMV Max ROAS,Semua Penempatan,26/10/2024 00:00:00,237547.0,7968.0,0.0335,113.0,55.0,0.014199999999999999,0.0069,24493.17,116.0,55.0,27738150.0,13634200.0,2767728.0,10.02,4.93,2025-03-01,2025-03-31,monthly,31,False,347.36,239121.98,89281.55,3.742,bree,e3c013b056fbf81e97e9ae8108dd7cc1,INKANO_Monthly_Ads_-_SHOPEE.csv
"InKano Cycle Jacket - See through jacket texturized fabric jaket wanita dengan hoodie warna beige, dusty pink, coklat [6]",Berjalan,Iklan Produk,22619901508,GMV Max ROAS,Semua Penempatan,11/06/2024 00:00:00,231569.0,11362.0,0.049100000000000005,63.0,32.0,0.0055000000000000005,0.0028000000000000004,20096.31,64.0,33.0,13915000.0,6567000.0,1266067.0,10.99,5.19,2025-03-01,2025-03-31,monthly,31,False,111.43,217421.88,40840.87,2.065,cycle,b98d037efb658763c1bce5f087f18e5c,INKANO_Monthly_Ads_-_SHOPEE.csv
InKano Ann Cardie - Cadigan wanita katun outer rajut korean style [9],Berjalan,Iklan Produk,21486955097,GMV Max ROAS,Semua Penempatan,10/07/2024 00:00:00,221564.0,11120.0,0.050199999999999995,94.0,26.0,0.0085,0.0023,27322.45,96.0,26.0,24714100.0,7774000.0,2568310.0,9.62,3.03,2025-03-01,2025-03-31,monthly,31,False,230.96,257438.54,82848.71,3.097,ann,b62a31557e2220c8c7ee1d46acef407c,INKANO_Monthly_Ads_-_SHOPEE.csv
InKano Eyre Drawstring Dress - sleeveless dress wanita midi dress wanita dengan drawstring pinggang [4],Berjalan,Iklan Produk,25022052499,GMV Max ROAS,Semua Penempatan,11/07/2024 00:00:00,204155.0,8740.0,0.042800000000000005,106.0,67.0,0.0121,0.0077,19957.4,111.0,70.0,24616200.0,14770000.0,2115484.0,11.64,6.98,2025-03-01,2025-03-31,monthly,31,False,242.05,221767.57,68241.42,3.581,eyre,5416649f79f3e8b461a25814779dad15,INKANO_Monthly_Ads_-_SHOPEE.csv
InKano Soleil - Rok wanita dengan pinggang karet dan details kerut,Berjalan,Iklan Produk,25641348214,GMV Max ROAS,Semua Penempatan,15/02/2025 00:00:00,200353.0,10134.0,0.0506,102.0,42.0,0.0101,0.0040999999999999995,29344.54,103.0,43.0,27307000.0,10927000.0,2993143.0,9.12,3.65,2025-03-01,2025-03-31,monthly,31,False,295.36,265116.5,96553.0,3.323,soleil,59cdfdccc6ef8a07b2218b0337857db6,INKANO_Monthly_Ads_-_SHOPEE.csv
InKano Rene Cardigan - Everyday cardigan wanita outerwear wanita knit cardigan cotton viscose [4],Berjalan,Iklan Produk,24571129042,GMV Max ROAS,Semua Penempatan,11/06/2024 00:00:00,198647.0,7050.0,0.0355,98.0,66.0,0.0139,0.009399999999999999,33200.31,102.0,69.0,34808800.0,25461000.0,3253631.0,10.7,7.83,2025-03-01,2025-03-31,monthly,31,False,461.51,341262.75,104955.84,3.29,rene,cc9633174adbe554ac7880c80d54da13,INKANO_Monthly_Ads_-_SHOPEE.csv
"InKano Dill - Outerwear daily wanita bahan rayon texture crinkle warna muted pink mauve, hijau sage, coklat coffee [6]",Berjalan,Iklan Produk,16770157482,GMV Max ROAS,Semua Penempatan,09/06/2024 00:00:00,195868.0,10127.0,0.051699999999999996,132.0,60.0,0.013000000000000001,0.0059,19400.86,136.0,62.0,26228250.0,11035350.0,2560913.0,10.24,4.31,2025-03-01,2025-03-31,monthly,31,False,252.88,192854.78,82610.1,4.387,dill,e129bdde90a60f34c1a848861e8a00ac,INKANO_Monthly_Ads_-_SHOPEE.csv
"InKano - Basic Shirt - Kemeja basic rayon full kancing warna putih, hitam dan biru navy [4]",Berjalan,Iklan Produk,4654707139,GMV Max ROAS,Semua Penempatan,11/06/2024 00:00:00,194871.0,10127.0,0.052000000000000005,135.0,99.0,0.013300000000000001,0.0098,18230.33,151.0,115.0,26727000.0,19401200.0,2461094.0,10.86,7.88,2025-03-01,2025-03-31,monthly,31,False,243.02,177000.0,79390.13,4.871,shirt,31fc2267c8d87596c3d2e4f7ec1cbe0e,INKANO_Monthly_Ads_-_SHOPEE.csv
InKano Tether - Rok midi wanita dengan serat bahan tencel rok kerja wanita casual,Berjalan,Iklan Produk,29220727488,GMV Max ROAS,Semua Penempatan,16/12/2024 00:00:00,187785.0,9052.0,0.0482,120.0,57.0,0.013300000000000001,0.0063,28629.49,135.0,58.0,35319038.0,18049100.0,3435539.0,10.28,5.25,2025-03-01,2025-03-31,monthly,31,False,379.53,261622.5,110823.84,4.355,tether,8ce895c4970697fcd329ae46633af278,INKANO_Monthly_Ads_-_SHOPEE.csv
"InKano Ravine - Sleveless dress wanita ironless crinkle fabric, midi inner dress wanita",Berjalan,Iklan Produk,25532425535,GMV Max ROAS,Semua Penempatan,24/06/2024 00:00:00,146312.0,6370.0,0.0435,112.0,75.0,0.0176,0.0118,19213.23,114.0,76.0,21260600.0,13780400.0,2151882.0,9.88,6.4,2025-03-01,2025-03-31,monthly,31,False,337.82,186496.49,69415.55,3.677,ravine,00b8977b4feba17b78f2712e50c39b1b,INKANO_Monthly_Ads_-_SHOPEE.csv
"InKano - Oak - Rok midi dengan pinggang karet dan drawstring bahan katun warna ivory, coklat [7]",Berjalan,Iklan Produk,12963277331,GMV Max ROAS,Semua Penempatan,09/06/2024 00:00:00,144391.0,8642.0,0.0599,83.0,55.0,0.0096,0.0064,21341.34,89.0,58.0,16830750.0,10382000.0,1771331.0,9.5,5.86,2025-03-01,2025-03-31,monthly,31,False,204.97,189109.55,57139.71,2.871,oak,31d398d105b2cd83742f71ff7957989d,INKANO_Monthly_Ads_-_SHOPEE.csv
InKano Briette - Crop top wanita crop top outerwear wanita dengan details tali ikat [4],Berjalan,Iklan Produk,25575584031,GMV Max ROAS,Semua Penempatan,08/06/2024 00:00:00,134812.0,8380.0,0.0622,17.0,4.0,0.002,0.0005,15660.96,17.0,4.0,3814800.0,728100.0,266236.0,14.33,2.73,2025-03-01,2025-03-31,monthly,31,False,31.77,224400.0,8588.26,0.548,briette,9378031aa871fa699844062e25d500ca,INKANO_Monthly_Ads_-_SHOPEE.csv
InKano - Lyn - Atasan wanita tanpa lengan sleveless top wanita dengan bahan ironless dan flowy dan details drape di pundak,Berjalan,Iklan Produk,28753233081,GMV Max ROAS,Semua Penempatan,24/06/2024 00:00:00,130859.0,4813.0,0.0368,56.0,37.0,0.0116,0.0077,15462.2,56.0,37.0,9482000.0,6185400.0,865883.0,10.95,7.14,2025-03-01,2025-03-31,monthly,31,False,179.91,169321.43,27931.71,1.806,lyn,0fcbe47101112e4965190dc14e4ac16a,INKANO_Monthly_Ads_-_SHOPEE.csv
InKano Basic Tee - Kaos wanita full katun atasan wanita basic lengan pendek,Berjalan,Iklan Produk,26514706880,GMV Max ROAS,Semua Penempatan,22/10/2024 00:00:00,121937.0,5800.0,0.047599999999999996,137.0,100.0,0.0236,0.0172,15251.05,184.0,143.0,21323050.0,14157000.0,2089394.0,10.21,6.78,2025-03-01,2025-03-31,monthly,31,False,360.24,115886.14,67399.81,5.935,kaos,04ed541bdfc67d101fc8734bdfe2e485,INKANO_Monthly_Ads_-_SHOPEE.csv
"InKano Paige - Kemeja rayon wanita full kancing warna putih, coklat muda, hitam, olive, hijau sage, biru tua, biru muda [4]",Berjalan,Iklan Produk,4216455466,GMV Max ROAS,Semua Penempatan,08/06/2024 00:00:00,117239.0,4164.0,0.0355,74.0,36.0,0.0178,0.0086,18251.76,83.0,42.0,13454970.0,6582600.0,1350630.0,9.96,4.87,2025-03-01,2025-03-31,monthly,31,False,324.36,162108.07,43568.71,2.677,paige,92e9c2bd823bbdc407c5144f110c4a36,INKANO_Monthly_Ads_-_SHOPEE.csv
"InKano - Meadow - Cardigan rajut wanita bahan full katun, knit cardigan wanita",Berjalan,Iklan Produk,26670732939,GMV Max ROAS,Semua Penempatan,16/12/2024 00:00:00,108356.0,5626.0,0.0519,48.0,18.0,0.0085,0.0032,24412.19,48.0,18.0,16538400.0,7002000.0,1171785.0,14.11,5.98,2025-03-01,2025-03-31,monthly,31,False,208.28,344550.0,37799.52,1.548,meadow,2bcc40f8ee47b02b7d7c61a56b0b2c59,INKANO_Monthly_Ads_-_SHOPEE.csv
"InKano Fig Skirt - Rok wanita structured flare skirt warna offwhite, coksu, hitam [7]",Berjalan,Iklan Produk,22444569998,GMV Max ROAS,Semua Penempatan,08/06/2024 00:00:00,104872.0,4470.0,0.0426,70.0,31.0,0.015700000000000002,0.0069,20738.41,77.0,31.0,17309350.0,8153200.0,1451689.0,11.92,5.62,2025-03-01,2025-03-31,monthly,31,False,324.76,224796.75,46828.68,2.484,fig,37e0f23bd9572cf3e83db8846416d16c,INKANO_Monthly_Ads_-_SHOPEE.csv
InKano Spire Plum - Dress wanita sleeveless dengan details rok balon,Berjalan,Iklan Produk,25640328984,GMV Max ROAS,Semua Penempatan,11/01/2025 00:00:00,99432.0,3728.0,0.0375,70.0,30.0,0.018799999999999997,0.008,28850.62,75.0,31.0,20669100.0,9317100.0,2019543.0,10.23,4.61,2025-03-01,2025-03-31,monthly,31,False,541.72,275588.0,65146.55,2.419,spire,c1cce8498d948c962e403cca265e7e3c,INKANO_Monthly_Ads_-_SHOPEE.csv
InKano - Thyme - Atasan rajut wanita dengan floral details untuk layering,Berjalan,Iklan Produk,25339467342,GMV Max ROAS,Semua Penempatan,16/12/2024 00:00:00,99241.0,5037.0,0.0508,61.0,19.0,0.0121,0.0038,22807.12,62.0,19.0,16919650.0,6821000.0,1391234.0,12.16,4.9,2025-03-01,2025-03-31,monthly,31,False,276.2,272897.58,44878.52,2.0,thyme,2f4f555eea75debabff2a5cc2f74fa78,INKANO_Monthly_Ads_-_SHOPEE.csv
InKano Cascade - Everyday sleeveless top wanita atasan wanita sleevelss bahan parasut,Berjalan,Iklan Produk,29802573288,GMV Max ROAS,Semua Penempatan,13/06/2024 00:00:00,98978.0,5717.0,0.057800000000000004,43.0,20.0,0.0075,0.0034999999999999996,16581.56,47.0,22.0,8200900.0,3278000.0,713007.0,11.5,4.6,2025-03-01,2025-03-31,monthly,31,False,124.72,174487.23,23000.23,1.516,cascade,b3e614c3328abe02a0c6237f69149f6c,INKANO_Monthly_Ads_-_SHOPEE.csv
InKano Caise Skirt - Rok midi wanita straight midi slim skirt warna abu dan hitam [4],Berjalan,Iklan Produk,22959279323,GMV Max ROAS,Semua Penempatan,09/06/2024 00:00:00,91801.0,4651.0,0.0507,44.0,29.0,0.0095,0.0062,17771.87,49.0,34.0,8454400.0,5342400.0,781962.0,10.81,6.83,2025-03-01,2025-03-31,monthly,31,False,168.13,172538.78,25224.58,1.581,caise,5e49ee90963dea871f6ba6bacfd2f3d3,INKANO_Monthly_Ads_-_SHOPEE.csv
"InKano - Ridge - Sleeveless maxi dress terbaru dengan style korea dan bahan rayon premium warna hitam, dusty lilac ungu muda, pink shades [4]",Berjalan,Iklan Produk,10979039292,GMV Max ROAS,Semua Penempatan,10/07/2024 00:00:00,86497.0,2990.0,0.0346,65.0,40.0,0.0217,0.0134,21419.44,65.0,40.0,15627300.0,9960000.0,1392264.0,11.22,7.15,2025-03-01,2025-03-31,monthly,31,False,465.64,240420.0,44911.74,2.097,ridge,2a264f20c7eb7bab6a1490c09d895850,INKANO_Monthly_Ads_-_SHOPEE.csv
"InKano Slate Skirt - Rok wanita plisket dengan pinggang karet warna coklat, abu, dan hitam black [4]",Berjalan,Iklan Produk,23772418038,GMV Max ROAS,Semua Penempatan,08/06/2024 00:00:00,75952.0,3876.0,0.051,41.0,19.0,0.0106,0.0049,27340.51,42.0,20.0,10991200.0,5380000.0,1120961.0,9.81,4.8,2025-03-01,2025-03-31,monthly,31,False,289.21,261695.24,36160.03,1.355,slate,0aaeb5be6e376b99526f9d2ca85c0380,INKANO_Monthly_Ads_-_SHOPEE.csv
InKano - Tessera - Kemeja rajut lengan panjang dengan details tekstur untuk atasan maupun outerwear,Berjalan,Iklan Produk,27612634424,GMV Max ROAS,Semua Penempatan,02/10/2024 00:00:00,69611.0,3244.0,0.0466,13.0,2.0,0.004,0.0006,24856.04,13.0,2.0,3323100.0,718000.0,323129.0,10.28,2.22,2025-03-01,2025-03-31,monthly,31,False,99.61,255623.08,10423.52,0.419,tessera,285b0cbb5f41e0aebb0e0f590c90dcf6,INKANO_Monthly_Ads_-_SHOPEE.csv
InKano Ripple - Rok plisket wanita flowy pinggang karet [2],Berjalan,Iklan Produk,25439467291,GMV Max ROAS,Semua Penempatan,16/12/2024 00:00:00,68323.0,3242.0,0.0475,55.0,19.0,0.017,0.0059,26579.45,55.0,19.0,15605600.0,7053100.0,1461870.0,10.68,4.82,2025-03-01,2025-03-31,monthly,31,False,450.92,283738.18,47157.1,1.774,ripple,f4f941a917080c9c239b192c160886d8,INKANO_Monthly_Ads_-_SHOPEE.csv
"InKano - Sparrow - Sleeveless maxi dress dengan texture plisket berfuring warna putih gading, abu muda, pink, coklat [4]",Berjalan,Iklan Produk,8150225187,GMV Max ROAS,Semua Penempatan,10/07/2024 00:00:00,57775.0,2510.0,0.0434,33.0,23.0,0.0131,0.0092,24483.42,33.0,23.0,7607100.0,5353500.0,807953.0,9.42,6.63,2025-03-01,2025-03-31,monthly,31,False,321.89,230518.18,26063.0,1.065,sparrow,b5a4b896553adbf07653a339f57e10f4,INKANO_Monthly_Ads_-_SHOPEE.csv
InKano Plume Sol - Sleeveless dress wanita dengan details texture fabric and tier silouette,Berjalan,Iklan Produk,28074783892,GMV Max ROAS,Semua Penempatan,30/01/2025 00:00:00,56582.0,2438.0,0.0431,39.0,11.0,0.016,0.0045000000000000005,29239.1,41.0,11.0,10791900.0,2769000.0,1140325.0,9.46,2.43,2025-03-01,2025-03-31,monthly,31,False,467.73,263217.07,36784.68,1.323,plume,c9f01a8b7549464c42d7cefd077f14d0,INKANO_Monthly_Ads_-_SHOPEE.csv
InKano Amary - Sleeveless dress wanita dengan details rok plisket,Berjalan,Iklan Produk,29075945430,GMV Max ROAS,Semua Penempatan,15/02/2025 00:00:00,55858.0,2423.0,0.0434,43.0,18.0,0.0177,0.0074,27825.56,43.0,18.0,13223100.0,7132000.0,1196499.0,11.05,5.96,2025-03-01,2025-03-31,monthly,31,False,493.81,307513.95,38596.74,1.387,amary,8631f7e514402b184100408c8c272265,INKANO_Monthly_Ads_-_SHOPEE.csv
InKano Skylet - Sleeveless dress wanita minimalist maxi dress wanita dengan details crinkle texture dan straight cut,Berjalan,Iklan Produk,27176054532,GMV Max ROAS,Semua Penempatan,15/02/2025 00:00:00,54438.0,2504.0,0.046,41.0,17.0,0.016399999999999998,0.0068000000000000005,21822.41,43.0,18.0,9670400.0,4072000.0,894719.0,10.81,4.55,2025-03-01,2025-03-31,monthly,31,False,357.32,224893.02,28861.9,1.387,skylet,d31dc3d65fcf7e563515c8fe3368f7f7,INKANO_Monthly_Ads_-_SHOPEE.csv
InKano Fall Trousers - Celana panjang wanita full karet kulow wanita dengan teksur garis warna putih bw abu dan hitam [4],Berjalan,Iklan Produk,21695149050,GMV Max ROAS,Semua Penempatan,10/07/2024 00:00:00,46336.0,2584.0,0.0558,40.0,16.0,0.0155,0.0062,18787.38,43.0,17.0,7815450.0,3118500.0,751495.0,10.4,4.15,2025-03-01,2025-03-31,monthly,31,False,290.83,181754.65,24241.77,1.387,fall,feb1c47a5247bb82e9bfa53250f447e4,INKANO_Monthly_Ads_-_SHOPEE.csv
InKano - Glint Skirt - Rok wanita semi formal dengan pinggang karet elastis warna abu [4],Berjalan,Iklan Produk,21358379617,GMV Max ROAS,Semua Penempatan,11/06/2024 00:00:00,44272.0,2067.0,0.0467,26.0,11.0,0.0126,0.0053,22886.35,27.0,12.0,5589650.0,2249100.0,595045.0,9.39,3.78,2025-03-01,2025-03-31,monthly,31,False,287.88,207024.07,19195.0,0.871,glint,6fe9c11acfcb7b6727a638b02bd942ca,INKANO_Monthly_Ads_-_SHOPEE.csv
"InKano Waves - Midi dress bahan katun warna Putih (berfuring), Beige, Biru tua, Coklat tua, Hitam [5]",Berjalan,Iklan Produk,3537453641,GMV Max ROAS,Semua Penempatan,19/03/2025 00:00:00,37043.0,818.0,0.022099999999999998,16.0,13.0,0.0196,0.0159,23055.82,16.0,13.0,3394000.0,2647000.0,368893.0,9.2,7.18,2025-03-01,2025-03-31,monthly,31,False,450.97,212125.0,11899.77,0.516,waves,bb6adf0501369da8d7ecbc3b23530ac0,INKANO_Monthly_Ads_-_SHOPEE.csv
"InKano - Float - 2 ways blouse wanita sleeveless bahan crinkle reversible square and v neck warna coklat,biru abu,biru tua muda [5]",Berjalan,Iklan Produk,18804681664,GMV Max ROAS,Semua Penempatan,09/06/2024 00:00:00,36202.0,1344.0,0.0371,37.0,25.0,0.0275,0.018600000000000002,15647.33,43.0,29.0,6321850.0,3741000.0,578951.0,10.92,6.46,2025-03-01,2025-03-31,monthly,31,False,430.77,147019.77,18675.84,1.387,float,d6f0bd6a8a3aa365b05eb29bea507fe2,INKANO_Monthly_Ads_-_SHOPEE.csv
"InKano Dales Cargo Pants - Cargo pants wanita celana panjang cargo wanita pinggang full karet warna beige, light grey, khaki [2]",Berjalan,Iklan Produk,25506769709,GMV Max ROAS,Semua Penempatan,17/06/2024 00:00:00,36195.0,1081.0,0.029900000000000003,21.0,16.0,0.0194,0.0148,29588.95,22.0,17.0,6472740.0,5593000.0,621368.0,10.42,9.0,2025-03-01,2025-03-31,monthly,31,False,574.81,294215.45,20044.13,0.71,dales,c7f746341c3e21bb9f55b8d3ece0fa02,INKANO_Monthly_Ads_-_SHOPEE.csv
InKano Fray - Celana wanita high waist relaxed fit,Berjalan,Iklan Produk,24991420380,GMV Max ROAS,Semua Penempatan,15/02/2025 00:00:00,24728.0,1663.0,0.0673,13.0,9.0,0.0078000000000000005,0.0054,8672.27,13.0,9.0,2567000.0,1761000.0,112740.0,22.77,15.62,2025-03-01,2025-03-31,monthly,31,False,67.79,197461.54,3636.77,0.419,fray,aa1f858353eb0399fef1facab4e85a3b,INKANO_Monthly_Ads_-_SHOPEE.csv
InKano Alpine - Celana denim wanita relaxed fit dengan elastic di bagian belakang,Berjalan,Iklan Produk,29777681282,GMV Max ROAS,Semua Penempatan,01/03/2025 00:00:00,15129.0,352.0,0.0233,7.0,4.0,0.0199,0.011399999999999999,53052.17,7.0,4.0,2095300.0,1436000.0,371365.0,5.64,3.87,2025-03-01,2025-03-31,monthly,31,False,1055.01,299328.57,11979.52,0.226,alpine,8d48ca5baedfbb9d10fc9569878d4da2,INKANO_Monthly_Ads_-_SHOPEE.csv
"InKano Hannover - Midi dress katun lengan panjang warna biru navy, beige [4]",Dijeda,Iklan Produk,5416468594,GMV Max ROAS,Semua Penempatan,16/08/2024 00:00:00,1503178.0,73284.0,0.048799999999999996,362.0,175.0,0.0049,0.0024,23491.78,369.0,180.0,87987500.0,44336300.0,8504025.0,10.35,5.21,2025-03-01,2025-03-31,monthly,31,False,116.04,238448.51,274323.39,11.903,hannover,a151679db3ac055decdcad34f4dc79d9,INKANO_Monthly_Ads_-_SHOPEE.csv
InKano Haslet - Dress wanita lengan panjang dengan bahan rayon dan details drape dan full kancing,Dijeda,Iklan Produk,26175928414,GMV Max ROAS,Semua Penempatan,15/02/2025 00:00:00,405988.0,22945.0,0.0565,140.0,74.0,0.0060999999999999995,0.0032,25366.56,143.0,75.0,37549170.0,22365200.0,3551318.0,10.57,6.3,2025-03-01,2025-03-31,monthly,31,False,154.78,262581.61,114558.65,4.613,haslet,7f78fd0d9782a01eaa9f40905eff3467,INKANO_Monthly_Ads_-_SHOPEE.csv
InKano - Clover - Atasan rayon wanita lengan panjang dengan details kerut [2],Dijeda,Iklan Produk,29768478436,GMV Max ROAS,Semua Penempatan,05/03/2025 00:00:00,307771.0,18140.0,0.058899999999999994,99.0,68.0,0.0055000000000000005,0.0037,16455.27,101.0,69.0,15898350.0,9328800.0,1629072.0,9.76,5.73,2025-03-01,2025-03-31,monthly,31,False,89.81,157409.41,52550.71,3.258,clover,6307dc51dbc052184839dc9c638f7d60,INKANO_Monthly_Ads_-_SHOPEE.csv
Kano - Maize Top,Dijeda,Iklan Produk,20677768090,GMV Max ROAS,Semua Penempatan,05/03/2025 00:00:00,259280.0,12854.0,0.0496,134.0,95.0,0.0104,0.0074,12914.37,145.0,101.0,17274100.0,9544500.0,1730525.0,9.98,5.52,2025-03-01,2025-03-31,monthly,31,False,134.63,119131.72,55823.39,4.677,kano,602f5c4f2dfe6f19ac8dc2ebf3401eef,INKANO_Monthly_Ads_-_SHOPEE.csv
InKano - Rumme Top - atasan wanita linen blouse wanita longsleeves dengan details kerah drawstring [4],Dijeda,Iklan Produk,23289747436,GMV Max ROAS,Semua Penempatan,11/06/2024 00:00:00,221487.0,14922.0,0.0674,72.0,43.0,0.0048,0.0029,15512.69,72.0,43.0,14129000.0,8537100.0,1116914.0,12.65,7.64,2025-03-01,2025-03-31,monthly,31,False,74.85,196236.11,36029.48,2.323,rumme,60e53f816cd7d1439e276cb3cb97409a,INKANO_Monthly_Ads_-_SHOPEE.csv
InKano Lowen - Relaxed dress wanita A Line dengan details floral lace,Dijeda,Iklan Produk,28828164827,GMV Max ROAS,Semua Penempatan,04/03/2025 00:00:00,219893.0,12504.0,0.056900000000000006,54.0,23.0,0.0043,0.0018,28657.07,57.0,24.0,17378200.0,8761200.0,1547482.0,11.23,5.66,2025-03-01,2025-03-31,monthly,31,False,123.76,304880.7,49918.77,1.839,lowen,22b8b1b28184a5b13633baccaa660c45,INKANO_Monthly_Ads_-_SHOPEE.csv
InKano - Yard Dress [4],Dijeda,Iklan Produk,20677767504,GMV Max ROAS,Semua Penempatan,05/03/2025 00:00:00,216584.0,10672.0,0.0493,8.0,3.0,0.0007000000000000001,0.0003,46062.65,8.0,3.0,1977300.0,606100.0,368501.0,5.37,1.64,2025-03-01,2025-03-31,monthly,31,False,34.53,247162.5,11887.13,0.258,yard,58b0e18e1dfc0f27334289cfa3f7619e,INKANO_Monthly_Ads_-_SHOPEE.csv
InKano -Creek - Midi dress wanita katun full kancing depan busui friendly; outerwear korea style [7],Dijeda,Iklan Produk,10583260481,GMV Max ROAS,Semua Penempatan,05/03/2025 00:00:00,186953.0,11533.0,0.0617,85.0,43.0,0.0074,0.0037,18212.75,94.0,47.0,19559450.0,9738400.0,1548084.0,12.63,6.29,2025-03-01,2025-03-31,monthly,31,False,134.23,208079.26,49938.19,3.032,creek,9b75e330c11acbaddf6f4c2e5977db55,INKANO_Monthly_Ads_-_SHOPEE.csv
InKano - Verdure Skirt - Midi skirt rok wanita rajut with floral motif [6],Dijeda,Iklan Produk,18086976854,GMV Max ROAS,Semua Penempatan,05/03/2025 00:00:00,185770.0,12675.0,0.0682,30.0,11.0,0.0024,0.0009,20502.71,30.0,11.0,5055100.0,1644500.0,615081.0,8.22,2.67,2025-03-01,2025-03-31,monthly,31,False,48.53,168503.33,19841.32,0.968,verdure,2b6f9fe52560a86f5fd2aa28cd7cf544,INKANO_Monthly_Ads_-_SHOPEE.csv
InKano - Lile - Atasan wanita lengan panjang blouse wanita dengan tekstur garis [4],Dijeda,Iklan Produk,23461689690,GMV Max ROAS,Semua Penempatan,09/06/2024 00:00:00,144295.0,7762.0,0.0538,91.0,28.0,0.011699999999999999,0.0036,18347.12,96.0,28.0,19180200.0,5012000.0,1669588.0,11.49,3.0,2025-03-01,2025-03-31,monthly,31,False,215.1,199793.75,53857.68,3.097,lile,0089260cb2cb0b2653152d7a0d167664,INKANO_Monthly_Ads_-_SHOPEE.csv
"InKano - Hill - Celana panjang rayon wanita dengan kantong dan pinggang karet warna sand coklat susu, hitam, muted blush soft pink, dusty blue, space blue indigo, marsala brick, hijau olive [6]",Dijeda,Iklan Produk,4846833586,GMV Max ROAS,Semua Penempatan,08/02/2025 00:00:00,129809.0,5807.0,0.0447,110.0,67.0,0.0189,0.0115,22763.21,122.0,76.0,25803490.0,16512600.0,2503953.0,10.31,6.59,2025-03-01,2025-03-31,monthly,31,False,431.2,211504.02,80772.68,3.935,hill,65e37ec6cd8e838b7cc345543ab26837,INKANO_Monthly_Ads_-_SHOPEE.csv
"InKano - Coterie SET, TOP, SKIRT - Atasan wanita bahan kaos lengan panjang crop, rok pinggang karet bahan kaos [4]",Dijeda,Iklan Produk,23172479263,GMV Max ROAS,Semua Penempatan,05/03/2025 00:00:00,128973.0,5389.0,0.0418,75.0,33.0,0.0139,0.0060999999999999995,15985.15,87.0,44.0,10709750.0,4146400.0,1198886.0,8.93,3.46,2025-03-01,2025-03-31,monthly,31,False,222.47,123100.57,38673.74,2.806,coterie,bd72d5617f8fcc5a6d2d7223e57a42e1,INKANO_Monthly_Ads_-_SHOPEE.csv
InKano - Willow - Sleeveless dress satin wanita dengan details floral dress semi formal wanita untuk occasion [2],Dijeda,Iklan Produk,27970724615,GMV Max ROAS,Semua Penempatan,16/12/2024 00:00:00,124972.0,5520.0,0.044199999999999996,65.0,25.0,0.0118,0.0045000000000000005,28071.69,68.0,26.0,19555100.0,8823600.0,1824660.0,10.72,4.84,2025-03-01,2025-03-31,monthly,31,False,330.55,287575.0,58860.0,2.194,willow,479cc22d735d5a4959b166521884caa1,INKANO_Monthly_Ads_-_SHOPEE.csv
InKano Fressia - Sleeveless atasan wanita dengan details applikasi floral.,Dijeda,Iklan Produk,26778177709,GMV Max ROAS,Semua Penempatan,04/03/2025 00:00:00,122958.0,6336.0,0.051500000000000004,80.0,39.0,0.0126,0.0062,24422.43,85.0,40.0,18730050.0,9160000.0,1953794.0,9.59,4.69,2025-03-01,2025-03-31,monthly,31,False,308.36,220353.53,63025.61,2.742,fressia,e33cfafe6dd156d15e5c9854c5674da6,INKANO_Monthly_Ads_-_SHOPEE.csv
InKano Fiore - Floral midi dress wanita motif bunga lengan pendek dengan tali [4],Dijeda,Iklan Produk,25121106430,GMV Max ROAS,Semua Penempatan,30/11/2024 00:00:00,115522.0,7104.0,0.061500000000000006,23.0,8.0,0.0032,0.0011,24418.85,25.0,8.0,5917100.0,2442000.0,561633.0,10.54,4.35,2025-03-01,2025-03-31,monthly,31,False,79.06,236684.0,18117.19,0.806,fiore,88a55483ccac41227779cfa90b1d1d6a,INKANO_Monthly_Ads_-_SHOPEE.csv
InKano - Ditton Dress - Midi dress wanita dress rajut wanita dengan details dash [5],Dijeda,Iklan Produk,18595795888,GMV Max ROAS,Semua Penempatan,05/03/2025 00:00:00,114295.0,4667.0,0.0408,42.0,20.0,0.009000000000000001,0.0043,26593.52,44.0,21.0,10284370.0,6031200.0,1116928.0,9.21,5.4,2025-03-01,2025-03-31,monthly,31,False,239.32,233735.68,36029.94,1.419,ditton,816e670b35d0fcede0dd03564d10527c,INKANO_Monthly_Ads_-_SHOPEE.csv
InKano Fern - Rok wanita rok midi katun chinos dengan details ikat [3],Dijeda,Iklan Produk,27001676065,GMV Max ROAS,Semua Penempatan,11/06/2024 00:00:00,110972.0,5843.0,0.0527,36.0,14.0,0.0062,0.0024,24632.01,38.0,14.0,8402100.0,3243100.0,886752.0,9.48,3.66,2025-03-01,2025-03-31,monthly,31,False,151.76,221107.89,28604.9,1.226,fern,ca2efeb783e63fbb5ed5fb892c66c37d,INKANO_Monthly_Ads_-_SHOPEE.csv
"InKano - Pasture - Kemeja wanita blouse lengan panjang full kancing bahan rayon warna Black, Latte, Marsala [5]",Dijeda,Iklan Produk,14876963468,GMV Max ROAS,Semua Penempatan,06/11/2024 00:00:00,106373.0,4218.0,0.0397,58.0,34.0,0.0138,0.008100000000000001,24202.88,61.0,37.0,12013500.0,6925200.0,1403767.0,8.56,4.93,2025-03-01,2025-03-31,monthly,31,False,332.8,196942.62,45282.81,1.968,pasture,f1043f5025c5ef52b47895875277689f,INKANO_Monthly_Ads_-_SHOPEE.csv
InKano - Havelock Skirt - Structured midi skirt A line skirt wanita rok wanita korean style [4],Dijeda,Iklan Produk,24259333737,GMV Max ROAS,Semua Penempatan,30/07/2024 00:00:00,100430.0,4791.0,0.04769999999999999,52.0,21.0,0.0109,0.0044,23533.86,53.0,21.0,12606750.0,5439000.0,1223761.0,10.3,4.44,2025-03-01,2025-03-31,monthly,31,False,255.43,237863.21,39476.16,1.71,havelock,38fd3d170ab09d7e8c7beb34aa2a7ab9,INKANO_Monthly_Ads_-_SHOPEE.csv
"InKano - Marri Dress - Sleeveless knit dress with texture details and viscose fabric, dress rajut wanita tanpa lengan",Dijeda,Iklan Produk,26268479785,GMV Max ROAS,Semua Penempatan,25/11/2024 00:00:00,97080.0,3653.0,0.037599999999999995,59.0,20.0,0.016200000000000003,0.0055000000000000005,26479.53,60.0,20.0,18271600.0,7980000.0,1562292.0,11.7,5.11,2025-03-01,2025-03-31,monthly,31,False,427.67,304526.67,50396.52,1.935,marri,27ebe1ffd1e76fc85f53b3ec0b95b80e,INKANO_Monthly_Ads_-_SHOPEE.csv
InKano - Irie Dress [5],Dijeda,Iklan Produk,24869174958,GMV Max ROAS,Semua Penempatan,05/03/2025 00:00:00,95039.0,4601.0,0.0484,61.0,29.0,0.013300000000000001,0.0063,16265.67,64.0,31.0,9459320.0,4133600.0,992206.0,9.53,4.17,2025-03-01,2025-03-31,monthly,31,False,215.65,147801.88,32006.65,2.065,irie,ab3e88986e6f18395e3dbf9da15f4e7d,INKANO_Monthly_Ads_-_SHOPEE.csv
InKano Vine - Kemeja wanita stripes bahan full katun,Dijeda,Iklan Produk,27774742340,GMV Max ROAS,Semua Penempatan,30/01/2025 00:00:00,93832.0,3554.0,0.0379,65.0,41.0,0.0183,0.0115,24051.77,65.0,41.0,14799950.0,9780700.0,1563365.0,9.47,6.26,2025-03-01,2025-03-31,monthly,31,False,439.89,227691.54,50431.13,2.097,vine,769ab70b8536d6d7fb5f522d9b0560e3,INKANO_Monthly_Ads_-_SHOPEE.csv
InKano Hearth - Minimalist sleeveless dress wanita dengan details drape dan natural tone,Dijeda,Iklan Produk,29128168295,GMV Max ROAS,Semua Penempatan,04/03/2025 00:00:00,91171.0,2707.0,0.0297,51.0,26.0,0.018799999999999997,0.0096,27130.56,51.0,26.0,12204200.0,6134000.0,1383659.0,8.82,4.43,2025-03-01,2025-03-31,monthly,31,False,511.14,239298.04,44634.16,1.645,hearth,8e374579b0c3af93929afc1106cb7d48,INKANO_Monthly_Ads_-_SHOPEE.csv
InKano - Papillon Cardi - Knit cardigan cropped and sheer with drawstring [5],Dijeda,Iklan Produk,18680559303,GMV Max ROAS,Semua Penempatan,05/03/2025 00:00:00,90538.0,4412.0,0.0487,39.0,27.0,0.0088,0.0060999999999999995,20732.76,42.0,29.0,7892250.0,5312800.0,808578.0,9.76,6.57,2025-03-01,2025-03-31,monthly,31,False,183.27,187910.71,26083.16,1.355,papillon,0b9b041a3a2f24874a1cde6e12cebb21,INKANO_Monthly_Ads_-_SHOPEE.csv
InKano - Frost - Atasan sleeveless wanita dengan details bordir,Dijeda,Iklan Produk,28370724858,GMV Max ROAS,Semua Penempatan,16/12/2024 00:00:00,90320.0,5067.0,0.056100000000000004,67.0,26.0,0.0132,0.0051,22773.31,76.0,32.0,14995200.0,6138000.0,1525812.0,9.83,4.02,2025-03-01,2025-03-31,monthly,31,False,301.13,197305.26,49219.74,2.452,frost,741ad8efb220971cd3f56af97cd77478,INKANO_Monthly_Ads_-_SHOPEE.csv
InKano - Luna - Kemeja wanita lengan panjang dengan bahan katun mix dan details kerut [2],Dijeda,Iklan Produk,27109341177,GMV Max ROAS,Semua Penempatan,05/03/2025 00:00:00,90096.0,5867.0,0.06509999999999999,13.0,7.0,0.0022,0.0012,22809.98,15.0,9.0,2762000.0,1603000.0,296530.0,9.31,5.41,2025-03-01,2025-03-31,monthly,31,False,50.54,184133.33,9565.48,0.484,luna,4a61ebdcd574b542037511b90fdb5565,INKANO_Monthly_Ads_-_SHOPEE.csv
InKano - Plenary Cardigan - Cardigan wanita rajut lengan panjang oversized bahan katun [4],Dijeda,Iklan Produk,19690344535,GMV Max ROAS,Semua Penempatan,26/10/2024 00:00:00,83642.0,2640.0,0.0316,48.0,22.0,0.0182,0.0083,34482.89,55.0,22.0,15820900.0,8558000.0,1655179.0,9.56,5.17,2025-03-01,2025-03-31,monthly,31,False,626.96,287652.73,53392.87,1.774,plenary,f77be40f0e2b47453253ba8569820a32,INKANO_Monthly_Ads_-_SHOPEE.csv
"InKano - Pane Jacket - jaket wanita tipis dengan serat kain bertekstur, kancing depan, dan kantong [4]",Dijeda,Iklan Produk,25450648574,GMV Max ROAS,Semua Penempatan,17/06/2024 00:00:00,82099.0,5283.0,0.0643,26.0,5.0,0.0049,0.0009,22859.69,28.0,5.0,6263300.0,1070000.0,594352.0,10.54,1.8,2025-03-01,2025-03-31,monthly,31,False,112.5,223689.29,19172.65,0.903,pane,425af0c5a358b7e04359ce896c684dfa,INKANO_Monthly_Ads_-_SHOPEE.csv
"InKano - Pome Skort - Skort wanita warna offwhite, taupe, dan black [5]",Dijeda,Iklan Produk,20192284890,GMV Max ROAS,Semua Penempatan,05/03/2025 00:00:00,78017.0,3803.0,0.0487,32.0,16.0,0.0084,0.0042,18292.89,34.0,16.0,5430170.0,1813320.0,585372.0,9.28,3.1,2025-03-01,2025-03-31,monthly,31,False,153.92,159710.88,18882.97,1.097,pome,d694a076c000b338cef0a343f222a48c,INKANO_Monthly_Ads_-_SHOPEE.csv
InKano - Rake - Atasan wanita basic bahan rajut katun everyday wear [6],Dijeda,Iklan Produk,23472418448,GMV Max ROAS,Semua Penempatan,01/10/2024 00:00:00,74741.0,3117.0,0.0417,53.0,25.0,0.017,0.008,21203.15,54.0,26.0,11215900.0,5577600.0,1123767.0,9.98,4.96,2025-03-01,2025-03-31,monthly,31,False,360.53,207701.85,36250.55,1.742,rake,ea87fa8ebbb195846f3269b3d31bd70e,INKANO_Monthly_Ads_-_SHOPEE.csv
InKano - Shade - Kemeja wanita full katun lengan panjang [2],Dijeda,Iklan Produk,24735334355,GMV Max ROAS,Semua Penempatan,05/03/2025 00:00:00,72546.0,3466.0,0.0478,27.0,19.0,0.0078000000000000005,0.0055000000000000005,20198.35,27.0,19.0,5177900.0,3512800.0,545356.0,9.49,6.44,2025-03-01,2025-03-31,monthly,31,False,157.34,191774.07,17592.13,0.871,shade,3f36ff055049602b5994d05754f06145,INKANO_Monthly_Ads_-_SHOPEE.csv
"InKano - Grain - Knit maxi dress v neck dress rajut wanita panjang warna hijau sage, dusty pink, coklat [5]",Dijeda,Iklan Produk,16032806043,GMV Max ROAS,Semua Penempatan,05/03/2025 00:00:00,70353.0,3429.0,0.0487,40.0,20.0,0.011699999999999999,0.0058,17276.77,40.0,20.0,7613400.0,2890000.0,691071.0,11.02,4.18,2025-03-01,2025-03-31,monthly,31,False,201.54,190335.0,22292.61,1.29,grain,646a57ee6577249bd6e848c3233b22bc,INKANO_Monthly_Ads_-_SHOPEE.csv
InKano - Sou Skirt [5],Dijeda,Iklan Produk,24269180538,GMV Max ROAS,Semua Penempatan,05/03/2025 00:00:00,67550.0,3069.0,0.0454,32.0,15.0,0.0104,0.0049,24424.17,33.0,15.0,7005050.0,3695250.0,781573.0,8.96,4.73,2025-03-01,2025-03-31,monthly,31,False,254.67,212274.24,25212.03,1.065,sou,4471c9430fbed214a1c0324061285989,INKANO_Monthly_Ads_-_SHOPEE.csv
InKano Bryony - Shirtdress wanita lengan panjang dengan bahan rayon premium dan full kancing depan.,Dijeda,Iklan Produk,27478179093,GMV Max ROAS,Semua Penempatan,04/03/2025 00:00:00,66335.0,3482.0,0.0525,36.0,14.0,0.0103,0.004,23749.96,37.0,14.0,8139400.0,3766000.0,854999.0,9.52,4.4,2025-03-01,2025-03-31,monthly,31,False,245.55,219983.78,27580.61,1.194,bryony,d6dcebc1a6118afe72f182e8b299354d,INKANO_Monthly_Ads_-_SHOPEE.csv
"InKano - Marsh - Outerwear wanita katun blazer semi formal dengan kantong warna abu, hijau sage, coklat [4]",Dijeda,Iklan Produk,10480285092,GMV Max ROAS,Semua Penempatan,05/03/2025 00:00:00,64602.0,3763.0,0.0582,25.0,9.0,0.0066,0.0024,16550.49,25.0,9.0,4608200.0,1165500.0,413762.0,11.14,2.82,2025-03-01,2025-03-31,monthly,31,False,109.96,184328.0,13347.16,0.806,marsh,1872b81f21ed1baf3e0ccfbf7d67167f,INKANO_Monthly_Ads_-_SHOPEE.csv
InKano - Hemlock - Kemeja wanita oversized lengan panjang bahan rayon [2],Dijeda,Iklan Produk,28359337290,GMV Max ROAS,Semua Penempatan,05/03/2025 00:00:00,64168.0,2204.0,0.034300000000000004,34.0,23.0,0.0154,0.0104,20747.0,35.0,24.0,5340600.0,3303400.0,705398.0,7.57,4.68,2025-03-01,2025-03-31,monthly,31,False,320.05,152588.57,22754.77,1.129,hemlock,9d7b19303be15dc9fc1c2b7d29995a6f,INKANO_Monthly_Ads_-_SHOPEE.csv
InKano - Fawn - Sleeveless dress wanita midi dress wanita katun [4],Dijeda,Iklan Produk,28151670796,GMV Max ROAS,Semua Penempatan,05/03/2025 00:00:00,62505.0,2607.0,0.0417,28.0,11.0,0.010700000000000001,0.0042,18975.87,28.0,11.0,5461400.0,1756300.0,531324.0,10.28,3.31,2025-03-01,2025-03-31,monthly,31,False,203.81,195050.0,17139.48,0.903,fawn,4a440df12c915c387523cbf26563c29d,INKANO_Monthly_Ads_-_SHOPEE.csv
InKano - Twine Dress - Oversized midi dress wanita full kancing everyday dress [4],Dijeda,Iklan Produk,24402023278,GMV Max ROAS,Semua Penempatan,11/06/2024 00:00:00,62453.0,3941.0,0.06309999999999999,9.0,7.0,0.0023,0.0018,13978.55,9.0,7.0,2156400.0,1618400.0,125807.0,17.14,12.86,2025-03-01,2025-03-31,monthly,31,False,31.92,239600.0,4058.29,0.29,twine,8e08055e141e02dfbeba64721b3084b5,INKANO_Monthly_Ads_-_SHOPEE.csv
"InKano - Sycamore - Casual knit top in v neck with details hemming, atasan rajut wanita dengan details motif hemming",Dijeda,Iklan Produk,24838657386,GMV Max ROAS,Semua Penempatan,25/11/2024 00:00:00,61672.0,2656.0,0.0431,37.0,14.0,0.0139,0.0053,25053.32,41.0,17.0,9680650.0,4743000.0,926973.0,10.44,5.12,2025-03-01,2025-03-31,monthly,31,False,349.01,236113.41,29902.35,1.323,sycamore,a8a8c3395db3790bdde56601b2c08aa7,INKANO_Monthly_Ads_-_SHOPEE.csv
InKano Twain - Outerwear wanita dengan details ikat dan abstract texture,Dijeda,Iklan Produk,24592150275,GMV Max ROAS,Semua Penempatan,04/03/2025 00:00:00,59588.0,2023.0,0.0339,24.0,9.0,0.011899999999999999,0.0044,28650.54,25.0,10.0,6298900.0,2810000.0,687613.0,9.16,4.09,2025-03-01,2025-03-31,monthly,31,False,339.9,251956.0,22181.06,0.806,twain,210e8634f76e4c72732e6e4fa50aab0b,INKANO_Monthly_Ads_-_SHOPEE.csv
"InKano - Still - Outerwear wanita bahan crinkle semi blazer lengan panjang dengan kancing depan warna coksu beige, dusty pink mauve dan smoke blue biru abu [7]",Dijeda,Iklan Produk,15161803419,GMV Max ROAS,Semua Penempatan,05/03/2025 00:00:00,57564.0,3732.0,0.06480000000000001,37.0,28.0,0.009899999999999999,0.0075,5749.77,38.0,29.0,4089800.0,2656400.0,212742.0,19.22,12.49,2025-03-01,2025-03-31,monthly,31,False,57.0,107626.32,6862.65,1.226,still,b19d1238502736130001c58b9e771df6,INKANO_Monthly_Ads_-_SHOPEE.csv
"InKano - Proteus - Midi dress katun lengan pendek warna beige, merah bata, hitam, Biru Navy [4]",Dijeda,Iklan Produk,7078029495,GMV Max ROAS,Semua Penempatan,05/03/2025 00:00:00,57106.0,3021.0,0.0529,27.0,12.0,0.0089,0.004,22253.25,29.0,12.0,5046650.0,1842600.0,600838.0,8.4,3.07,2025-03-01,2025-03-31,monthly,31,False,198.89,174022.41,19381.87,0.935,proteus,42d0d37d39961d82f42c5e7e67c00589,INKANO_Monthly_Ads_-_SHOPEE.csv
"InKano - Volca Top - Washed denim knit top, atasan wanita daily blouse rajut wanita [6]",Dijeda,Iklan Produk,25821140182,GMV Max ROAS,Semua Penempatan,05/03/2025 00:00:00,55752.0,2095.0,0.037599999999999995,35.0,19.0,0.0167,0.0091,19805.66,35.0,19.0,6835550.0,4310150.0,693198.0,9.86,6.22,2025-03-01,2025-03-31,monthly,31,False,330.88,195301.43,22361.23,1.129,volca,3bfd7320b7a107ecdf23cb7ba517bfc0,INKANO_Monthly_Ads_-_SHOPEE.csv
InKano Cedar - Sleeveless dress wanita dengan bahan crepe dan details pinggang,Dijeda,Iklan Produk,28028179741,GMV Max ROAS,Semua Penempatan,04/03/2025 00:00:00,52424.0,1914.0,0.0365,33.0,17.0,0.0172,0.0089,25710.39,33.0,17.0,7585950.0,3813000.0,848443.0,8.94,4.49,2025-03-01,2025-03-31,monthly,31,False,443.28,229877.27,27369.13,1.065,cedar,19c4c7ad623481a34819c0783efe8458,INKANO_Monthly_Ads_-_SHOPEE.csv
InKano - Spring Outer [5],Dijeda,Iklan Produk,25166947712,GMV Max ROAS,Semua Penempatan,05/03/2025 00:00:00,51971.0,2147.0,0.041299999999999996,22.0,10.0,0.0102,0.004699999999999999,21517.52,23.0,10.0,4489650.0,1719550.0,473385.0,9.48,3.63,2025-03-01,2025-03-31,monthly,31,False,220.49,195202.17,15270.48,0.742,spring,4bfc6d4da98ff38e91e5b9c8ef106c52,INKANO_Monthly_Ads_-_SHOPEE.csv
InKano - Ollie - Knit vest wanita outerwear sweater rajut wanita [5],Dijeda,Iklan Produk,25725582937,GMV Max ROAS,Semua Penempatan,05/03/2025 00:00:00,49354.0,1923.0,0.039,34.0,10.0,0.0177,0.0052,19150.53,36.0,10.0,6525980.0,1445000.0,651118.0,10.02,2.22,2025-03-01,2025-03-31,monthly,31,False,338.59,181277.22,21003.81,1.161,ollie,830a90ed6ee9b6258e307520bc887e88,INKANO_Monthly_Ads_-_SHOPEE.csv
InKano - Valley - Kemeja rayon wanita lengan pendek untuk kantor dan casual [2],Dijeda,Iklan Produk,25236554077,GMV Max ROAS,Semua Penempatan,05/03/2025 00:00:00,45327.0,2170.0,0.0479,30.0,19.0,0.0138,0.0088,16057.99,31.0,20.0,4648100.0,2535000.0,481740.0,9.65,5.26,2025-03-01,2025-03-31,monthly,31,False,222.0,149938.71,15540.0,1.0,valley,37593b917f5598e42d747bac0c95e2cb,INKANO_Monthly_Ads_-_SHOPEE.csv
InKano Trelis - Atasan rajut wanita stripes oversized,Dijeda,Iklan Produk,26626044035,GMV Max ROAS,Semua Penempatan,15/02/2025 00:00:00,45010.0,1776.0,0.0395,13.0,7.0,0.0073,0.0039000000000000003,26509.19,13.0,7.0,3896700.0,2303000.0,344619.0,11.31,6.68,2025-03-01,2025-03-31,monthly,31,False,194.04,299746.15,11116.74,0.419,trelis,5e299c594b489e18aeff60ae6ccda778,INKANO_Monthly_Ads_-_SHOPEE.csv
InKano - Maxie Shirt [5],Dijeda,Iklan Produk,24866947259,GMV Max ROAS,Semua Penempatan,05/03/2025 00:00:00,44903.0,2146.0,0.0478,24.0,9.0,0.011200000000000002,0.0042,18387.6,25.0,9.0,3887690.0,1030500.0,441302.0,8.81,2.34,2025-03-01,2025-03-31,monthly,31,False,205.64,155507.6,14235.55,0.806,maxie,7c9dc71959a37de302622d642b7e7f98,INKANO_Monthly_Ads_-_SHOPEE.csv
InKano - Margot Dress [5],Dijeda,Iklan Produk,24569179034,GMV Max ROAS,Semua Penempatan,05/03/2025 00:00:00,43091.0,1264.0,0.029300000000000003,22.0,2.0,0.0174,0.0016,31073.64,22.0,2.0,6126300.0,510400.0,683620.0,8.96,0.75,2025-03-01,2025-03-31,monthly,31,False,540.84,278468.18,22052.26,0.71,margot,a9d56a40af849d670821728b942a1db9,INKANO_Monthly_Ads_-_SHOPEE.csv
InKano - Serene Skirt - Rok wanita basic polos pinggang karet bahan crinkle full furing [4],Dijeda,Iklan Produk,22409966419,GMV Max ROAS,Semua Penempatan,05/03/2025 00:00:00,42036.0,2006.0,0.04769999999999999,28.0,12.0,0.013999999999999999,0.006,16016.38,28.0,12.0,3965950.0,1134000.0,448459.0,8.84,2.53,2025-03-01,2025-03-31,monthly,31,False,223.56,141641.07,14466.42,0.903,serene,ef867e564e0cfc2abe2564c5194f8864,INKANO_Monthly_Ads_-_SHOPEE.csv
InKano - Marri Top - Atasan rajut wanita knit top wanita katun viscose [2],Dijeda,Iklan Produk,28503772825,GMV Max ROAS,Semua Penempatan,05/03/2025 00:00:00,41887.0,1635.0,0.039,12.0,7.0,0.0073,0.0043,27741.2,13.0,8.0,2670900.0,1721600.0,332894.0,8.02,5.17,2025-03-01,2025-03-31,monthly,31,False,203.6,205453.85,10738.52,0.419,marri,249931eac633f2ce032f6f0ecfb47504,INKANO_Monthly_Ads_-_SHOPEE.csv
"InKano - Two-Tone Petal - Atasan rajut wanita sleeveless dengan details two tone, hemming bunga, dan bahan viscose rajut yang lembut",Dijeda,Iklan Produk,28412764733,GMV Max ROAS,Semua Penempatan,02/10/2024 00:00:00,39513.0,1803.0,0.045599999999999995,18.0,4.0,0.01,0.0022,21698.25,19.0,4.0,4547100.0,971100.0,390569.0,11.64,2.49,2025-03-01,2025-03-31,monthly,31,False,216.62,239321.05,12599.0,0.613,two,0fa21d024035576e350a4cdec85d7047,INKANO_Monthly_Ads_-_SHOPEE.csv
"InKano - Volca Dress - Washed knitted dress, everyday sleeveless dress wanita bahan katun knit [5]",Dijeda,Iklan Produk,25471126885,GMV Max ROAS,Semua Penempatan,05/03/2025 00:00:00,39434.0,1548.0,0.0393,19.0,6.0,0.0123,0.0039000000000000003,21815.39,19.0,6.0,3967700.0,1517100.0,414492.0,9.57,3.66,2025-03-01,2025-03-31,monthly,31,False,267.76,208826.32,13370.71,0.613,volca,09a3831f2c712cc715e080dd875ee0b7,INKANO_Monthly_Ads_-_SHOPEE.csv
"Kano - Mantle - Blazer wanita ringan semi formal dengan kancing warna coksu beige, coklat tua wood, hitam black [4]",Dijeda,Iklan Produk,20038777879,GMV Max ROAS,Semua Penempatan,05/03/2025 00:00:00,39346.0,2509.0,0.0638,15.0,5.0,0.006,0.002,20050.67,16.0,5.0,3199250.0,747500.0,300760.0,10.64,2.49,2025-03-01,2025-03-31,monthly,31,False,119.87,199953.12,9701.94,0.516,kano,4b1d78ecf71a1a664eef37d75be4783f,INKANO_Monthly_Ads_-_SHOPEE.csv
"InKano - Mill Trousers - Celana cargo wanita korean style dengan kantong dan potongan relax warna offwhite, taupe beige, hitam black [6]",Dijeda,Iklan Produk,20581383524,GMV Max ROAS,Semua Penempatan,05/03/2025 00:00:00,38659.0,1556.0,0.04019999999999999,23.0,11.0,0.0148,0.0070999999999999995,18498.62,23.0,11.0,3598700.0,1295000.0,425468.0,8.46,3.04,2025-03-01,2025-03-31,monthly,31,False,273.44,156465.22,13724.77,0.742,mill,5ea409955f44e9abadbd2cdefff52676,INKANO_Monthly_Ads_-_SHOPEE.csv
InKano Skye - Outerwear wanita parasut oversized full kancing,Dijeda,Iklan Produk,29524783542,GMV Max ROAS,Semua Penempatan,30/01/2025 00:00:00,36850.0,2140.0,0.0581,11.0,9.0,0.0051,0.0042,6108.96,11.0,9.0,2639000.0,2241000.0,67199.0,39.27,33.35,2025-03-01,2025-03-31,monthly,31,False,31.4,239909.09,2167.71,0.355,skye,b628d5be0fe94f3ab3605de23cf5bee4,INKANO_Monthly_Ads_-_SHOPEE.csv
InKano Picton - Sleeveless top wanita blouse atasan wanita warna coklat hijau maroon black [6],Dijeda,Iklan Produk,24359356794,GMV Max ROAS,Semua Penempatan,08/06/2024 00:00:00,36755.0,2834.0,0.0771,2.0,1.0,0.0007000000000000001,0.0004,45316.91,2.0,1.0,388000.0,159000.0,90634.0,4.28,1.75,2025-03-01,2025-03-31,monthly,31,False,31.98,194000.0,2923.68,0.065,picton,8d65eb3a8fb5f74b355365087265f15a,INKANO_Monthly_Ads_-_SHOPEE.csv
InKano - Junie Outerwear - Kemeja outerwear wanita dengan details tali dan kain see-through [4],Dijeda,Iklan Produk,28850602656,GMV Max ROAS,Semua Penempatan,05/03/2025 00:00:00,36217.0,1499.0,0.0414,14.0,10.0,0.009300000000000001,0.0067,20845.49,15.0,11.0,2971600.0,2015200.0,291837.0,10.18,6.91,2025-03-01,2025-03-31,monthly,31,False,194.69,198106.67,9414.1,0.484,junie,605d2d6cad688702bd41c9c31c9f0066,INKANO_Monthly_Ads_-_SHOPEE.csv
InKano - Havelock Top - Atasan cropped rop wanita sleeveless crop blouse katun wanita [4],Dijeda,Iklan Produk,25509339092,GMV Max ROAS,Semua Penempatan,04/11/2024 00:00:00,31861.0,2241.0,0.0703,13.0,5.0,0.0058,0.0022,5474.61,13.0,5.0,2127000.0,795000.0,71170.0,29.89,11.17,2025-03-01,2025-03-31,monthly,31,False,31.76,163615.38,2295.81,0.419,havelock,0f5ca9a9dfbfbbbb7c776233011376b3,INKANO_Monthly_Ads_-_SHOPEE.csv
"InKano - Raven - Basic dress polos bahan crinkle lengan pendek daily warna hijau sage, dusty pink, coklat [4]",Dijeda,Iklan Produk,13877892079,GMV Max ROAS,Semua Penempatan,05/03/2025 00:00:00,31204.0,1575.0,0.050499999999999996,17.0,6.0,0.0108,0.0038,14149.05,20.0,7.0,2815800.0,774900.0,240534.0,11.71,3.22,2025-03-01,2025-03-31,monthly,31,False,152.72,140790.0,7759.16,0.645,raven,69f31bfe1ea85a14eb89ce718c7ca87b,INKANO_Monthly_Ads_-_SHOPEE.csv
InKano Ivy - Atasan wanita dengan pattern floral dan details texture di kain.,Dijeda,Iklan Produk,25291346249,GMV Max ROAS,Semua Penempatan,15/02/2025 00:00:00,30977.0,1392.0,0.0449,6.0,2.0,0.0043,0.0014000000000000002,30704.94,6.0,2.0,1474500.0,498000.0,184230.0,8.0,2.7,2025-03-01,2025-03-31,monthly,31,False,132.35,245750.0,5942.9,0.194,ivy,e953aebf1bf83f3f450b5391715dbccb,INKANO_Monthly_Ads_-_SHOPEE.csv
InKano Ledge - Sleeveless shirt dress wanita dengan kancing depan dan dapat dipakai sebagai outerwear wanita,Dijeda,Iklan Produk,28478246565,GMV Max ROAS,Semua Penempatan,04/03/2025 00:00:00,28900.0,1132.0,0.0392,7.0,3.0,0.0062,0.0027,35397.66,7.0,3.0,1624500.0,767000.0,247784.0,6.56,3.1,2025-03-01,2025-03-31,monthly,31,False,218.89,232071.43,7993.03,0.226,ledge,42c0ee63e86fff41ebdc069fae1a1ce5,INKANO_Monthly_Ads_-_SHOPEE.csv
InKano - Ava Cardi - Cardigan wanita dengan details pita [2],Dijeda,Iklan Produk,29062628322,GMV Max ROAS,Semua Penempatan,05/03/2025 00:00:00,28889.0,1078.0,0.0373,14.0,8.0,0.013000000000000001,0.0074,19315.6,14.0,8.0,2556320.0,1217600.0,270418.0,9.45,4.5,2025-03-01,2025-03-31,monthly,31,False,250.85,182594.29,8723.16,0.452,ava,a478e8e8005de761fd7b5acaf10efd5d,INKANO_Monthly_Ads_-_SHOPEE.csv
"InKano - Pillar - Sleeveless maxi dress bahan plisket full furing warna coklat, putih offwhite, hitam black [5]",Dijeda,Iklan Produk,9751682977,GMV Max ROAS,Semua Penempatan,05/03/2025 00:00:00,28592.0,1669.0,0.0584,20.0,3.0,0.012,0.0018,18035.43,20.0,3.0,5510900.0,627900.0,360709.0,15.28,1.74,2025-03-01,2025-03-31,monthly,31,False,216.12,275545.0,11635.77,0.645,pillar,1ea595d7be85cd5ef7f091ee3443640a,INKANO_Monthly_Ads_-_SHOPEE.csv
InKano - Heather - Dress wanita katun dengan bahan spandex dan details plisket [2],Dijeda,Iklan Produk,26003952390,GMV Max ROAS,Semua Penempatan,05/03/2025 00:00:00,26997.0,941.0,0.0349,10.0,0.0,0.0106,0.0,20227.78,10.0,0.0,1814700.0,0.0,202278.0,8.97,0.0,2025-03-01,2025-03-31,monthly,31,False,214.96,181470.0,6525.1,0.323,heather,fa5a966defcd2d7fc7d37d22bb65ac31,INKANO_Monthly_Ads_-_SHOPEE.csv
"InKano Velar - Minimalist sleeveless dress wanita dengan premium cotton, structured sihouette dan details knit",Dijeda,Iklan Produk,27128176362,GMV Max ROAS,Semua Penempatan,04/03/2025 00:00:00,24013.0,741.0,0.030899999999999997,8.0,2.0,0.0108,0.0027,46731.17,8.0,2.0,1918000.0,698000.0,373849.0,5.13,1.87,2025-03-01,2025-03-31,monthly,31,False,504.52,239750.0,12059.65,0.258,velar,2b0039d3e29474e4658295a832090ed1,INKANO_Monthly_Ads_-_SHOPEE.csv
InKano - Volca Long Sleeves - Longsleeve knit dress in washed denim fabric midi dress wanita lengan panjang bahan katun rajut [2],Dijeda,Iklan Produk,27202571019,GMV Max ROAS,Semua Penempatan,05/03/2025 00:00:00,23324.0,592.0,0.0254,13.0,4.0,0.022000000000000002,0.0068000000000000005,31300.03,13.0,4.0,2928800.0,1219400.0,406900.0,7.2,3.0,2025-03-01,2025-03-31,monthly,31,False,687.33,225292.31,13125.81,0.419,volca,d9b8fa9a94b3820e791d4a612f931863,INKANO_Monthly_Ads_-_SHOPEE.csv
InKano - Loom - Atasan basic rajut wanita blouse wanita rajut katun viscose [4],Dijeda,Iklan Produk,29451672145,GMV Max ROAS,Semua Penempatan,05/03/2025 00:00:00,20077.0,601.0,0.029900000000000003,15.0,13.0,0.025,0.0216,23491.64,21.0,19.0,2564800.0,2221300.0,352375.0,7.28,6.3,2025-03-01,2025-03-31,monthly,31,False,586.31,122133.33,11366.94,0.677,loom,592453735569167c4533f5d44ed68a50,INKANO_Monthly_Ads_-_SHOPEE.csv
InKano - Cite Dress - Tartan sleeveless midi dress wanita [5],Dijeda,Iklan Produk,24114974205,GMV Max ROAS,Semua Penempatan,05/03/2025 00:00:00,19702.0,621.0,0.0315,11.0,5.0,0.0177,0.008100000000000001,28153.38,11.0,5.0,2370000.0,956000.0,309687.0,7.65,3.09,2025-03-01,2025-03-31,monthly,31,False,498.69,215454.55,9989.9,0.355,cite,50646cc1e5503bda4e5297615a3a6553,INKANO_Monthly_Ads_-_SHOPEE.csv
InKano Mist - Kemeja katun wanita relaxed oversized dengan details texture,Dijeda,Iklan Produk,27225985381,GMV Max ROAS,Semua Penempatan,15/02/2025 00:00:00,19392.0,816.0,0.0421,10.0,5.0,0.0123,0.0060999999999999995,3590.53,10.0,5.0,1944400.0,995000.0,35905.0,54.15,27.71,2025-03-01,2025-03-31,monthly,31,False,44.0,194440.0,1158.23,0.323,mist,d7ec12bb52894bc0a024ca997103813a,INKANO_Monthly_Ads_-_SHOPEE.csv
InKano - Pheobe - V neck dress rajut wanita lengan pendek midi dress rajut viscose wanita [4],Dijeda,Iklan Produk,27550648268,GMV Max ROAS,Semua Penempatan,05/03/2025 00:00:00,19048.0,585.0,0.030699999999999998,14.0,6.0,0.0239,0.0103,19679.94,17.0,8.0,2993900.0,1316000.0,275519.0,10.87,4.78,2025-03-01,2025-03-31,monthly,31,False,470.97,176111.76,8887.71,0.548,pheobe,592b5ebd1e2dc4ef7c760c18f23bdf76,INKANO_Monthly_Ads_-_SHOPEE.csv
"InKano - Repose - Celana rajut katun wanita, cotton knit pants [4]",Dijeda,Iklan Produk,23227744726,GMV Max ROAS,Semua Penempatan,05/03/2025 00:00:00,18338.0,719.0,0.0392,8.0,3.0,0.0111,0.0042,20810.41,13.0,6.0,1221140.0,430200.0,166483.0,7.33,2.58,2025-03-01,2025-03-31,monthly,31,False,231.55,93933.85,5370.42,0.419,repose,d48a5d2e9ac3b0c589cc3894101b8d76,INKANO_Monthly_Ads_-_SHOPEE.csv
"InKano - Utter Dress - Midi sleeveless dress wanita bahan rayon ikat pinggang warna blush pink, coksu, red marsalla [5]",Dijeda,Iklan Produk,22415925320,GMV Max ROAS,Semua Penempatan,05/03/2025 00:00:00,17011.0,567.0,0.0333,11.0,3.0,0.0194,0.0053,34024.18,11.0,3.0,2403300.0,582750.0,374266.0,6.42,1.56,2025-03-01,2025-03-31,monthly,31,False,660.08,218481.82,12073.1,0.355,utter,56e43d6206a25d89603365b6d8f78a0f,INKANO_Monthly_Ads_-_SHOPEE.csv
InKano - Lini - Atasan rajut wanita knit top wanita bahan katun [2],Dijeda,Iklan Produk,28703758820,GMV Max ROAS,Semua Penempatan,05/03/2025 00:00:00,16605.0,754.0,0.0454,15.0,10.0,0.0199,0.013300000000000001,17288.71,16.0,11.0,2738150.0,1761200.0,259331.0,10.56,6.79,2025-03-01,2025-03-31,monthly,31,False,343.94,171134.38,8365.52,0.516,lini,74365a9724eaf0533d672bddb91b0b91,INKANO_Monthly_Ads_-_SHOPEE.csv
InKano - Glide - Sleeveless cotton knit top with texture details atasan rajut v neck wanita [2],Dijeda,Iklan Produk,27568479219,GMV Max ROAS,Semua Penempatan,05/03/2025 00:00:00,16148.0,588.0,0.0364,14.0,5.0,0.023799999999999998,0.0085,21365.47,14.0,5.0,2697400.0,1036000.0,299117.0,9.02,3.46,2025-03-01,2025-03-31,monthly,31,False,508.7,192671.43,9648.94,0.452,glide,90b07b7c9dfaf38e5a8f10eba6dcc382,INKANO_Monthly_Ads_-_SHOPEE.csv
InKano - Veloute - Tanktop wanita motif bunga warna offwhite dan black [5],Dijeda,Iklan Produk,24906775360,GMV Max ROAS,Semua Penempatan,05/03/2025 00:00:00,16064.0,855.0,0.053200000000000004,5.0,0.0,0.0058,0.0,17304.13,5.0,0.0,791100.0,0.0,86521.0,9.14,0.0,2025-03-01,2025-03-31,monthly,31,False,101.19,158220.0,2791.0,0.161,veloute,cec267b218da6dc039b3ff6f1e615ed2,INKANO_Monthly_Ads_-_SHOPEE.csv
InKano Furrow Dress - Sleeveless dress warna offwhite dan black [5],Dijeda,Iklan Produk,20689483115,GMV Max ROAS,Semua Penempatan,05/03/2025 00:00:00,16039.0,1005.0,0.06269999999999999,5.0,1.0,0.005,0.001,19445.9,6.0,1.0,1041500.0,258300.0,97230.0,10.71,2.66,2025-03-01,2025-03-31,monthly,31,False,96.75,173583.33,3136.45,0.194,furrow,5a4587e094ec200d2328cc7d1b42c73e,INKANO_Monthly_Ads_-_SHOPEE.csv
InKano Polar - Oversized shirt wanita kaos oversize wanita dengan details bordir,Dijeda,Iklan Produk,28024727779,GMV Max ROAS,Semua Penempatan,30/01/2025 00:00:00,15477.0,698.0,0.0451,6.0,4.0,0.0086,0.005699999999999999,28667.96,6.0,4.0,1574000.0,916000.0,172008.0,9.15,5.33,2025-03-01,2025-03-31,monthly,31,False,246.43,262333.33,5548.65,0.194,polar,76211623bc714f14f919204757d6f5f8,INKANO_Monthly_Ads_-_SHOPEE.csv
"InKano - Petal - Atasan sleeveless rajut wanita, knit top wanita katun viscose dengan details petal [2]",Dijeda,Iklan Produk,25332700688,GMV Max ROAS,Semua Penempatan,05/03/2025 00:00:00,14871.0,664.0,0.0447,6.0,4.0,0.009000000000000001,0.006,21699.75,7.0,5.0,1095000.0,796800.0,130199.0,8.41,6.12,2025-03-01,2025-03-31,monthly,31,False,196.08,156428.57,4199.97,0.226,petal,164b49c9e98c83c1bafe3ece8ad76d6e,INKANO_Monthly_Ads_-_SHOPEE.csv
InKano - Sadie Jeans [5],Dijeda,Iklan Produk,22664020845,GMV Max ROAS,Semua Penempatan,05/03/2025 00:00:00,14817.0,612.0,0.041299999999999996,9.0,6.0,0.0147,0.0098,22977.87,9.0,6.0,1825800.0,1148400.0,206801.0,8.83,5.55,2025-03-01,2025-03-31,monthly,31,False,337.91,202866.67,6671.0,0.29,sadie,95065ba4a6c92d04ca300bae99ad0855,INKANO_Monthly_Ads_-_SHOPEE.csv
Inkano - Vale - Vest rajut wanita crop knit vest katun viscose [2],Dijeda,Iklan Produk,29002563957,GMV Max ROAS,Semua Penempatan,05/03/2025 00:00:00,14618.0,635.0,0.0434,21.0,4.0,0.0331,0.0063,18518.42,21.0,4.0,4619500.0,796800.0,388887.0,11.88,2.05,2025-03-01,2025-03-31,monthly,31,False,612.42,219976.19,12544.74,0.677,vale,9b7231a267d41cba433ab96a2fecc164,INKANO_Monthly_Ads_-_SHOPEE.csv
InKano - Canvas Bag - Totebag canvas besar dan versatile dengan bahan canvas tebal,Dijeda,Iklan Produk,27923674175,GMV Max ROAS,Semua Penempatan,18/01/2025 00:00:00,14507.0,928.0,0.064,8.0,4.0,0.0086,0.0043,26440.28,12.0,4.0,2790400.0,716000.0,211522.0,13.19,3.38,2025-03-01,2025-03-31,monthly,31,False,227.93,232533.33,6823.29,0.387,canvas,94e46aecd8fbb09aeb05c1f1422576d0,INKANO_Monthly_Ads_-_SHOPEE.csv
InKano - Aspen - Atasan rajut wanita knit shirt top wanita katun viscose [2],Dijeda,Iklan Produk,26053406355,GMV Max ROAS,Semua Penempatan,05/03/2025 00:00:00,13981.0,317.0,0.0227,9.0,4.0,0.028399999999999998,0.0126,27037.17,9.0,4.0,2021500.0,867000.0,243335.0,8.31,3.56,2025-03-01,2025-03-31,monthly,31,False,767.62,224611.11,7849.52,0.29,aspen,8076739ca8a9daeead28c71f0791e183,INKANO_Monthly_Ads_-_SHOPEE.csv
InKano Rime - Outerwear knit wanita dengan details tali dan crop length,Dijeda,Iklan Produk,27028179232,GMV Max ROAS,Semua Penempatan,04/03/2025 00:00:00,12817.0,237.0,0.018500000000000003,3.0,1.0,0.0127,0.0042,72952.37,3.0,1.0,717000.0,359000.0,218857.0,3.28,1.64,2025-03-01,2025-03-31,monthly,31,False,923.45,239000.0,7059.9,0.097,rime,da872a0c292162f6b94cd47c77dad1c4,INKANO_Monthly_Ads_-_SHOPEE.csv
InKano - Naven - Vest wanita v neck outerwear wanita dengan kancing depan [2],Dijeda,Iklan Produk,27564856836,GMV Max ROAS,Semua Penempatan,05/03/2025 00:00:00,12514.0,419.0,0.0335,3.0,2.0,0.0072,0.0048,48455.9,3.0,2.0,879400.0,510400.0,145368.0,6.05,3.51,2025-03-01,2025-03-31,monthly,31,False,346.94,293133.33,4689.29,0.097,naven,78048a56802fd25fd8fccb52d4ca058e,INKANO_Monthly_Ads_-_SHOPEE.csv
InKano - Apsis Skirt - Rok wanita semi formal A line bahan polyester resliting belakang [3],Dijeda,Iklan Produk,23831116219,GMV Max ROAS,Semua Penempatan,05/03/2025 00:00:00,12468.0,700.0,0.056100000000000004,3.0,2.0,0.0043,0.0029,17497.48,3.0,2.0,378100.0,199000.0,52492.0,7.2,3.79,2025-03-01,2025-03-31,monthly,31,False,74.99,126033.33,1693.29,0.097,apsis,1a734c767c91c865b2f531d993851706,INKANO_Monthly_Ads_-_SHOPEE.csv
InKano - Amidst Dress - Sleeveless dress wanita semi formal full kancing depan [4],Dijeda,Iklan Produk,22213687711,GMV Max ROAS,Semua Penempatan,05/03/2025 00:00:00,12252.0,437.0,0.035699999999999996,1.0,1.0,0.0023,0.0023,23324.18,1.0,1.0,119600.0,119600.0,23324.0,5.13,5.13,2025-03-01,2025-03-31,monthly,31,False,53.37,119600.0,752.39,0.032,amidst,60845d96e14d9baeabfca882c461a413,INKANO_Monthly_Ads_-_SHOPEE.csv
InKano - Weave - Atasan knit wanita cardigan rajut wanita dengan kancing gold [4],Dijeda,Iklan Produk,29501672701,GMV Max ROAS,Semua Penempatan,05/03/2025 00:00:00,11967.0,635.0,0.053099999999999994,3.0,2.0,0.004699999999999999,0.0031,30617.17,3.0,2.0,558000.0,259000.0,91852.0,6.08,2.82,2025-03-01,2025-03-31,monthly,31,False,144.65,186000.0,2962.97,0.097,weave,28059ea63ad7b2f9ec2bfaf7a4f2fdcd,INKANO_Monthly_Ads_-_SHOPEE.csv
InKano Trail - Atasan wanita outerwear wanita sleeveless dengan details drape di bagian belakang,Dijeda,Iklan Produk,29976007170,GMV Max ROAS,Semua Penempatan,15/02/2025 00:00:00,11876.0,367.0,0.030899999999999997,18.0,7.0,0.049,0.0191,14795.08,21.0,8.0,4998500.0,1402000.0,266311.0,18.77,5.26,2025-03-01,2025-03-31,monthly,31,False,725.64,238023.81,8590.68,0.677,trail,ef9e74b7742d5503eb107d52211ff1c4,INKANO_Monthly_Ads_-_SHOPEE.csv
InKano - Bract - Atasan wanita rajut kemeja katun rajut wanita lengan pendek [5],Dijeda,Iklan Produk,22962819841,GMV Max ROAS,Semua Penempatan,05/03/2025 00:00:00,11843.0,435.0,0.036699999999999997,5.0,4.0,0.0115,0.0092,18873.22,7.0,6.0,772350.0,645600.0,94366.0,8.18,6.84,2025-03-01,2025-03-31,monthly,31,False,216.93,110335.71,3044.06,0.226,bract,9db49c18268d779651e3701efe00b647,INKANO_Monthly_Ads_-_SHOPEE.csv
InKano - Gene Maxi Skirt [4],Dijeda,Iklan Produk,25966949401,GMV Max ROAS,Semua Penempatan,05/03/2025 00:00:00,11668.0,313.0,0.0268,12.0,10.0,0.0383,0.0319,15490.82,12.0,10.0,1635800.0,1277800.0,185890.0,8.8,6.87,2025-03-01,2025-03-31,monthly,31,False,593.9,136316.67,5996.45,0.387,gene,0f1fdbe89305cf83820324828064c191,INKANO_Monthly_Ads_-_SHOPEE.csv
"InKano - Dow Knit Top - Atasan wanita polos blouse knit rajut warna kuning butter, pastel green, abu muda, pink mauve [6]",Dijeda,Iklan Produk,22019900469,GMV Max ROAS,Semua Penempatan,05/03/2025 00:00:00,10180.0,246.0,0.0242,5.0,3.0,0.0203,0.012199999999999999,26385.3,6.0,3.0,830500.0,373500.0,131927.0,6.3,2.83,2025-03-01,2025-03-31,monthly,31,False,536.29,138416.67,4255.71,0.194,dow,7ca61d1f585ab2a10205c499f778ff97,INKANO_Monthly_Ads_-_SHOPEE.csv
Kano - Anno Bucket Hat - Topi bucket hat for daily korean look [4],Dijeda,Iklan Produk,23250028751,GMV Max ROAS,Semua Penempatan,05/03/2025 00:00:00,8574.0,613.0,0.07150000000000001,6.0,3.0,0.0098,0.0049,13246.21,6.0,3.0,630550.0,222750.0,79477.0,7.93,2.8,2025-03-01,2025-03-31,monthly,31,False,129.65,105091.67,2563.77,0.194,kano,2529d0079f3b676b3d4d97c7b05e7316,INKANO_Monthly_Ads_-_SHOPEE.csv
InKano - Hana Bucket Hat [5],Dijeda,Iklan Produk,22359283602,GMV Max ROAS,Semua Penempatan,05/03/2025 00:00:00,8002.0,279.0,0.0349,5.0,1.0,0.0179,0.0036,15320.21,5.0,1.0,896650.0,65400.0,76601.0,11.71,0.85,2025-03-01,2025-03-31,monthly,31,False,274.56,179330.0,2471.0,0.161,hana,320a6095ff8eb9947b1bf4650281c2ea,INKANO_Monthly_Ads_-_SHOPEE.csv
InKano Nettle - Totebag besar dengan bahan parasut dan details knot,Dijeda,Iklan Produk,27923033839,GMV Max ROAS,Semua Penempatan,09/01/2025 00:00:00,7903.0,314.0,0.0397,2.0,1.0,0.0064,0.0032,34687.1,2.0,1.0,508000.0,289000.0,69374.0,7.32,4.17,2025-03-01,2025-03-31,monthly,31,False,220.94,254000.0,2237.87,0.065,nettle,3db1fdf138b0f4d4a4d726e8db278e0a,INKANO_Monthly_Ads_-_SHOPEE.csv
"InKano - Plica Dress - Midi dress wanita katun lengan pendek square neck dengan detail pleat warna offwhite, beige, hitam [4]",Dijeda,Iklan Produk,24353034029,GMV Max ROAS,Semua Penempatan,12/08/2024 00:00:00,6810.0,365.0,0.0536,1.0,1.0,0.0027,0.0027,54442.1,1.0,1.0,319000.0,319000.0,54442.0,5.86,5.86,2025-03-01,2025-03-31,monthly,31,False,149.16,319000.0,1756.19,0.032,plica,37d3b6be5ad59706b5ae452534433f67,INKANO_Monthly_Ads_-_SHOPEE.csv
InKano Thistle - Totebag parasut minimalis dengan details pita,Dijeda,Iklan Produk,29323681171,GMV Max ROAS,Semua Penempatan,18/01/2025 00:00:00,5712.0,237.0,0.0415,1.0,0.0,0.0042,0.0,12558.05,1.0,0.0,289000.0,0.0,12558.0,23.01,0.0,2025-03-01,2025-03-31,monthly,31,False,52.99,289000.0,405.1,0.032,thistle,812b237be25fc104e300b11ff6be24e8,INKANO_Monthly_Ads_-_SHOPEE.csv
InKano Delft Maxi Cargo Skirt - Cargo skirt wanita dengan pinggang karet dan kantong rok kargo wanita [5],Dijeda,Iklan Produk,24461479148,GMV Max ROAS,Semua Penempatan,05/03/2025 00:00:00,3521.0,114.0,0.032400000000000005,3.0,1.0,0.0263,0.0088,20647.81,3.0,1.0,475100.0,230300.0,61943.0,7.67,3.72,2025-03-01,2025-03-31,monthly,31,False,543.36,158366.67,1998.16,0.097,delft,3684bbb686a3ccf6424cf28501810143,INKANO_Monthly_Ads_-_SHOPEE.csv
InKano Cove Bucket Hat - Topi bucket hat wanita dengan bahan parasut dan details tali [2],Dijeda,Iklan Produk,29312643353,GMV Max ROAS,Semua Penempatan,05/03/2025 00:00:00,3364.0,170.0,0.050499999999999996,1.0,1.0,0.0059,0.0059,15845.18,1.0,1.0,79200.0,79200.0,15845.0,5.0,5.0,2025-03-01,2025-03-31,monthly,31,False,93.21,79200.0,511.13,0.032,cove,91aeb28584c928e5f1922a8d5d656dc7,INKANO_Monthly_Ads_-_SHOPEE.csv
InKano Dart - Celana panjang wanita dengan bahan lyocell yang halus dan tidak transparant,Dijeda,Iklan Produk,27574728605,GMV Max ROAS,Semua Penempatan,30/01/2025 00:00:00,3053.0,111.0,0.0364,1.0,0.0,0.009000000000000001,0.0,2929.57,1.0,0.0,199000.0,0.0,2930.0,67.93,0.0,2025-03-01,2025-03-31,monthly,31,False,26.4,199000.0,94.52,0.032,dart,779eaf567c656279e2696436a62ded3c,INKANO_Monthly_Ads_-_SHOPEE.csv
"InKano - Medium T-shirt - Kaos wanita lengan pendek daily warna hitam, hijau olive, magnet grey abu tua dan putih gading offwhite [4]",Dijeda,Iklan Produk,19004950590,GMV Max ROAS,Semua Penempatan,05/03/2025 00:00:00,2667.0,98.0,0.036699999999999997,0.0,0.0,0.0,0.0,0.0,0.0,0.0,0.0,0.0,11246.0,0.0,0.0,2025-03-01,2025-03-31,monthly,31,False,114.76,,362.77,,medium,0d94227f634ea362d7b104192c54fdd1,INKANO_Monthly_Ads_-_SHOPEE.csv
InKano Spire Dress - Sleeveless dress korea wanita katun warna coklat dan hitam black [7],Berjalan,Iklan Produk,19970359270,GMV Max ROAS,Semua Penempatan,26/10/2024 00:00:00,701698.0,23548.0,0.0336,225.0,164.0,0.0096,0.006999999999999999,26772.05,231.0,170.0,69238350.0,53084100.0,6023712.0,11.49,8.81,2025-04-01,2025-04-30,monthly,30,False,255.81,299733.12,200790.4,7.7,spire,3c2794e357175691a89281f63a2bdcb8,INKANO_Monthly_Ads_-_SHOPEE.csv
InKano Spire Dress - Sleeveless dress korea wanita katun warna coklat dan hitam black,Berjalan,Iklan Produk,27923231189,GMV Max ROAS,Semua Penempatan,11/01/2025 00:00:00,652451.0,29204.0,0.044800000000000006,296.0,198.0,0.0101,0.0068000000000000005,26038.75,297.0,199.0,85959900.0,62091000.0,7707471.0,11.15,8.06,2025-04-01,2025-04-30,monthly,30,False,263.92,289427.27,256915.7,9.9,spire,7616c67e22886238eb440b9b50e58a32,INKANO_Monthly_Ads_-_SHOPEE.csv
InKano - Thames Outer - Outerwear wanita knit cardigan wanita dengan details dash dan kancing [4],Berjalan,Iklan Produk,22787969197,GMV Max ROAS,Semua Penempatan,17/06/2024 00:00:00,461108.0,15819.0,0.034300000000000004,125.0,62.0,0.0079,0.0039000000000000003,36269.61,131.0,63.0,45567200.0,26397000.0,4533701.0,10.05,5.82,2025-04-01,2025-04-30,monthly,30,False,286.6,347841.22,151123.37,4.367,thames,b99595ae4649e412590b4b869fd284e0,INKANO_Monthly_Ads_-_SHOPEE.csv
InKano Cirrus - Dress wanita sleeveless midi dress wanita dengan details rok balloon,Berjalan,Iklan Produk,25390328930,GMV Max ROAS,Semua Penempatan,11/01/2025 00:00:00,450546.0,15872.0,0.0352,179.0,80.0,0.0113,0.005,26167.77,183.0,81.0,48784920.0,23999000.0,4684031.0,10.42,5.12,2025-04-01,2025-04-30,monthly,30,False,295.11,266584.26,156134.37,6.1,cirrus,8fa4ed32c8d3aa376ec53b7a7f7437a0,INKANO_Monthly_Ads_-_SHOPEE.csv
InKano Thames Outer - Outerwear wanita knit cardigan wanita dengan details dash dan kancing,Berjalan,Iklan Produk,29273185813,GMV Max ROAS,Semua Penempatan,11/01/2025 00:00:00,405123.0,14363.0,0.0355,126.0,63.0,0.0088,0.0044,32107.07,130.0,63.0,42764050.0,26397000.0,4045491.0,10.57,6.53,2025-04-01,2025-04-30,monthly,30,False,281.66,328954.23,134849.7,4.333,thames,397e5796acb845f5cee6851144b9c3c5,INKANO_Monthly_Ads_-_SHOPEE.csv
InKano - Haze - Atasan rajut basic wanita dengan bahan full katun inner basic wanita lengan panjang,Berjalan,Iklan Produk,26214700605,GMV Max ROAS,Semua Penempatan,22/10/2024 00:00:00,190729.0,8612.0,0.0452,73.0,41.0,0.0085,0.0048,25877.98,79.0,43.0,18552570.0,10325920.0,1889093.0,9.82,5.47,2025-04-01,2025-04-30,monthly,30,False,219.36,234842.66,62969.77,2.633,haze,8be488e2bfc169b3e9ad2c86055fc29f,INKANO_Monthly_Ads_-_SHOPEE.csv
InKano Basic Tee - Kaos wanita full katun atasan wanita basic lengan pendek,Berjalan,Iklan Produk,26124817232,GMV Max ROAS,Semua Penempatan,12/04/2025 00:00:00,139462.0,4886.0,0.035,117.0,92.0,0.0239,0.018799999999999997,17030.12,148.0,123.0,17797000.0,13187100.0,1992524.0,8.93,6.62,2025-04-01,2025-04-30,monthly,30,False,407.8,120250.0,66417.47,4.933,kaos,1fbf3a92ae39b811d1cacbad88ef49c1,INKANO_Monthly_Ads_-_SHOPEE.csv
InKano Basic Tee - Kaos wanita full katun atasan wanita basic lengan pendek,Berjalan,Iklan Produk,26514706880,GMV Max ROAS,Semua Penempatan,22/10/2024 00:00:00,138604.0,5403.0,0.039,98.0,76.0,0.0181,0.0141,15617.97,117.0,93.0,13910900.0,9957000.0,1530561.0,9.09,6.51,2025-04-01,2025-04-30,monthly,30,False,283.28,118896.58,51018.7,3.9,kaos,37aa6670c592cdddbb20734b8cde189f,INKANO_Monthly_Ads_-_SHOPEE.csv
InKano Rene Cardigan - Everyday cardigan wanita outerwear wanita knit cardigan cotton viscose [4],Berjalan,Iklan Produk,24571129042,GMV Max ROAS,Semua Penempatan,11/06/2024 00:00:00,133123.0,5419.0,0.0407,59.0,34.0,0.0109,0.0063,33270.28,60.0,34.0,20035250.0,12546000.0,1962947.0,10.21,6.39,2025-04-01,2025-04-30,monthly,30,False,362.23,333920.83,65431.57,2.0,rene,e5e5e4c1dec6398b3bfd114cf24279b4,INKANO_Monthly_Ads_-_SHOPEE.csv
"InKano Seville - Sleeveless midi dress wanita bahan katun warna beige coklat muda, navy blue, pearl ivory, peanut coklat tua [6]",Berjalan,Iklan Produk,5418636273,GMV Max ROAS,Semua Penempatan,08/06/2024 00:00:00,129351.0,5130.0,0.0397,44.0,20.0,0.0086,0.0039000000000000003,26304.56,44.0,20.0,10298300.0,4358100.0,1157401.0,8.9,3.77,2025-04-01,2025-04-30,monthly,30,False,225.61,234052.27,38580.03,1.467,seville,9223b5675cb318b2149b6f748afeecfe,INKANO_Monthly_Ads_-_SHOPEE.csv
InKano Ann Cardie - Cadigan wanita katun outer rajut korean style [9],Berjalan,Iklan Produk,21486955097,GMV Max ROAS,Semua Penempatan,10/07/2024 00:00:00,110038.0,6384.0,0.057999999999999996,23.0,9.0,0.0036,0.0014000000000000002,33004.41,23.0,9.0,6275300.0,2691000.0,759101.0,8.27,3.54,2025-04-01,2025-04-30,monthly,30,False,118.91,272839.13,25303.37,0.767,ann,ebfdd7659547996380ff76ec51baba9c,INKANO_Monthly_Ads_-_SHOPEE.csv
"InKano Waves - Midi dress bahan katun warna Putih (berfuring), Beige, Biru tua, Coklat tua, Hitam [7]",Berjalan,Iklan Produk,6137355964,GMV Max ROAS,Semua Penempatan,08/06/2024 00:00:00,108050.0,4462.0,0.041299999999999996,63.0,28.0,0.0141,0.0063,22480.52,68.0,30.0,13218300.0,6126200.0,1416273.0,9.33,4.33,2025-04-01,2025-04-30,monthly,30,False,317.41,194386.76,47209.1,2.267,waves,813bed32883b8b4077ed6efb1a2845ba,INKANO_Monthly_Ads_-_SHOPEE.csv
InKano - Lyn - Atasan wanita tanpa lengan sleveless top wanita dengan bahan ironless dan flowy dan details drape di pundak,Berjalan,Iklan Produk,28753233081,GMV Max ROAS,Semua Penempatan,24/06/2024 00:00:00,98303.0,3374.0,0.034300000000000004,41.0,30.0,0.012199999999999999,0.0089,21371.94,43.0,31.0,7308450.0,5222100.0,876249.0,8.34,5.96,2025-04-01,2025-04-30,monthly,30,False,259.71,169963.95,29208.3,1.433,lyn,f1c54c9a2ec303aa03f918d3686626b9,INKANO_Monthly_Ads_-_SHOPEE.csv
"InKano Cycle Jacket - See through jacket texturized fabric jaket wanita dengan hoodie warna beige, dusty pink, coklat [6]",Berjalan,Iklan Produk,22619901508,GMV Max ROAS,Semua Penempatan,11/06/2024 00:00:00,93890.0,6020.0,0.0641,27.0,15.0,0.0045000000000000005,0.0025,23144.13,29.0,16.0,5609350.0,3184000.0,624891.0,8.98,5.1,2025-04-01,2025-04-30,monthly,30,False,103.8,193425.86,20829.7,0.967,cycle,f42952c213cd984a04f388954852054f,INKANO_Monthly_Ads_-_SHOPEE.csv
"InKano Bree - Sleeveless midi dress rayon warna putih, coklat beige, hijau olive, hijau sage, hitam [4]",Berjalan,Iklan Produk,8012587266,GMV Max ROAS,Semua Penempatan,26/10/2024 00:00:00,92213.0,3761.0,0.0408,55.0,16.0,0.0146,0.0043,23226.8,57.0,17.0,14475000.0,4385400.0,1277474.0,11.33,3.43,2025-04-01,2025-04-30,monthly,30,False,339.66,253947.37,42582.47,1.9,bree,2fc3101a6aa212c54c45d3be2161dd5f,INKANO_Monthly_Ads_-_SHOPEE.csv
InKano Stripes Union- Oversized stripes cotton knit top with long sleeve bahan katun korean style [5],Berjalan,Iklan Produk,18680549695,GMV Max ROAS,Semua Penempatan,08/06/2024 00:00:00,92087.0,4019.0,0.0436,32.0,20.0,0.008,0.005,28664.22,33.0,20.0,9432500.0,5980000.0,917255.0,10.28,6.52,2025-04-01,2025-04-30,monthly,30,False,228.23,285833.33,30575.17,1.1,stripes,67436811a19c564c8565a0d0bc48268b,INKANO_Monthly_Ads_-_SHOPEE.csv
InKano Mallow - Knit top rajut jaket wanita dengan twi way zipper.,Berjalan,Iklan Produk,27226014984,GMV Max ROAS,Semua Penempatan,15/02/2025 00:00:00,91290.0,4266.0,0.0467,28.0,13.0,0.0066,0.003,35181.44,28.0,13.0,9898900.0,5577000.0,985080.0,10.05,5.66,2025-04-01,2025-04-30,monthly,30,False,230.91,353532.14,32836.0,0.933,mallow,367434f9a8a8bba4d83366fe5f3de793,INKANO_Monthly_Ads_-_SHOPEE.csv
"InKano - Basic Shirt - Kemeja basic rayon full kancing warna putih, hitam dan biru navy [4]",Berjalan,Iklan Produk,4654707139,GMV Max ROAS,Semua Penempatan,11/06/2024 00:00:00,89008.0,4508.0,0.0506,54.0,39.0,0.012,0.0087,18630.39,56.0,41.0,9449200.0,6895200.0,1006041.0,9.39,6.85,2025-04-01,2025-04-30,monthly,30,False,223.17,168735.71,33534.7,1.867,shirt,f26f1e8d7128601f34e9d89703ec0f05,INKANO_Monthly_Ads_-_SHOPEE.csv
InKano Caise Skirt - Rok midi wanita straight midi slim skirt warna abu dan hitam [4],Berjalan,Iklan Produk,22959279323,GMV Max ROAS,Semua Penempatan,09/06/2024 00:00:00,82261.0,3469.0,0.042199999999999994,68.0,26.0,0.0196,0.0075,18213.26,71.0,28.0,12581270.0,4356600.0,1238502.0,10.16,3.52,2025-04-01,2025-04-30,monthly,30,False,357.02,177200.99,41283.4,2.367,caise,65fea7cd36658ffe046fc20cb6b7be3b,INKANO_Monthly_Ads_-_SHOPEE.csv
InKano Tether - Rok midi wanita dengan serat bahan tencel rok kerja wanita casual,Berjalan,Iklan Produk,29220727488,GMV Max ROAS,Semua Penempatan,16/12/2024 00:00:00,79536.0,3380.0,0.0425,35.0,10.0,0.0104,0.003,34548.8,36.0,11.0,9010950.0,3419000.0,1209208.0,7.45,2.83,2025-04-01,2025-04-30,monthly,30,False,357.75,250304.17,40306.93,1.2,tether,016623f245d888ef7cbfbcf19b5a65f0,INKANO_Monthly_Ads_-_SHOPEE.csv
"InKano - River - Sleeveless maxi cotton knit dress / Dress rajut katun panjang warna beige coklat susu, cloud grey abu muda, stone, asphalt abu tua [5]",Berjalan,Iklan Produk,9066211366,GMV Max ROAS,Semua Penempatan,18/07/2024 00:00:00,73922.0,3613.0,0.0489,24.0,10.0,0.0066,0.0028000000000000004,29159.16,25.0,11.0,6736000.0,3069000.0,699820.0,9.63,4.39,2025-04-01,2025-04-30,monthly,30,False,193.69,269440.0,23327.33,0.833,river,73227299e114079819c3e9bdeae0efc9,INKANO_Monthly_Ads_-_SHOPEE.csv
"InKano Waves - Midi dress bahan katun warna Putih (berfuring), Beige, Biru tua, Coklat tua, Hitam [5]",Berjalan,Iklan Produk,3537453641,GMV Max ROAS,Semua Penempatan,19/03/2025 00:00:00,66610.0,2240.0,0.0336,41.0,33.0,0.0183,0.0147,19978.86,41.0,33.0,8483800.0,6787000.0,819133.0,10.36,8.29,2025-04-01,2025-04-30,monthly,30,False,365.68,206921.95,27304.43,1.367,waves,de8bf49de92054b4e31d8510d6ca3998,INKANO_Monthly_Ads_-_SHOPEE.csv
InKano Fray - Celana wanita high waist relaxed fit,Berjalan,Iklan Produk,24991420380,GMV Max ROAS,Semua Penempatan,15/02/2025 00:00:00,56309.0,2616.0,0.04650000000000001,26.0,13.0,0.009899999999999999,0.005,38068.13,26.0,13.0,5122890.0,2537000.0,989771.0,5.18,2.56,2025-04-01,2025-04-30,monthly,30,False,378.35,197034.23,32992.37,0.867,fray,f53009804d6134a8c52d25bff40d65ae,INKANO_Monthly_Ads_-_SHOPEE.csv
"InKano - Oak - Rok midi dengan pinggang karet dan drawstring bahan katun warna ivory, coklat [7]",Berjalan,Iklan Produk,12963277331,GMV Max ROAS,Semua Penempatan,09/06/2024 00:00:00,42389.0,2700.0,0.0637,17.0,11.0,0.0063,0.0040999999999999995,20519.62,17.0,11.0,3229100.0,1969000.0,348833.0,9.26,5.64,2025-04-01,2025-04-30,monthly,30,False,129.2,189947.06,11627.77,0.567,oak,b8cc66aeff2b37dbb37ddb7acf27dcef,INKANO_Monthly_Ads_-_SHOPEE.csv
"InKano Ravine - Sleveless dress wanita ironless crinkle fabric, midi inner dress wanita",Berjalan,Iklan Produk,25532425535,GMV Max ROAS,Semua Penempatan,24/06/2024 00:00:00,41504.0,1935.0,0.0466,31.0,11.0,0.016,0.005699999999999999,19789.97,31.0,11.0,6129050.0,2019000.0,613489.0,9.99,3.29,2025-04-01,2025-04-30,monthly,30,False,317.05,197711.29,20449.63,1.033,ravine,96eaa7f42b9fbd327741d4773d8e3691,INKANO_Monthly_Ads_-_SHOPEE.csv
"InKano Fig Skirt - Rok wanita structured flare skirt warna offwhite, coksu, hitam [7]",Berjalan,Iklan Produk,22444569998,GMV Max ROAS,Semua Penempatan,08/06/2024 00:00:00,38069.0,1820.0,0.0478,14.0,5.0,0.0077,0.0027,29419.52,14.0,5.0,2862550.0,1295000.0,411873.0,6.95,3.14,2025-04-01,2025-04-30,monthly,30,False,226.3,204467.86,13729.1,0.467,fig,1345a72b15f7210ad3e20386dd722152,INKANO_Monthly_Ads_-_SHOPEE.csv
InKano - Thyme - Atasan rajut wanita dengan floral details untuk layering,Berjalan,Iklan Produk,25339467342,GMV Max ROAS,Semua Penempatan,16/12/2024 00:00:00,37747.0,1792.0,0.0475,6.0,1.0,0.0033,0.0006,34990.17,6.0,1.0,1714000.0,359000.0,209941.0,8.16,1.71,2025-04-01,2025-04-30,monthly,30,False,117.15,285666.67,6998.03,0.2,thyme,b76c8128d941c01e56884431ac7babb4,INKANO_Monthly_Ads_-_SHOPEE.csv
"InKano Linen Dress - Sleeveless dress linen, dress wanita midi dengan kancing depan warna offwhite stripes, dan navy strieps [5]",Berjalan,Iklan Produk,23870069126,GMV Max ROAS,Semua Penempatan,21/04/2025 00:00:00,37708.0,2584.0,0.06849999999999999,11.0,3.0,0.0043,0.0012,22752.74,11.0,3.0,3023300.0,1107000.0,250280.0,12.08,4.42,2025-04-01,2025-04-30,monthly,30,False,96.86,274845.45,8342.67,0.367,linen,3ab4a2a94aafe8d3684d4d6f3ee14392,INKANO_Monthly_Ads_-_SHOPEE.csv
"InKano - Float - 2 ways blouse wanita sleeveless bahan crinkle reversible square and v neck warna coklat,biru abu,biru tua muda [5]",Berjalan,Iklan Produk,18804681664,GMV Max ROAS,Semua Penempatan,09/06/2024 00:00:00,35543.0,1613.0,0.0454,23.0,17.0,0.0143,0.0105,17383.24,23.0,17.0,3361700.0,2193000.0,399815.0,8.41,5.49,2025-04-01,2025-04-30,monthly,30,False,247.87,146160.87,13327.17,0.767,float,57c997de5cf8f06442ba5c2cbc0f7715,INKANO_Monthly_Ads_-_SHOPEE.csv
"InKano - Crest - Pleated dress wanita sleeveless, dress wanita plisket tanpa lengan",Berjalan,Iklan Produk,24238660941,GMV Max ROAS,Semua Penempatan,25/11/2024 00:00:00,32563.0,1230.0,0.0378,11.0,7.0,0.0089,0.005699999999999999,33370.72,11.0,7.0,3519000.0,2373000.0,367078.0,9.59,6.46,2025-04-01,2025-04-30,monthly,30,False,298.44,319909.09,12235.93,0.367,crest,d15fa7b567314ba2c5270a9d53cfd152,INKANO_Monthly_Ads_-_SHOPEE.csv
"InKano - Ridge - Sleeveless maxi dress terbaru dengan style korea dan bahan rayon premium warna hitam, dusty lilac ungu muda, pink shades [4]",Berjalan,Iklan Produk,10979039292,GMV Max ROAS,Semua Penempatan,10/07/2024 00:00:00,32254.0,1201.0,0.037200000000000004,18.0,11.0,0.015,0.0092,21446.38,18.0,11.0,4487100.0,2739000.0,386035.0,11.62,7.1,2025-04-01,2025-04-30,monthly,30,False,321.43,249283.33,12867.83,0.6,ridge,e36ecfe3f9531c558108b2d6584885b1,INKANO_Monthly_Ads_-_SHOPEE.csv
InKano Eyre Drawstring Dress - sleeveless dress wanita midi dress wanita dengan drawstring pinggang [4],Berjalan,Iklan Produk,25022052499,GMV Max ROAS,Semua Penempatan,11/07/2024 00:00:00,31394.0,1614.0,0.051399999999999994,7.0,2.0,0.0043,0.0012,27664.83,7.0,2.0,1778500.0,428000.0,193654.0,9.18,2.21,2025-04-01,2025-04-30,monthly,30,False,119.98,254071.43,6455.13,0.233,eyre,47dd61c3194e4fda2260ed3c1996bc95,INKANO_Monthly_Ads_-_SHOPEE.csv
"InKano Dales Cargo Pants - Cargo pants wanita celana panjang cargo wanita pinggang full karet warna beige, light grey, khaki [2]",Berjalan,Iklan Produk,25506769709,GMV Max ROAS,Semua Penempatan,17/06/2024 00:00:00,30581.0,971.0,0.0318,13.0,8.0,0.0134,0.008199999999999999,49994.95,14.0,9.0,3894400.0,2895200.0,649934.0,5.99,4.45,2025-04-01,2025-04-30,monthly,30,False,669.35,278171.43,21664.47,0.467,dales,7af38a6fb6385d3b7cf7714901395f1b,INKANO_Monthly_Ads_-_SHOPEE.csv
InKano Skylet - Sleeveless dress wanita minimalist maxi dress wanita dengan details crinkle texture dan straight cut,Berjalan,Iklan Produk,27176054532,GMV Max ROAS,Semua Penempatan,15/02/2025 00:00:00,30391.0,1354.0,0.0446,27.0,8.0,0.0199,0.0059,26969.7,29.0,8.0,6576000.0,1812000.0,728182.0,9.03,2.49,2025-04-01,2025-04-30,monthly,30,False,537.8,226758.62,24272.73,0.967,skylet,e853affdb1948a97c97166b85be1caa1,INKANO_Monthly_Ads_-_SHOPEE.csv
"InKano Paige - Kemeja rayon wanita full kancing warna putih, coklat muda, hitam, olive, hijau sage, biru tua, biru muda [4]",Berjalan,Iklan Produk,4216455466,GMV Max ROAS,Semua Penempatan,08/06/2024 00:00:00,30022.0,1334.0,0.0444,9.0,6.0,0.0067,0.0045000000000000005,17065.79,9.0,6.0,1431000.0,954000.0,153592.0,9.32,6.21,2025-04-01,2025-04-30,monthly,30,False,115.14,159000.0,5119.73,0.3,paige,fd586df5b8dd3c1c4ded889754a99e94,INKANO_Monthly_Ads_-_SHOPEE.csv
InKano Cascade - Everyday sleeveless top wanita atasan wanita sleevelss bahan parasut,Berjalan,Iklan Produk,29802573288,GMV Max ROAS,Semua Penempatan,13/06/2024 00:00:00,28489.0,1800.0,0.0632,4.0,1.0,0.0022,0.0006,32236.12,4.0,1.0,696000.0,149000.0,128944.0,5.4,1.16,2025-04-01,2025-04-30,monthly,30,False,71.64,174000.0,4298.13,0.133,cascade,6b4550436753479bbaef274616f98130,INKANO_Monthly_Ads_-_SHOPEE.csv
InKano - Gale - Rok satin wanita warna bw creme dan hitam,Berjalan,Iklan Produk,28364865828,GMV Max ROAS,Semua Penempatan,24/10/2024 00:00:00,28181.0,1637.0,0.0581,28.0,8.0,0.0171,0.0049,24716.54,29.0,8.0,5969200.0,1513100.0,692063.0,8.63,2.19,2025-04-01,2025-04-30,monthly,30,False,422.76,205834.48,23068.77,0.967,gale,566953f262dfda9aa86769459ec54573,INKANO_Monthly_Ads_-_SHOPEE.csv
InKano Soleil - Rok wanita dengan pinggang karet dan details kerut,Berjalan,Iklan Produk,25641348214,GMV Max ROAS,Semua Penempatan,15/02/2025 00:00:00,28087.0,1406.0,0.0501,19.0,5.0,0.013500000000000002,0.0036,23527.43,19.0,5.0,4736420.0,1255000.0,447021.0,10.6,2.81,2025-04-01,2025-04-30,monthly,30,False,317.94,249285.26,14900.7,0.633,soleil,d0e406573ad98fe12b182898754210de,INKANO_Monthly_Ads_-_SHOPEE.csv
InKano Briette - Crop top wanita crop top outerwear wanita dengan details tali ikat [4],Berjalan,Iklan Produk,25575584031,GMV Max ROAS,Semua Penempatan,08/06/2024 00:00:00,26563.0,1485.0,0.0559,0.0,0.0,0.0,0.0,0.0,0.0,0.0,0.0,0.0,44606.0,0.0,0.0,2025-04-01,2025-04-30,monthly,30,False,30.04,,1486.87,,briette,5b0ef8dcf02ae6998766dedc4266e544,INKANO_Monthly_Ads_-_SHOPEE.csv
InKano - Glint Skirt - Rok wanita semi formal dengan pinggang karet elastis warna abu [4],Berjalan,Iklan Produk,21358379617,GMV Max ROAS,Semua Penempatan,11/06/2024 00:00:00,25809.0,1174.0,0.0455,11.0,6.0,0.009399999999999999,0.0051,27737.35,13.0,8.0,2471100.0,1512000.0,305111.0,8.1,4.96,2025-04-01,2025-04-30,monthly,30,False,259.89,190084.62,10170.37,0.433,glint,639e54c7a6fcdc6dcfd1f1bcf73b4ef8,INKANO_Monthly_Ads_-_SHOPEE.csv
"InKano Piper - Sleeveless dress wanita dengan details pleats abstract, inner dress wanita layering",Berjalan,Iklan Produk,27179903627,GMV Max ROAS,Semua Penempatan,14/04/2025 00:00:00,24540.0,932.0,0.038,9.0,3.0,0.0097,0.0032,32891.56,9.0,3.0,1996000.0,707000.0,296024.0,6.74,2.39,2025-04-01,2025-04-30,monthly,30,False,317.62,221777.78,9867.47,0.3,piper,4547928737b68df66d9d36c9d659c3f9,INKANO_Monthly_Ads_-_SHOPEE.csv
InKano Ripple - Rok plisket wanita flowy pinggang karet [2],Berjalan,Iklan Produk,25439467291,GMV Max ROAS,Semua Penempatan,16/12/2024 00:00:00,21972.0,735.0,0.0335,12.0,6.0,0.0163,0.008199999999999999,29908.75,12.0,6.0,4023100.0,2224000.0,358905.0,11.21,6.2,2025-04-01,2025-04-30,monthly,30,False,488.31,335258.33,11963.5,0.4,ripple,c8786a1f619ee00b05431080f0867dcb,INKANO_Monthly_Ads_-_SHOPEE.csv
"InKano Paige - Kemeja rayon wanita full kancing warna putih, coklat muda, hitam, olive, hijau sage, biru tua, biru muda [3]",Berjalan,Iklan Produk,6273145078,GMV Max ROAS,Semua Penempatan,12/04/2025 00:00:00,16927.0,463.0,0.0274,7.0,2.0,0.0151,0.0043,23366.91,7.0,2.0,1232800.0,318000.0,163568.0,7.54,1.94,2025-04-01,2025-04-30,monthly,30,False,353.28,176114.29,5452.27,0.233,paige,5d319cf6c198a881b7c85f6ec705d15f,INKANO_Monthly_Ads_-_SHOPEE.csv
InKano Cassia - Outer knit wanita lengan panjang dengan scallop hemming outerwear rajut wanita,Berjalan,Iklan Produk,27062867019,GMV Max ROAS,Semua Penempatan,04/11/2024 00:00:00,13849.0,664.0,0.0479,4.0,1.0,0.006,0.0015,30000.0,4.0,1.0,1044600.0,339000.0,120000.0,8.71,2.83,2025-04-01,2025-04-30,monthly,30,False,180.72,261150.0,4000.0,0.133,cassia,78bee90fc3cf928e4917ca48f3b2ec04,INKANO_Monthly_Ads_-_SHOPEE.csv
InKano Acacia - Outerwear wanita dengan details bordir dan kain bertekstur linen,Berjalan,Iklan Produk,24593052285,GMV Max ROAS,Semua Penempatan,14/04/2025 00:00:00,13824.0,674.0,0.048799999999999996,4.0,1.0,0.0059,0.0015,48328.73,4.0,1.0,1136000.0,299000.0,193315.0,5.88,1.55,2025-04-01,2025-04-30,monthly,30,False,286.82,284000.0,6443.83,0.133,acacia,f7315e684df99a85643f82768f90ce13,INKANO_Monthly_Ads_-_SHOPEE.csv
InKano Alpine - Celana denim wanita relaxed fit dengan elastic di bagian belakang,Berjalan,Iklan Produk,29777681282,GMV Max ROAS,Semua Penempatan,01/03/2025 00:00:00,10297.0,301.0,0.0292,5.0,3.0,0.0166,0.01,49086.48,5.0,3.0,1361550.0,1077000.0,245432.0,5.55,4.39,2025-04-01,2025-04-30,monthly,30,False,815.39,272310.0,8181.07,0.167,alpine,d8e994ac4de642d9fd27531e0d6429e6,INKANO_Monthly_Ads_-_SHOPEE.csv
InKano Hayes - Sleeveless dress wanita dengan details plisket di bagian depan,Berjalan,Iklan Produk,27029888504,GMV Max ROAS,Semua Penempatan,14/04/2025 00:00:00,9111.0,340.0,0.0373,1.0,1.0,0.0029,0.0029,55647.22,1.0,1.0,269000.0,269000.0,55647.0,4.83,4.83,2025-04-01,2025-04-30,monthly,30,False,163.67,269000.0,1854.9,0.033,hayes,3dff1c8b816bfd965ce3ad5a867cd927,INKANO_Monthly_Ads_-_SHOPEE.csv
InKano Faye - Sleeveless midi dress wanita 100% katun dengan details ikat,Berjalan,Iklan Produk,28884663826,GMV Max ROAS,Semua Penempatan,24/04/2025 00:00:00,706.0,38.0,0.0538,0.0,0.0,0.0,0.0,0.0,0.0,0.0,0.0,0.0,9378.0,0.0,0.0,2025-04-01,2025-04-30,monthly,30,False,246.79,,312.6,,faye,af907f0d98e130a39e79b989e7273e33,INKANO_Monthly_Ads_-_SHOPEE.csv
InKano Fable - Kemeja katun wanita shirtdress dengan kancing full depan warna hitam dan abu [4],Berjalan,Iklan Produk,9449724340,GMV Max ROAS,Semua Penempatan,09/06/2024 00:00:00,10.0,0.0,0.0,0.0,0.0,0.0,0.0,0.0,0.0,0.0,0.0,0.0,0.0,0.0,0.0,2025-04-01,2025-04-30,monthly,30,False,,,,,fable,1402d2fb990c8367b4cf8916a5b92a8e,INKANO_Monthly_Ads_-_SHOPEE.csv
InKano Lowen - Relaxed dress wanita A Line dengan details floral lace,Dijeda,Iklan Produk,28828164827,GMV Max ROAS,Semua Penempatan,04/03/2025 00:00:00,81035.0,5521.0,0.0681,21.0,2.0,0.0038,0.0004,25530.41,24.0,3.0,6276950.0,1015200.0,536139.0,11.71,1.89,2025-04-01,2025-04-30,monthly,30,False,97.11,261539.58,17871.3,0.8,lowen,4f16c01ddae8f92f617dfadfeca993a9,INKANO_Monthly_Ads_-_SHOPEE.csv
InKano Bryony - Shirtdress wanita lengan panjang dengan bahan rayon premium dan full kancing depan.,Dijeda,Iklan Produk,27478179093,GMV Max ROAS,Semua Penempatan,04/03/2025 00:00:00,69647.0,2996.0,0.043,41.0,10.0,0.0137,0.0033,28883.81,42.0,11.0,10165200.0,2959000.0,1184236.0,8.58,2.5,2025-04-01,2025-04-30,monthly,30,False,395.27,242028.57,39474.53,1.4,bryony,cfe131acbedc38821e61efae39afe1ad,INKANO_Monthly_Ads_-_SHOPEE.csv
InKano - Verdure Skirt - Midi skirt rok wanita rajut with floral motif [6],Dijeda,Iklan Produk,18086976854,GMV Max ROAS,Semua Penempatan,05/03/2025 00:00:00,65307.0,4452.0,0.0682,3.0,1.0,0.0007000000000000001,0.0002,48224.5,3.0,1.0,667500.0,149500.0,144673.0,4.61,1.03,2025-04-01,2025-04-30,monthly,30,False,32.5,222500.0,4822.43,0.1,verdure,2022388ff89a95b5e6df383681fa851e,INKANO_Monthly_Ads_-_SHOPEE.csv
InKano - Shade - Kemeja wanita full katun lengan panjang [2],Dijeda,Iklan Produk,24735334355,GMV Max ROAS,Semua Penempatan,05/03/2025 00:00:00,63073.0,3890.0,0.0617,22.0,13.0,0.005699999999999999,0.0033,21292.02,22.0,13.0,4272800.0,2437600.0,468425.0,9.12,5.2,2025-04-01,2025-04-30,monthly,30,False,120.42,194218.18,15614.17,0.733,shade,2bbb2145137f911fd0d09cbac59e2ca9,INKANO_Monthly_Ads_-_SHOPEE.csv
InKano - Lile - Atasan wanita lengan panjang blouse wanita dengan tekstur garis [4],Dijeda,Iklan Produk,23461689690,GMV Max ROAS,Semua Penempatan,09/06/2024 00:00:00,59199.0,4047.0,0.0684,20.0,6.0,0.0049,0.0015,22888.61,22.0,7.0,4963700.0,1253000.0,457772.0,10.84,2.74,2025-04-01,2025-04-30,monthly,30,False,113.11,225622.73,15259.07,0.733,lile,7c300d2c841f9d4a875def2db8c48bf5,INKANO_Monthly_Ads_-_SHOPEE.csv
"InKano - Marri Dress - Sleeveless knit dress with texture details and viscose fabric, dress rajut wanita tanpa lengan",Dijeda,Iklan Produk,26268479785,GMV Max ROAS,Semua Penempatan,25/11/2024 00:00:00,58557.0,2705.0,0.0462,18.0,7.0,0.0067,0.0026,31522.23,18.0,7.0,5932000.0,2793000.0,567400.0,10.45,4.92,2025-04-01,2025-04-30,monthly,30,False,209.76,329555.56,18913.33,0.6,marri,d5aea2504618bdc8e0d5f1e936e3008f,INKANO_Monthly_Ads_-_SHOPEE.csv
"InKano Hannover - Midi dress katun lengan panjang warna biru navy, beige [4]",Dijeda,Iklan Produk,5416468594,GMV Max ROAS,Semua Penempatan,16/08/2024 00:00:00,58418.0,3200.0,0.0548,3.0,1.0,0.0009,0.0003,33036.24,3.0,1.0,847000.0,299000.0,99109.0,8.55,3.02,2025-04-01,2025-04-30,monthly,30,False,30.97,282333.33,3303.63,0.1,hannover,c4e74d642d7c4f08098860939e914a2d,INKANO_Monthly_Ads_-_SHOPEE.csv
"InKano - Volca Dress - Washed knitted dress, everyday sleeveless dress wanita bahan katun knit [5]",Dijeda,Iklan Produk,25471126885,GMV Max ROAS,Semua Penempatan,05/03/2025 00:00:00,57617.0,2256.0,0.0392,43.0,9.0,0.0191,0.004,24193.98,43.0,9.0,9585300.0,2275650.0,1040341.0,9.21,2.19,2025-04-01,2025-04-30,monthly,30,False,461.14,222913.95,34678.03,1.433,volca,b5581ffa97de501f09ee62788176d334,INKANO_Monthly_Ads_-_SHOPEE.csv
InKano Hearth - Minimalist sleeveless dress wanita dengan details drape dan natural tone,Dijeda,Iklan Produk,29128168295,GMV Max ROAS,Semua Penempatan,04/03/2025 00:00:00,55719.0,1672.0,0.03,29.0,12.0,0.0173,0.0072,30515.85,32.0,13.0,7993100.0,3057000.0,884960.0,9.03,3.45,2025-04-01,2025-04-30,monthly,30,False,529.28,249784.38,29498.67,1.067,hearth,287c78b591a0eaacdb87a28f3968f9ee,INKANO_Monthly_Ads_-_SHOPEE.csv
InKano - Irie Dress [5],Dijeda,Iklan Produk,24869174958,GMV Max ROAS,Semua Penempatan,05/03/2025 00:00:00,55289.0,2677.0,0.0484,40.0,18.0,0.0149,0.0067,15596.57,40.0,18.0,7081400.0,2406600.0,623863.0,11.35,3.86,2025-04-01,2025-04-30,monthly,30,False,233.05,177035.0,20795.43,1.333,irie,f6d277f0cf9df5933d0252ce6059fcf9,INKANO_Monthly_Ads_-_SHOPEE.csv
InKano Trelis - Atasan rajut wanita stripes oversized,Dijeda,Iklan Produk,26626044035,GMV Max ROAS,Semua Penempatan,15/02/2025 00:00:00,48626.0,1899.0,0.0391,14.0,8.0,0.0074,0.0042,35694.94,14.0,8.0,3916000.0,2632000.0,499729.0,7.84,5.27,2025-04-01,2025-04-30,monthly,30,False,263.15,279714.29,16657.63,0.467,trelis,e7c407504c8aca8180111b298ec5e3d7,INKANO_Monthly_Ads_-_SHOPEE.csv
InKano - Twine Dress - Oversized midi dress wanita full kancing everyday dress [4],Dijeda,Iklan Produk,24402023278,GMV Max ROAS,Semua Penempatan,11/06/2024 00:00:00,47796.0,3089.0,0.0646,4.0,2.0,0.0013,0.0006,33156.24,4.0,2.0,895900.0,462400.0,132625.0,6.76,3.49,2025-04-01,2025-04-30,monthly,30,False,42.93,223975.0,4420.83,0.133,twine,9f37473289fb014524bcad5f96646d22,INKANO_Monthly_Ads_-_SHOPEE.csv
"InKano - Pome Skort - Skort wanita warna offwhite, taupe, dan black [5]",Dijeda,Iklan Produk,20192284890,GMV Max ROAS,Semua Penempatan,05/03/2025 00:00:00,45429.0,3218.0,0.0708,12.0,11.0,0.0037,0.0034000000000000002,11928.73,12.0,11.0,1535640.0,1436640.0,143145.0,10.73,10.04,2025-04-01,2025-04-30,monthly,30,False,44.48,127970.0,4771.5,0.4,pome,84afb990751ca68f2693d4468345b61a,INKANO_Monthly_Ads_-_SHOPEE.csv
InKano - Clover - Atasan rayon wanita lengan panjang dengan details kerut [2],Dijeda,Iklan Produk,29768478436,GMV Max ROAS,Semua Penempatan,05/03/2025 00:00:00,45424.0,2152.0,0.047400000000000005,11.0,5.0,0.0051,0.0023,18631.67,11.0,5.0,1933300.0,676000.0,204948.0,9.43,3.3,2025-04-01,2025-04-30,monthly,30,False,95.24,175754.55,6831.6,0.367,clover,361016bd0d43c641fd7d1092ae9d835d,INKANO_Monthly_Ads_-_SHOPEE.csv
InKano Skye - Outerwear wanita parasut oversized full kancing,Dijeda,Iklan Produk,29524783542,GMV Max ROAS,Semua Penempatan,30/01/2025 00:00:00,44612.0,2261.0,0.0507,22.0,13.0,0.0097,0.005699999999999999,21933.87,22.0,13.0,5147400.0,3237000.0,482545.0,10.67,6.71,2025-04-01,2025-04-30,monthly,30,False,213.42,233972.73,16084.83,0.733,skye,db6a9d6623ddb5c1e7e37735faf2a3b2,INKANO_Monthly_Ads_-_SHOPEE.csv
InKano Vine - Kemeja wanita stripes bahan full katun,Dijeda,Iklan Produk,27774742340,GMV Max ROAS,Semua Penempatan,30/01/2025 00:00:00,40886.0,1823.0,0.0446,19.0,8.0,0.0104,0.0044,23164.99,19.0,8.0,4526300.0,1872000.0,440135.0,10.28,4.25,2025-04-01,2025-04-30,monthly,30,False,241.43,238226.32,14671.17,0.633,vine,39fe9d72f910ee7f8dc0c8d8d800b62a,INKANO_Monthly_Ads_-_SHOPEE.csv
InKano Fiore - Floral midi dress wanita motif bunga lengan pendek dengan tali [4],Dijeda,Iklan Produk,25121106430,GMV Max ROAS,Semua Penempatan,30/11/2024 00:00:00,39163.0,2778.0,0.0709,3.0,2.0,0.0011,0.0007000000000000001,28895.13,3.0,2.0,797100.0,618000.0,86685.0,9.2,7.13,2025-04-01,2025-04-30,monthly,30,False,31.2,265700.0,2889.5,0.1,fiore,cb4f779341c589ceb1f8427a4ee70261,INKANO_Monthly_Ads_-_SHOPEE.csv
InKano Ledge - Sleeveless shirt dress wanita dengan kancing depan dan dapat dipakai sebagai outerwear wanita,Dijeda,Iklan Produk,28478246565,GMV Max ROAS,Semua Penempatan,04/03/2025 00:00:00,39089.0,1741.0,0.044500000000000005,20.0,10.0,0.0115,0.005699999999999999,31932.0,20.0,10.0,4932900.0,2560000.0,638640.0,7.72,4.01,2025-04-01,2025-04-30,monthly,30,False,366.82,246645.0,21288.0,0.667,ledge,a1dffcb16d13a88fd3916375433cbd06,INKANO_Monthly_Ads_-_SHOPEE.csv
InKano - Papillon Cardi - Knit cardigan cropped and sheer with drawstring [5],Dijeda,Iklan Produk,18680559303,GMV Max ROAS,Semua Penempatan,05/03/2025 00:00:00,39065.0,1843.0,0.0472,11.0,6.0,0.006,0.0033,22137.61,11.0,6.0,2128400.0,1099200.0,243514.0,8.74,4.51,2025-04-01,2025-04-30,monthly,30,False,132.13,193490.91,8117.13,0.367,papillon,a7807acab7a9869fa67cb4313412af07,INKANO_Monthly_Ads_-_SHOPEE.csv
InKano - Rumme Top - atasan wanita linen blouse wanita longsleeves dengan details kerah drawstring [4],Dijeda,Iklan Produk,23289747436,GMV Max ROAS,Semua Penempatan,11/06/2024 00:00:00,38477.0,2785.0,0.0724,5.0,1.0,0.0018,0.0004,26311.15,5.0,1.0,1091200.0,199000.0,131556.0,8.29,1.51,2025-04-01,2025-04-30,monthly,30,False,47.24,218240.0,4385.2,0.167,rumme,fd7e242b8c0fdee58afb53ea01293906,INKANO_Monthly_Ads_-_SHOPEE.csv
"InKano - Hill - Celana panjang rayon wanita dengan kantong dan pinggang karet warna sand coklat susu, hitam, muted blush soft pink, dusty blue, space blue indigo, marsala brick, hijau olive [6]",Dijeda,Iklan Produk,4846833586,GMV Max ROAS,Semua Penempatan,08/02/2025 00:00:00,38010.0,1891.0,0.049800000000000004,27.0,16.0,0.0143,0.0085,37016.34,31.0,19.0,7437500.0,4139100.0,999441.0,7.44,4.14,2025-04-01,2025-04-30,monthly,30,False,528.53,239919.35,33314.7,1.033,hill,1e57ca349c17ab20b46b0ce3c9cd435b,INKANO_Monthly_Ads_-_SHOPEE.csv
InKano - Yard Dress [4],Dijeda,Iklan Produk,20677767504,GMV Max ROAS,Semua Penempatan,05/03/2025 00:00:00,35809.0,1763.0,0.0492,1.0,0.0,0.0006,0.0,59074.39,1.0,0.0,369000.0,0.0,59074.0,6.25,0.0,2025-04-01,2025-04-30,monthly,30,False,33.51,369000.0,1969.13,0.033,yard,36b69b2dc41223e6877b9351a7cbfed3,INKANO_Monthly_Ads_-_SHOPEE.csv
InKano - Canvas Bag - Totebag canvas besar dan versatile dengan bahan canvas tebal,Dijeda,Iklan Produk,27923674175,GMV Max ROAS,Semua Penempatan,18/01/2025 00:00:00,35015.0,2012.0,0.0575,15.0,11.0,0.0075,0.0055000000000000005,34503.32,15.0,11.0,3345000.0,1969000.0,517550.0,6.46,3.8,2025-04-01,2025-04-30,monthly,30,False,257.23,223000.0,17251.67,0.5,canvas,b2e1d26d662d98a38b66bbd9aa699a73,INKANO_Monthly_Ads_-_SHOPEE.csv
"InKano - Still - Outerwear wanita bahan crinkle semi blazer lengan panjang dengan kancing depan warna coksu beige, dusty pink mauve dan smoke blue biru abu [7]",Dijeda,Iklan Produk,15161803419,GMV Max ROAS,Semua Penempatan,05/03/2025 00:00:00,32759.0,2401.0,0.0733,8.0,5.0,0.0033,0.0021,14171.87,8.0,5.0,1475000.0,458000.0,113375.0,13.01,4.04,2025-04-01,2025-04-30,monthly,30,False,47.22,184375.0,3779.17,0.267,still,03918b0edc8e61b35de67355919e5c1b,INKANO_Monthly_Ads_-_SHOPEE.csv
InKano - Frost - Atasan sleeveless wanita dengan details bordir,Dijeda,Iklan Produk,28370724858,GMV Max ROAS,Semua Penempatan,16/12/2024 00:00:00,32046.0,1977.0,0.0617,11.0,6.0,0.005600000000000001,0.003,21506.32,11.0,6.0,2067600.0,1134000.0,236569.0,8.74,4.79,2025-04-01,2025-04-30,monthly,30,False,119.66,187963.64,7885.63,0.367,frost,e4d6f2756c0976478355c364ad853e41,INKANO_Monthly_Ads_-_SHOPEE.csv
InKano Cedar - Sleeveless dress wanita dengan bahan crepe dan details pinggang,Dijeda,Iklan Produk,28028179741,GMV Max ROAS,Semua Penempatan,04/03/2025 00:00:00,31576.0,1252.0,0.0397,18.0,1.0,0.0144,0.0008,33499.09,18.0,1.0,4395100.0,229000.0,602984.0,7.29,0.38,2025-04-01,2025-04-30,monthly,30,False,481.62,244172.22,20099.47,0.6,cedar,bd2d857634416ac4081760335c1609e9,INKANO_Monthly_Ads_-_SHOPEE.csv
InKano - Fawn - Sleeveless dress wanita midi dress wanita katun [4],Dijeda,Iklan Produk,28151670796,GMV Max ROAS,Semua Penempatan,05/03/2025 00:00:00,30638.0,1455.0,0.0475,20.0,2.0,0.0137,0.0014000000000000002,24427.72,21.0,2.0,4450250.0,320600.0,488554.0,9.11,0.66,2025-04-01,2025-04-30,monthly,30,False,335.78,211916.67,16285.13,0.7,fawn,b8549cb21c11beccdad13f9ea3e35985,INKANO_Monthly_Ads_-_SHOPEE.csv
"InKano - Sycamore - Casual knit top in v neck with details hemming, atasan rajut wanita dengan details motif hemming",Dijeda,Iklan Produk,24838657386,GMV Max ROAS,Semua Penempatan,25/11/2024 00:00:00,30470.0,1513.0,0.049699999999999994,6.0,4.0,0.004,0.0026,35832.39,6.0,4.0,1559600.0,1116000.0,214994.0,7.25,5.19,2025-04-01,2025-04-30,monthly,30,False,142.1,259933.33,7166.47,0.2,sycamore,d45383aa3f2908a6d7959e1aa5107360,INKANO_Monthly_Ads_-_SHOPEE.csv
InKano - Spring Outer [5],Dijeda,Iklan Produk,25166947712,GMV Max ROAS,Semua Penempatan,05/03/2025 00:00:00,30242.0,1536.0,0.0508,9.0,3.0,0.0059,0.002,26117.28,9.0,3.0,1763500.0,606900.0,235055.0,7.5,2.58,2025-04-01,2025-04-30,monthly,30,False,153.03,195944.44,7835.17,0.3,spring,c6a7a26089e0b0cbe0808bcade700df3,INKANO_Monthly_Ads_-_SHOPEE.csv
InKano - Maxie Shirt [5],Dijeda,Iklan Produk,24866947259,GMV Max ROAS,Semua Penempatan,05/03/2025 00:00:00,30044.0,1631.0,0.054299999999999994,21.0,7.0,0.0129,0.0043,13025.78,22.0,7.0,3901100.0,801500.0,273541.0,14.26,2.93,2025-04-01,2025-04-30,monthly,30,False,167.71,177322.73,9118.03,0.733,maxie,a14a96b21bedf64f50067be06bcde299,INKANO_Monthly_Ads_-_SHOPEE.csv
InKano - Valley - Kemeja rayon wanita lengan pendek untuk kantor dan casual [2],Dijeda,Iklan Produk,25236554077,GMV Max ROAS,Semua Penempatan,05/03/2025 00:00:00,29730.0,1286.0,0.0433,15.0,11.0,0.011699999999999999,0.0086,17982.65,19.0,13.0,2421750.0,1647750.0,269740.0,8.98,6.11,2025-04-01,2025-04-30,monthly,30,False,209.75,127460.53,8991.33,0.633,valley,068021d8ecbdc5f9362cca062390d8c2,INKANO_Monthly_Ads_-_SHOPEE.csv
InKano - Ollie - Knit vest wanita outerwear sweater rajut wanita [5],Dijeda,Iklan Produk,25725582937,GMV Max ROAS,Semua Penempatan,05/03/2025 00:00:00,29700.0,1337.0,0.045,8.0,3.0,0.006,0.0022,17511.15,8.0,3.0,1334150.0,433500.0,140089.0,9.52,3.09,2025-04-01,2025-04-30,monthly,30,False,104.78,166768.75,4669.63,0.267,ollie,289abc64528315a64ebf32aa675631c7,INKANO_Monthly_Ads_-_SHOPEE.csv
"InKano - Pasture - Kemeja wanita blouse lengan panjang full kancing bahan rayon warna Black, Latte, Marsala [5]",Dijeda,Iklan Produk,14876963468,GMV Max ROAS,Semua Penempatan,06/11/2024 00:00:00,26748.0,1121.0,0.04190000000000001,11.0,8.0,0.0098,0.0070999999999999995,17834.19,12.0,9.0,2164700.0,1611900.0,196176.0,11.03,8.22,2025-04-01,2025-04-30,monthly,30,False,175.0,180391.67,6539.2,0.4,pasture,88eba52ab9e14bd60fe0b5b2f76e1a8a,INKANO_Monthly_Ads_-_SHOPEE.csv
InKano - Havelock Top - Atasan cropped rop wanita sleeveless crop blouse katun wanita [4],Dijeda,Iklan Produk,25509339092,GMV Max ROAS,Semua Penempatan,04/11/2024 00:00:00,26056.0,1872.0,0.0718,9.0,3.0,0.0048,0.0016,10887.75,11.0,3.0,1409400.0,477000.0,97990.0,14.38,4.87,2025-04-01,2025-04-30,monthly,30,False,52.35,128127.27,3266.33,0.367,havelock,cdc2b7957def8a4a2497f30bb7c6429c,INKANO_Monthly_Ads_-_SHOPEE.csv
InKano - Willow - Sleeveless dress satin wanita dengan details floral dress semi formal wanita untuk occasion [2],Dijeda,Iklan Produk,27970724615,GMV Max ROAS,Semua Penempatan,16/12/2024 00:00:00,25482.0,962.0,0.0378,15.0,1.0,0.015600000000000001,0.001,21199.79,16.0,1.0,3882400.0,369000.0,317997.0,12.21,1.16,2025-04-01,2025-04-30,monthly,30,False,330.56,242650.0,10599.9,0.533,willow,59a47705c4ccec57d1ede148092261c2,INKANO_Monthly_Ads_-_SHOPEE.csv
"Kano - Mantle - Blazer wanita ringan semi formal dengan kancing warna coksu beige, coklat tua wood, hitam black [4]",Dijeda,Iklan Produk,20038777879,GMV Max ROAS,Semua Penempatan,05/03/2025 00:00:00,25410.0,1728.0,0.068,9.0,5.0,0.0052,0.0029,22051.08,10.0,5.0,2072500.0,747500.0,198460.0,10.44,3.77,2025-04-01,2025-04-30,monthly,30,False,114.85,207250.0,6615.33,0.333,kano,3fa5abe03eefb36d8293277d16765707,INKANO_Monthly_Ads_-_SHOPEE.csv
InKano Mist - Kemeja katun wanita relaxed oversized dengan details texture,Dijeda,Iklan Produk,27225985381,GMV Max ROAS,Semua Penempatan,15/02/2025 00:00:00,25095.0,1127.0,0.0449,23.0,5.0,0.0204,0.0044,21683.94,25.0,5.0,4717550.0,995000.0,498731.0,9.46,2.0,2025-04-01,2025-04-30,monthly,30,False,442.53,188702.0,16624.37,0.833,mist,3d3e584520fe3cb3660aa7e2fe2d76c5,INKANO_Monthly_Ads_-_SHOPEE.csv
"InKano - Grain - Knit maxi dress v neck dress rajut wanita panjang warna hijau sage, dusty pink, coklat [5]",Dijeda,Iklan Produk,16032806043,GMV Max ROAS,Semua Penempatan,05/03/2025 00:00:00,25021.0,1266.0,0.0506,20.0,9.0,0.0158,0.0070999999999999995,17658.94,21.0,9.0,4125650.0,1300500.0,353179.0,11.68,3.68,2025-04-01,2025-04-30,monthly,30,False,278.97,196459.52,11772.63,0.7,grain,572787bd666f91610f02ffc0b3c71447,INKANO_Monthly_Ads_-_SHOPEE.csv
InKano - Luna - Kemeja wanita lengan panjang dengan bahan katun mix dan details kerut [2],Dijeda,Iklan Produk,27109341177,GMV Max ROAS,Semua Penempatan,05/03/2025 00:00:00,24362.0,1702.0,0.0699,0.0,0.0,0.0,0.0,0.0,0.0,0.0,0.0,0.0,53919.0,0.0,0.0,2025-04-01,2025-04-30,monthly,30,False,31.68,,1797.3,,luna,cb43b4bf9e1caaf12eb59b62009c640e,INKANO_Monthly_Ads_-_SHOPEE.csv
"InKano - Pane Jacket - jaket wanita tipis dengan serat kain bertekstur, kancing depan, dan kantong [4]",Dijeda,Iklan Produk,25450648574,GMV Max ROAS,Semua Penempatan,17/06/2024 00:00:00,23229.0,1619.0,0.0697,3.0,1.0,0.0019,0.0006,21065.86,3.0,1.0,712000.0,214000.0,63198.0,11.27,3.39,2025-04-01,2025-04-30,monthly,30,False,39.04,237333.33,2106.6,0.1,pane,845a90732ffedf5fa304ed70ab6c3216,INKANO_Monthly_Ads_-_SHOPEE.csv
InKano - Glide - Sleeveless cotton knit top with texture details atasan rajut v neck wanita [2],Dijeda,Iklan Produk,27568479219,GMV Max ROAS,Semua Penempatan,05/03/2025 00:00:00,23079.0,804.0,0.0348,5.0,3.0,0.0062,0.0037,20604.11,5.0,3.0,1109600.0,621600.0,103021.0,10.77,6.03,2025-04-01,2025-04-30,monthly,30,False,128.14,221920.0,3434.03,0.167,glide,b58108e9dd5ec66637caf97ab5caa524,INKANO_Monthly_Ads_-_SHOPEE.csv
InKano - Hemlock - Kemeja wanita oversized lengan panjang bahan rayon [2],Dijeda,Iklan Produk,28359337290,GMV Max ROAS,Semua Penempatan,05/03/2025 00:00:00,22416.0,976.0,0.0435,18.0,8.0,0.0184,0.008199999999999999,17155.14,21.0,8.0,3891000.0,1114400.0,308793.0,12.6,3.61,2025-04-01,2025-04-30,monthly,30,False,316.39,185285.71,10293.1,0.7,hemlock,dcc7c15ea73c8ed8da84e4e6f54ae632,INKANO_Monthly_Ads_-_SHOPEE.csv
InKano - Havelock Skirt - Structured midi skirt A line skirt wanita rok wanita korean style [4],Dijeda,Iklan Produk,24259333737,GMV Max ROAS,Semua Penempatan,30/07/2024 00:00:00,20975.0,1179.0,0.0562,5.0,2.0,0.0042,0.0017000000000000001,21688.02,5.0,2.0,1003200.0,492100.0,108440.0,9.25,4.54,2025-04-01,2025-04-30,monthly,30,False,91.98,200640.0,3614.67,0.167,havelock,5ba3860f9492e29e6642499256e45f67,INKANO_Monthly_Ads_-_SHOPEE.csv
InKano Dart - Celana panjang wanita dengan bahan lyocell yang halus dan tidak transparant,Dijeda,Iklan Produk,27574728605,GMV Max ROAS,Semua Penempatan,30/01/2025 00:00:00,20607.0,539.0,0.0262,12.0,1.0,0.0223,0.0019,65515.0,14.0,1.0,3471500.0,369000.0,786180.0,4.42,0.47,2025-04-01,2025-04-30,monthly,30,False,1458.59,247964.29,26206.0,0.467,dart,3b27d0e5233b51d1ad6511612c17f685,INKANO_Monthly_Ads_-_SHOPEE.csv
"InKano - Volca Top - Washed denim knit top, atasan wanita daily blouse rajut wanita [6]",Dijeda,Iklan Produk,25821140182,GMV Max ROAS,Semua Penempatan,05/03/2025 00:00:00,20117.0,797.0,0.039599999999999996,10.0,3.0,0.0125,0.0038,26958.27,11.0,3.0,2270350.0,680550.0,269583.0,8.42,2.52,2025-04-01,2025-04-30,monthly,30,False,338.25,206395.45,8986.1,0.367,volca,efd2dc1758717371abfdad6b0113c393,INKANO_Monthly_Ads_-_SHOPEE.csv
InKano - Naven - Vest wanita v neck outerwear wanita dengan kancing depan [2],Dijeda,Iklan Produk,27564856836,GMV Max ROAS,Semua Penempatan,05/03/2025 00:00:00,19445.0,598.0,0.0308,8.0,4.0,0.0134,0.0067,31611.26,9.0,5.0,1746840.0,1276000.0,252890.0,6.91,5.05,2025-04-01,2025-04-30,monthly,30,False,422.89,194093.33,8429.67,0.3,naven,c1c5524a97bdd8b9f5599613ae1b6d26,INKANO_Monthly_Ads_-_SHOPEE.csv
InKano Fern - Rok wanita rok midi katun chinos dengan details ikat [3],Dijeda,Iklan Produk,27001676065,GMV Max ROAS,Semua Penempatan,11/06/2024 00:00:00,18418.0,955.0,0.0519,0.0,0.0,0.0,0.0,0.0,0.0,0.0,0.0,0.0,29802.0,0.0,0.0,2025-04-01,2025-04-30,monthly,30,False,31.21,,993.4,,fern,671b03995add8bf51f27ed39384ab9d9,INKANO_Monthly_Ads_-_SHOPEE.csv
InKano - Amidst Dress - Sleeveless dress wanita semi formal full kancing depan [4],Dijeda,Iklan Produk,22213687711,GMV Max ROAS,Semua Penempatan,05/03/2025 00:00:00,17764.0,547.0,0.0308,14.0,9.0,0.0256,0.0165,16439.99,14.0,9.0,1859650.0,1076400.0,230160.0,8.08,4.68,2025-04-01,2025-04-30,monthly,30,False,420.77,132832.14,7672.0,0.467,amidst,c9380f397d3797775c3e92f25f7509aa,INKANO_Monthly_Ads_-_SHOPEE.csv
"InKano Velar - Minimalist sleeveless dress wanita dengan premium cotton, structured sihouette dan details knit",Dijeda,Iklan Produk,27128176362,GMV Max ROAS,Semua Penempatan,04/03/2025 00:00:00,16807.0,483.0,0.0287,7.0,1.0,0.014499999999999999,0.0021,44875.28,7.0,1.0,2153000.0,349000.0,314127.0,6.85,1.11,2025-04-01,2025-04-30,monthly,30,False,650.37,307571.43,10470.9,0.233,velar,72ec117d1f08cdaf2e783976c5e8229b,INKANO_Monthly_Ads_-_SHOPEE.csv
"InKano - Two-Tone Petal - Atasan rajut wanita sleeveless dengan details two tone, hemming bunga, dan bahan viscose rajut yang lembut",Dijeda,Iklan Produk,28412764733,GMV Max ROAS,Semua Penempatan,02/10/2024 00:00:00,16474.0,667.0,0.0405,3.0,0.0,0.0045000000000000005,0.0,8776.99,3.0,0.0,353400.0,0.0,26331.0,13.42,0.0,2025-04-01,2025-04-30,monthly,30,False,39.48,117800.0,877.7,0.1,two,658b5b3d8e2221cecf1991f2b93d0c8a,INKANO_Monthly_Ads_-_SHOPEE.csv
InKano - Loom - Atasan basic rajut wanita blouse wanita rajut katun viscose [4],Dijeda,Iklan Produk,29451672145,GMV Max ROAS,Semua Penempatan,05/03/2025 00:00:00,15261.0,539.0,0.0353,13.0,7.0,0.0241,0.013000000000000001,14573.75,13.0,7.0,1837250.0,801500.0,189459.0,9.7,4.23,2025-04-01,2025-04-30,monthly,30,False,351.5,141326.92,6315.3,0.433,loom,29aa11bf7ce73bb6d5587b4b4635af00,INKANO_Monthly_Ads_-_SHOPEE.csv
InKano - Lini - Atasan rajut wanita knit top wanita bahan katun [2],Dijeda,Iklan Produk,28703758820,GMV Max ROAS,Semua Penempatan,05/03/2025 00:00:00,15187.0,804.0,0.0529,5.0,2.0,0.0062,0.0025,17568.9,5.0,2.0,763720.0,310800.0,87844.0,8.69,3.54,2025-04-01,2025-04-30,monthly,30,False,109.26,152744.0,2928.13,0.167,lini,5a3e97c611e5b8315d08bf4382aaabde,INKANO_Monthly_Ads_-_SHOPEE.csv
InKano - Pheobe - V neck dress rajut wanita lengan pendek midi dress rajut viscose wanita [4],Dijeda,Iklan Produk,27550648268,GMV Max ROAS,Semua Penempatan,05/03/2025 00:00:00,14604.0,472.0,0.0323,10.0,7.0,0.0212,0.0148,22413.34,14.0,11.0,2594700.0,1809500.0,224133.0,11.58,8.07,2025-04-01,2025-04-30,monthly,30,False,474.86,185335.71,7471.1,0.467,pheobe,789a6e42e265f7bf60481b7b1e960e2c,INKANO_Monthly_Ads_-_SHOPEE.csv
InKano - Volca Long Sleeves - Longsleeve knit dress in washed denim fabric midi dress wanita lengan panjang bahan katun rajut [2],Dijeda,Iklan Produk,27202571019,GMV Max ROAS,Semua Penempatan,05/03/2025 00:00:00,13809.0,320.0,0.0232,9.0,2.0,0.0281,0.0062,31084.49,9.0,2.0,2376200.0,609700.0,279760.0,8.49,2.18,2025-04-01,2025-04-30,monthly,30,False,874.25,264022.22,9325.33,0.3,volca,911176b24a4fad91a3981eab073e6a6b,INKANO_Monthly_Ads_-_SHOPEE.csv
Inkano - Vale - Vest rajut wanita crop knit vest katun viscose [2],Dijeda,Iklan Produk,29002563957,GMV Max ROAS,Semua Penempatan,05/03/2025 00:00:00,13664.0,702.0,0.051399999999999994,7.0,3.0,0.01,0.0043,17563.66,7.0,3.0,1689800.0,597600.0,122946.0,13.74,4.86,2025-04-01,2025-04-30,monthly,30,False,175.14,241400.0,4098.2,0.233,vale,76ce39dae3a103a69820adf8e6117147,INKANO_Monthly_Ads_-_SHOPEE.csv
"InKano - Petal - Atasan sleeveless rajut wanita, knit top wanita katun viscose dengan details petal [2]",Dijeda,Iklan Produk,25332700688,GMV Max ROAS,Semua Penempatan,05/03/2025 00:00:00,13203.0,576.0,0.0436,13.0,6.0,0.0226,0.0104,11249.23,13.0,6.0,1901750.0,896400.0,146240.0,13.0,6.13,2025-04-01,2025-04-30,monthly,30,False,253.89,146288.46,4874.67,0.433,petal,3cb409b40a30e8af8830e3494261a320,INKANO_Monthly_Ads_-_SHOPEE.csv
InKano - Rake - Atasan wanita basic bahan rajut katun everyday wear [6],Dijeda,Iklan Produk,23472418448,GMV Max ROAS,Semua Penempatan,01/10/2024 00:00:00,13136.0,494.0,0.037599999999999995,9.0,8.0,0.0182,0.016200000000000003,25881.41,10.0,9.0,1917100.0,1718100.0,232933.0,8.23,7.38,2025-04-01,2025-04-30,monthly,30,False,471.52,191710.0,7764.43,0.333,rake,06243932dff07c5446cdffe30c10e786,INKANO_Monthly_Ads_-_SHOPEE.csv
InKano Picton - Sleeveless top wanita blouse atasan wanita warna coklat hijau maroon black [6],Dijeda,Iklan Produk,24359356794,GMV Max ROAS,Semua Penempatan,08/06/2024 00:00:00,12774.0,950.0,0.07440000000000001,2.0,0.0,0.0021,0.0,14901.99,2.0,0.0,318400.0,0.0,29804.0,10.68,0.0,2025-04-01,2025-04-30,monthly,30,False,31.37,159200.0,993.47,0.067,picton,3004adc772e5b5cf2ca7d99c0c562b80,INKANO_Monthly_Ads_-_SHOPEE.csv
InKano Ivy - Atasan wanita dengan pattern floral dan details texture di kain.,Dijeda,Iklan Produk,25291346249,GMV Max ROAS,Semua Penempatan,15/02/2025 00:00:00,12502.0,826.0,0.0661,2.0,0.0,0.0024,0.0,42687.91,2.0,0.0,398000.0,0.0,85376.0,4.66,0.0,2025-04-01,2025-04-30,monthly,30,False,103.36,199000.0,2845.87,0.067,ivy,c50e584c2897703c8cd08e741e26db77,INKANO_Monthly_Ads_-_SHOPEE.csv
InKano Twain - Outerwear wanita dengan details ikat dan abstract texture,Dijeda,Iklan Produk,24592150275,GMV Max ROAS,Semua Penempatan,04/03/2025 00:00:00,11867.0,394.0,0.0332,3.0,0.0,0.0076,0.0,25463.52,3.0,0.0,897000.0,0.0,76391.0,11.74,0.0,2025-04-01,2025-04-30,monthly,30,False,193.89,299000.0,2546.37,0.1,twain,4cef1c99aebe0fd959f3f291b626e0bc,INKANO_Monthly_Ads_-_SHOPEE.csv
"InKano - Coterie SET, TOP, SKIRT - Atasan wanita bahan kaos lengan panjang crop, rok pinggang karet bahan kaos [4]",Dijeda,Iklan Produk,23172479263,GMV Max ROAS,Semua Penempatan,05/03/2025 00:00:00,11679.0,868.0,0.07429999999999999,3.0,0.0,0.0034999999999999996,0.0,10929.69,3.0,0.0,388000.0,0.0,32789.0,11.83,0.0,2025-04-01,2025-04-30,monthly,30,False,37.78,129333.33,1092.97,0.1,coterie,24cb9783cf19a9bbb4861a7263f3c120,INKANO_Monthly_Ads_-_SHOPEE.csv
InKano Thistle - Totebag parasut minimalis dengan details pita,Dijeda,Iklan Produk,29323681171,GMV Max ROAS,Semua Penempatan,18/01/2025 00:00:00,10689.0,364.0,0.0341,10.0,0.0,0.0275,0.0,17445.98,10.0,0.0,2115400.0,0.0,174460.0,12.13,0.0,2025-04-01,2025-04-30,monthly,30,False,479.29,211540.0,5815.33,0.333,thistle,9410438a3d0d368faea8a50b4c5bb9d9,INKANO_Monthly_Ads_-_SHOPEE.csv
InKano - Serene Skirt - Rok wanita basic polos pinggang karet bahan crinkle full furing [4],Dijeda,Iklan Produk,22409966419,GMV Max ROAS,Semua Penempatan,05/03/2025 00:00:00,10260.0,572.0,0.0558,0.0,0.0,0.0,0.0,0.0,0.0,0.0,0.0,0.0,19043.0,0.0,0.0,2025-04-01,2025-04-30,monthly,30,False,33.29,,634.77,,serene,16f6013c08140e94975fa7b0adca6dbc,INKANO_Monthly_Ads_-_SHOPEE.csv
InKano - Marri Top - Atasan rajut wanita knit top wanita katun viscose [2],Dijeda,Iklan Produk,28503772825,GMV Max ROAS,Semua Penempatan,05/03/2025 00:00:00,9697.0,411.0,0.0424,0.0,0.0,0.0,0.0,0.0,0.0,0.0,0.0,0.0,10912.0,0.0,0.0,2025-04-01,2025-04-30,monthly,30,False,26.55,,363.73,,marri,c10e30d2b45479eed61f14a963e7d937,INKANO_Monthly_Ads_-_SHOPEE.csv
InKano - Plenary Cardigan - Cardigan wanita rajut lengan panjang oversized bahan katun [4],Dijeda,Iklan Produk,19690344535,GMV Max ROAS,Semua Penempatan,26/10/2024 00:00:00,9646.0,386.0,0.04,8.0,1.0,0.0207,0.0026,17434.01,10.0,1.0,2320600.0,389000.0,139472.0,16.64,2.79,2025-04-01,2025-04-30,monthly,30,False,361.33,232060.0,4649.07,0.333,plenary,c5999f28df16e905b40f861f54c3150a,INKANO_Monthly_Ads_-_SHOPEE.csv
InKano - Sou Skirt [5],Dijeda,Iklan Produk,24269180538,GMV Max ROAS,Semua Penempatan,05/03/2025 00:00:00,7681.0,405.0,0.0527,0.0,0.0,0.0,0.0,0.0,0.0,0.0,0.0,0.0,13751.0,0.0,0.0,2025-04-01,2025-04-30,monthly,30,False,33.95,,458.37,,sou,dbc9bc4e2cdd39b45c005e90d706aaba,INKANO_Monthly_Ads_-_SHOPEE.csv
"InKano - Pillar - Sleeveless maxi dress bahan plisket full furing warna coklat, putih offwhite, hitam black [5]",Dijeda,Iklan Produk,9751682977,GMV Max ROAS,Semua Penempatan,05/03/2025 00:00:00,7670.0,422.0,0.055,1.0,0.0,0.0024,0.0,69779.98,1.0,0.0,249000.0,0.0,69780.0,3.57,0.0,2025-04-01,2025-04-30,monthly,30,False,165.36,249000.0,2326.0,0.033,pillar,68c0d43a858298f8cc59feeaaba9b77f,INKANO_Monthly_Ads_-_SHOPEE.csv
InKano Rime - Outerwear knit wanita dengan details tali dan crop length,Dijeda,Iklan Produk,27028179232,GMV Max ROAS,Semua Penempatan,04/03/2025 00:00:00,7047.0,189.0,0.0268,1.0,1.0,0.0053,0.0053,76336.79,1.0,1.0,359000.0,359000.0,76337.0,4.7,4.7,2025-04-01,2025-04-30,monthly,30,False,403.9,359000.0,2544.57,0.033,rime,4b46eb016900cddd6f50978c3c3451db,INKANO_Monthly_Ads_-_SHOPEE.csv
InKano Fressia - Sleeveless atasan wanita dengan details applikasi floral.,Dijeda,Iklan Produk,26778177709,GMV Max ROAS,Semua Penempatan,04/03/2025 00:00:00,6842.0,469.0,0.06849999999999999,1.0,1.0,0.0021,0.0021,20230.01,1.0,1.0,229000.0,229000.0,20230.0,11.32,11.32,2025-04-01,2025-04-30,monthly,30,False,43.13,229000.0,674.33,0.033,fressia,62cccee178faf03a1df4aa760440a966,INKANO_Monthly_Ads_-_SHOPEE.csv
InKano - Veloute - Tanktop wanita motif bunga warna offwhite dan black [5],Dijeda,Iklan Produk,24906775360,GMV Max ROAS,Semua Penempatan,05/03/2025 00:00:00,6315.0,378.0,0.0599,2.0,1.0,0.0053,0.0026,5073.41,2.0,1.0,296200.0,127200.0,10147.0,29.19,12.54,2025-04-01,2025-04-30,monthly,30,False,26.84,148100.0,338.23,0.067,veloute,e414b31e839a44b4101ae30e7ac470a7,INKANO_Monthly_Ads_-_SHOPEE.csv
InKano - Junie Outerwear - Kemeja outerwear wanita dengan details tali dan kain see-through [4],Dijeda,Iklan Produk,28850602656,GMV Max ROAS,Semua Penempatan,05/03/2025 00:00:00,6273.0,251.0,0.04,7.0,2.0,0.0279,0.008,14762.9,7.0,2.0,1765600.0,366400.0,103340.0,17.09,3.55,2025-04-01,2025-04-30,monthly,30,False,411.71,252228.57,3444.67,0.233,junie,2979b4b058c52105ded09c64e826f9ad,INKANO_Monthly_Ads_-_SHOPEE.csv
"InKano - Dow Knit Top - Atasan wanita polos blouse knit rajut warna kuning butter, pastel green, abu muda, pink mauve [6]",Dijeda,Iklan Produk,22019900469,GMV Max ROAS,Semua Penempatan,05/03/2025 00:00:00,5974.0,204.0,0.0341,0.0,0.0,0.0,0.0,0.0,0.0,0.0,0.0,0.0,13378.0,0.0,0.0,2025-04-01,2025-04-30,monthly,30,False,65.58,,445.93,,dow,673a984beaab0dc600e1a5fc7d4eedf9,INKANO_Monthly_Ads_-_SHOPEE.csv
InKano Furrow Dress - Sleeveless dress warna offwhite dan black [5],Dijeda,Iklan Produk,20689483115,GMV Max ROAS,Semua Penempatan,05/03/2025 00:00:00,5394.0,339.0,0.06280000000000001,0.0,0.0,0.0,0.0,0.0,0.0,0.0,0.0,0.0,11304.0,0.0,0.0,2025-04-01,2025-04-30,monthly,30,False,33.35,,376.8,,furrow,5fe325e0988a25f17617d28bd862ff32,INKANO_Monthly_Ads_-_SHOPEE.csv
InKano - Heather - Dress wanita katun dengan bahan spandex dan details plisket [2],Dijeda,Iklan Produk,26003952390,GMV Max ROAS,Semua Penempatan,05/03/2025 00:00:00,5233.0,197.0,0.037599999999999995,1.0,1.0,0.0051,0.0051,4923.07,1.0,1.0,202300.0,202300.0,4923.0,41.09,41.09,2025-04-01,2025-04-30,monthly,30,False,24.99,202300.0,164.1,0.033,heather,bddfaff6fe50057273f29ee9074402a2,INKANO_Monthly_Ads_-_SHOPEE.csv
InKano Nettle - Totebag besar dengan bahan parasut dan details knot,Dijeda,Iklan Produk,27923033839,GMV Max ROAS,Semua Penempatan,09/01/2025 00:00:00,5128.0,152.0,0.0296,1.0,1.0,0.0066,0.0066,65912.33,1.0,1.0,289000.0,289000.0,65912.0,4.38,4.38,2025-04-01,2025-04-30,monthly,30,False,433.63,289000.0,2197.07,0.033,nettle,6c66a666f8690d5db1df0fd0cbc136c5,INKANO_Monthly_Ads_-_SHOPEE.csv
"InKano - Repose - Celana rajut katun wanita, cotton knit pants [4]",Dijeda,Iklan Produk,23227744726,GMV Max ROAS,Semua Penempatan,05/03/2025 00:00:00,5112.0,187.0,0.0366,0.0,0.0,0.0,0.0,0.0,0.0,0.0,0.0,0.0,13762.0,0.0,0.0,2025-04-01,2025-04-30,monthly,30,False,73.59,,458.73,,repose,89390d22ac87d82fd5e5c031eb54cb9d,INKANO_Monthly_Ads_-_SHOPEE.csv
InKano - Ava Cardi - Cardigan wanita dengan details pita [2],Dijeda,Iklan Produk,29062628322,GMV Max ROAS,Semua Penempatan,05/03/2025 00:00:00,5053.0,225.0,0.044500000000000005,1.0,0.0,0.0044,0.0,6178.84,1.0,0.0,179100.0,0.0,6179.0,28.99,0.0,2025-04-01,2025-04-30,monthly,30,False,27.46,179100.0,205.97,0.033,ava,5c967ed8887bec55b79226ac05c73af5,INKANO_Monthly_Ads_-_SHOPEE.csv
InKano - Margot Dress [5],Dijeda,Iklan Produk,24569179034,GMV Max ROAS,Semua Penempatan,05/03/2025 00:00:00,5021.0,207.0,0.0412,0.0,0.0,0.0,0.0,0.0,0.0,0.0,0.0,0.0,9568.0,0.0,0.0,2025-04-01,2025-04-30,monthly,30,False,46.22,,318.93,,margot,cdb69204593dbb8c67da9f4bce796089,INKANO_Monthly_Ads_-_SHOPEE.csv
Kano - Anno Bucket Hat - Topi bucket hat for daily korean look [4],Dijeda,Iklan Produk,23250028751,GMV Max ROAS,Semua Penempatan,05/03/2025 00:00:00,4721.0,273.0,0.057800000000000004,1.0,1.0,0.0037,0.0037,8840.76,1.0,1.0,74250.0,74250.0,8841.0,8.4,8.4,2025-04-01,2025-04-30,monthly,30,False,32.38,74250.0,294.7,0.033,kano,00fdb79cb295224594ba8e2ffd96bc90,INKANO_Monthly_Ads_-_SHOPEE.csv
InKano Trail - Atasan wanita outerwear wanita sleeveless dengan details drape di bagian belakang,Dijeda,Iklan Produk,29976007170,GMV Max ROAS,Semua Penempatan,15/02/2025 00:00:00,4696.0,172.0,0.0366,1.0,1.0,0.0058,0.0058,73807.49,1.0,1.0,169000.0,169000.0,73807.0,2.29,2.29,2025-04-01,2025-04-30,monthly,30,False,429.11,169000.0,2460.23,0.033,trail,c2502656a74eeeb7e9c680ac566f59c1,INKANO_Monthly_Ads_-_SHOPEE.csv
InKano - Apsis Skirt - Rok wanita semi formal A line bahan polyester resliting belakang [3],Dijeda,Iklan Produk,23831116219,GMV Max ROAS,Semua Penempatan,05/03/2025 00:00:00,4500.0,247.0,0.054900000000000004,0.0,0.0,0.0,0.0,0.0,0.0,0.0,0.0,0.0,8053.0,0.0,0.0,2025-04-01,2025-04-30,monthly,30,False,32.6,,268.43,,apsis,e228e9d2a1c33ce3f63d915aeb257f5e,INKANO_Monthly_Ads_-_SHOPEE.csv
InKano - Aspen - Atasan rajut wanita knit shirt top wanita katun viscose [2],Dijeda,Iklan Produk,26053406355,GMV Max ROAS,Semua Penempatan,05/03/2025 00:00:00,3663.0,87.0,0.023799999999999998,0.0,0.0,0.0,0.0,0.0,0.0,0.0,0.0,0.0,24254.0,0.0,0.0,2025-04-01,2025-04-30,monthly,30,False,278.78,,808.47,,aspen,dc4c5e413525c8fadd6f60a020862d72,INKANO_Monthly_Ads_-_SHOPEE.csv
InKano - Cite Dress - Tartan sleeveless midi dress wanita [5],Dijeda,Iklan Produk,24114974205,GMV Max ROAS,Semua Penempatan,05/03/2025 00:00:00,3624.0,163.0,0.045,0.0,0.0,0.0,0.0,0.0,0.0,0.0,0.0,0.0,10349.0,0.0,0.0,2025-04-01,2025-04-30,monthly,30,False,63.49,,344.97,,cite,c2639d61c9d70652c2cbc679290b0d67,INKANO_Monthly_Ads_-_SHOPEE.csv
InKano Cove Bucket Hat - Topi bucket hat wanita dengan bahan parasut dan details tali [2],Dijeda,Iklan Produk,29312643353,GMV Max ROAS,Semua Penempatan,05/03/2025 00:00:00,3542.0,126.0,0.0356,3.0,1.0,0.023799999999999998,0.0079,13593.62,3.0,1.0,399400.0,99000.0,40781.0,9.79,2.43,2025-04-01,2025-04-30,monthly,30,False,323.66,133133.33,1359.37,0.1,cove,68149861d5d519bd84672c23a81af132,INKANO_Monthly_Ads_-_SHOPEE.csv
InKano Polar - Oversized shirt wanita kaos oversize wanita dengan details bordir,Dijeda,Iklan Produk,28024727779,GMV Max ROAS,Semua Penempatan,30/01/2025 00:00:00,3539.0,197.0,0.0557,3.0,1.0,0.0152,0.0051,1912.44,3.0,1.0,480100.0,229000.0,5737.0,83.68,39.91,2025-04-01,2025-04-30,monthly,30,False,29.12,160033.33,191.23,0.1,polar,ffac371b2612ec5e9312f68b76039bfc,INKANO_Monthly_Ads_-_SHOPEE.csv
InKano - Hana Bucket Hat [5],Dijeda,Iklan Produk,22359283602,GMV Max ROAS,Semua Penempatan,05/03/2025 00:00:00,3397.0,107.0,0.0315,1.0,1.0,0.009300000000000001,0.009300000000000001,4079.31,1.0,1.0,109000.0,109000.0,4079.0,26.72,26.72,2025-04-01,2025-04-30,monthly,30,False,38.12,109000.0,135.97,0.033,hana,33475d5b5b04283df1808be3d94c144f,INKANO_Monthly_Ads_-_SHOPEE.csv
InKano - Bract - Atasan wanita rajut kemeja katun rajut wanita lengan pendek [5],Dijeda,Iklan Produk,22962819841,GMV Max ROAS,Semua Penempatan,05/03/2025 00:00:00,3203.0,90.0,0.0281,0.0,0.0,0.0,0.0,0.0,0.0,0.0,0.0,0.0,2298.0,0.0,0.0,2025-04-01,2025-04-30,monthly,30,False,25.53,,76.6,,bract,f573f8a36abfaf62f13b6578050dcd75,INKANO_Monthly_Ads_-_SHOPEE.csv
InKano Hive - Midi dress wanita bahan rajut lengan pendek dengan texture waffle,Dijeda,Iklan Produk,25094452856,GMV Max ROAS,Semua Penempatan,24/04/2025 00:00:00,3165.0,100.0,0.0316,5.0,1.0,0.05,0.01,17575.61,5.0,1.0,995000.0,279000.0,87878.0,11.32,3.17,2025-04-01,2025-04-30,monthly,30,False,878.78,199000.0,2929.27,0.167,hive,1589c4a6afcc4bb340ebd502d5b99987,INKANO_Monthly_Ads_-_SHOPEE.csv
InKano - Sadie Jeans [5],Dijeda,Iklan Produk,22664020845,GMV Max ROAS,Semua Penempatan,05/03/2025 00:00:00,2965.0,144.0,0.048600000000000004,2.0,2.0,0.0139,0.0139,19409.57,2.0,2.0,382800.0,382800.0,38819.0,9.86,9.86,2025-04-01,2025-04-30,monthly,30,False,269.58,191400.0,1293.97,0.067,sadie,3a8029c62e9159b26b1fc44cb9c00612,INKANO_Monthly_Ads_-_SHOPEE.csv
InKano Floral Slate - Rok midi wanita rok plisket dengan motif floral,Dijeda,Iklan Produk,28534574278,GMV Max ROAS,Semua Penempatan,24/04/2025 00:00:00,2468.0,120.0,0.048600000000000004,3.0,0.0,0.025,0.0,24525.69,3.0,0.0,897000.0,0.0,73577.0,12.19,0.0,2025-04-01,2025-04-30,monthly,30,False,613.14,299000.0,2452.57,0.1,floral,462e0ab607d2ab65b138b669c7b9d172,INKANO_Monthly_Ads_-_SHOPEE.csv
"InKano - Medium T-shirt - Kaos wanita lengan pendek daily warna hitam, hijau olive, magnet grey abu tua dan putih gading offwhite [4]",Dijeda,Iklan Produk,19004950590,GMV Max ROAS,Semua Penempatan,05/03/2025 00:00:00,1741.0,46.0,0.0264,0.0,0.0,0.0,0.0,0.0,0.0,0.0,0.0,0.0,2330.0,0.0,0.0,2025-04-01,2025-04-30,monthly,30,False,50.65,,77.67,,medium,94567fc72c8e60f13c3fd7426a9f387f,INKANO_Monthly_Ads_-_SHOPEE.csv
InKano Erty - Dress wanita sleeveless dengan details plisket maxi dress wanita,Dijeda,Iklan Produk,27684689696,GMV Max ROAS,Semua Penempatan,24/04/2025 00:00:00,1659.0,56.0,0.0338,0.0,0.0,0.0,0.0,0.0,0.0,0.0,0.0,0.0,18219.0,0.0,0.0,2025-04-01,2025-04-30,monthly,30,False,325.34,,607.3,,erty,5c592b713c1d2eb7f7ad673876295237,INKANO_Monthly_Ads_-_SHOPEE.csv
InKano Haslet - Dress wanita lengan panjang dengan bahan rayon dan details drape dan full kancing,Dijeda,Iklan Produk,26175928414,GMV Max ROAS,Semua Penempatan,15/02/2025 00:00:00,1615.0,79.0,0.0489,0.0,0.0,0.0,0.0,0.0,0.0,0.0,0.0,0.0,6484.0,0.0,0.0,2025-04-01,2025-04-30,monthly,30,False,82.08,,216.13,,haslet,9965cc2e756a6809f3c2fef4fed822dc,INKANO_Monthly_Ads_-_SHOPEE.csv
InKano - Gene Maxi Skirt [4],Dijeda,Iklan Produk,25966949401,GMV Max ROAS,Semua Penempatan,05/03/2025 00:00:00,1431.0,42.0,0.0294,2.0,1.0,0.047599999999999996,0.023799999999999998,1280.46,2.0,1.0,207000.0,119400.0,2561.0,80.83,46.62,2025-04-01,2025-04-30,monthly,30,False,60.98,103500.0,85.37,0.067,gene,98700fcf66d1694811a2c9d3c813c246,INKANO_Monthly_Ads_-_SHOPEE.csv
"InKano - Raven - Basic dress polos bahan crinkle lengan pendek daily warna hijau sage, dusty pink, coklat [4]",Dijeda,Iklan Produk,13877892079,GMV Max ROAS,Semua Penempatan,05/03/2025 00:00:00,757.0,39.0,0.051500000000000004,0.0,0.0,0.0,0.0,0.0,0.0,0.0,0.0,0.0,3175.0,0.0,0.0,2025-04-01,2025-04-30,monthly,30,False,81.41,,105.83,,raven,d343a2d1f62e893765787115dcd3b242,INKANO_Monthly_Ads_-_SHOPEE.csv
InKano Delft Maxi Cargo Skirt - Cargo skirt wanita dengan pinggang karet dan kantong rok kargo wanita [5],Dijeda,Iklan Produk,24461479148,GMV Max ROAS,Semua Penempatan,05/03/2025 00:00:00,657.0,27.0,0.041100000000000005,0.0,0.0,0.0,0.0,0.0,0.0,0.0,0.0,0.0,877.0,0.0,0.0,2025-04-01,2025-04-30,monthly,30,False,32.48,,29.23,,delft,c2a928a6d3ad30cbed4d72f76c194b0f,INKANO_Monthly_Ads_-_SHOPEE.csv
InKano Terra Skirt - Rok midi wanita dengan details pleats dan pinggang full karet,Dijeda,Iklan Produk,27934674617,GMV Max ROAS,Semua Penempatan,24/04/2025 00:00:00,515.0,16.0,0.0311,0.0,0.0,0.0,0.0,0.0,0.0,0.0,0.0,0.0,12232.0,0.0,0.0,2025-04-01,2025-04-30,monthly,30,False,764.5,,407.73,,terra,4c01ef46775274110217738a6ebd382f,INKANO_Monthly_Ads_-_SHOPEE.csv
InKano Catnip - Rok midi wanita bahan parasut dan pinggang full karet,Dijeda,Iklan Produk,24294489617,GMV Max ROAS,Semua Penempatan,24/04/2025 00:00:00,282.0,15.0,0.053200000000000004,0.0,0.0,0.0,0.0,0.0,0.0,0.0,0.0,0.0,6864.0,0.0,0.0,2025-04-01,2025-04-30,monthly,30,False,457.6,,228.8,,catnip,43d52b8b87f91a5ad8a02855846ace93,INKANO_Monthly_Ads_-_SHOPEE.csv
"InKano - Marsh - Outerwear wanita katun blazer semi formal dengan kantong warna abu, hijau sage, coklat [4]",Dijeda,Iklan Produk,10480285092,GMV Max ROAS,Semua Penempatan,05/03/2025 00:00:00,5.0,0.0,0.0,0.0,0.0,0.0,0.0,0.0,0.0,0.0,0.0,0.0,0.0,0.0,0.0,2025-04-01,2025-04-30,monthly,30,False,,,,,marsh,7cf792928834ab74b2061f9dbd13c363,INKANO_Monthly_Ads_-_SHOPEE.csv
InKano - Ditton Dress - Midi dress wanita dress rajut wanita dengan details dash [5],Dijeda,Iklan Produk,18595795888,GMV Max ROAS,Semua Penempatan,05/03/2025 00:00:00,1.0,0.0,0.0,0.0,0.0,0.0,0.0,0.0,0.0,0.0,0.0,0.0,0.0,0.0,0.0,2025-04-01,2025-04-30,monthly,30,False,,,,,ditton,3be5ce183601e34c7f49910fd6cb0a84,INKANO_Monthly_Ads_-_SHOPEE.csv
"InKano - Proteus - Midi dress katun lengan pendek warna beige, merah bata, hitam, Biru Navy [4]",Dijeda,Iklan Produk,7078029495,GMV Max ROAS,Semua Penempatan,05/03/2025 00:00:00,1.0,0.0,0.0,0.0,0.0,0.0,0.0,0.0,0.0,0.0,0.0,0.0,0.0,0.0,0.0,2025-04-01,2025-04-30,monthly,30,False,,,,,proteus,4d08a8e0b64b942f9ec48733d4acf2b2,INKANO_Monthly_Ads_-_SHOPEE.csv
InKano Spire Dress - Sleeveless dress korea wanita katun warna coklat dan hitam black [7],Berjalan,Iklan Produk,19970359270,GMV Max ROAS,Semua Penempatan,26/10/2024 00:00:00,1075868.0,29784.0,0.0277,334.0,244.0,0.011200000000000002,0.008199999999999999,30428.95,346.0,254.0,104630200.0,80186700.0,10163268.0,10.29,7.89,2025-05-01,2025-05-31,monthly,31,False,341.23,302399.42,327847.35,11.161,spire,18ac14875395a8b68d08d64134e520ca,INKANO_Monthly_Ads_-_SHOPEE.csv
InKano Spire Dress - Sleeveless dress korea wanita katun warna coklat dan hitam black,Berjalan,Iklan Produk,27923231189,GMV Max ROAS,Semua Penempatan,11/01/2025 00:00:00,1024359.0,38827.0,0.0379,378.0,257.0,0.0097,0.0066,26383.7,383.0,257.0,115501390.0,82903000.0,9973037.0,11.58,8.31,2025-05-01,2025-05-31,monthly,31,False,256.86,301570.21,321710.87,12.355,spire,4b77482641c70e933202cb6614453efc,INKANO_Monthly_Ads_-_SHOPEE.csv
InKano - Thames Outer - Outerwear wanita knit cardigan wanita dengan details dash dan kancing [4],Berjalan,Iklan Produk,22787969197,GMV Max ROAS,Semua Penempatan,17/06/2024 00:00:00,698553.0,21157.0,0.030299999999999997,217.0,129.0,0.0103,0.0060999999999999995,33452.33,224.0,132.0,80596000.0,55308000.0,7259155.0,11.1,7.62,2025-05-01,2025-05-31,monthly,31,False,343.11,359803.57,234166.29,7.226,thames,8f4078f26c4fd486731009de063d86dd,INKANO_Monthly_Ads_-_SHOPEE.csv
InKano Thames Outer - Outerwear wanita knit cardigan wanita dengan details dash dan kancing,Berjalan,Iklan Produk,29273185813,GMV Max ROAS,Semua Penempatan,11/01/2025 00:00:00,635624.0,21165.0,0.0333,218.0,142.0,0.0103,0.0067,36301.61,226.0,147.0,83499450.0,61593000.0,7913751.0,10.55,7.78,2025-05-01,2025-05-31,monthly,31,False,373.91,369466.59,255282.29,7.29,thames,2addf85cbb76d5df19b23639dfce4875,INKANO_Monthly_Ads_-_SHOPEE.csv
InKano Cirrus - Dress wanita sleeveless midi dress wanita dengan details rok balloon,Berjalan,Iklan Produk,25390328930,GMV Max ROAS,Semua Penempatan,11/01/2025 00:00:00,383213.0,13136.0,0.034300000000000004,177.0,84.0,0.013500000000000002,0.0064,27799.16,181.0,86.0,49966400.0,25294000.0,4920451.0,10.15,5.14,2025-05-01,2025-05-31,monthly,31,False,374.58,276057.46,158724.23,5.839,cirrus,24eedc4bf500efb59bb9779fe43771ef,INKANO_Monthly_Ads_-_SHOPEE.csv
InKano Basic Tee - Kaos wanita full katun atasan wanita basic lengan pendek,Berjalan,Iklan Produk,26124817232,GMV Max ROAS,Semua Penempatan,12/04/2025 00:00:00,375682.0,11744.0,0.0313,235.0,173.0,0.02,0.0147,15594.95,297.0,229.0,33722450.0,23201100.0,3664814.0,9.2,6.33,2025-05-01,2025-05-31,monthly,31,False,312.06,113543.6,118219.81,9.581,kaos,ccbfda2a495175dbcfdd730c69a3d1c8,INKANO_Monthly_Ads_-_SHOPEE.csv
InKano - Thyme - Atasan rajut wanita dengan floral details untuk layering,Berjalan,Iklan Produk,25339467342,GMV Max ROAS,Semua Penempatan,16/12/2024 00:00:00,239052.0,10278.0,0.043,118.0,59.0,0.0115,0.005699999999999999,28193.04,120.0,59.0,35689500.0,21181000.0,3326778.0,10.73,6.37,2025-05-01,2025-05-31,monthly,31,False,323.68,297412.5,107315.42,3.871,thyme,d8f07d55207f7523680fc63bc12a2419,INKANO_Monthly_Ads_-_SHOPEE.csv
"InKano Linen Dress - Sleeveless dress linen, dress wanita midi dengan kancing depan warna offwhite stripes, dan navy strieps [5]",Berjalan,Iklan Produk,23870069126,GMV Max ROAS,Semua Penempatan,21/04/2025 00:00:00,230821.0,13311.0,0.057699999999999994,104.0,12.0,0.0078000000000000005,0.0009,26910.95,109.0,12.0,27041600.0,4391100.0,2798739.0,9.66,1.57,2025-05-01,2025-05-31,monthly,31,False,210.26,248088.07,90281.9,3.516,linen,08eed905bd12d19c40a1e9387f11291e,INKANO_Monthly_Ads_-_SHOPEE.csv
InKano Stripes Union- Oversized stripes cotton knit top with long sleeve bahan katun korean style [5],Berjalan,Iklan Produk,18680549695,GMV Max ROAS,Semua Penempatan,08/06/2024 00:00:00,216528.0,6353.0,0.029300000000000003,92.0,52.0,0.014499999999999999,0.008199999999999999,28213.28,97.0,55.0,27313300.0,16445000.0,2595622.0,10.52,6.34,2025-05-01,2025-05-31,monthly,31,False,408.57,281580.41,83729.74,3.129,stripes,db6f89aa1112bf321fd2fa1013cb6292,INKANO_Monthly_Ads_-_SHOPEE.csv
"InKano - Meadow - Cardigan rajut wanita bahan full katun, knit cardigan wanita",Berjalan,Iklan Produk,26670732939,GMV Max ROAS,Semua Penempatan,16/12/2024 00:00:00,201629.0,7445.0,0.0369,79.0,33.0,0.0106,0.0044,36193.05,86.0,39.0,27748900.0,15171000.0,2859251.0,9.7,5.31,2025-05-01,2025-05-31,monthly,31,False,384.05,322661.63,92233.9,2.774,meadow,f40ff2e78b7f2ddccfc94bda077543c7,INKANO_Monthly_Ads_-_SHOPEE.csv
"InKano Seville - Sleeveless midi dress wanita bahan katun warna beige coklat muda, navy blue, pearl ivory, peanut coklat tua [6]",Berjalan,Iklan Produk,5418636273,GMV Max ROAS,Semua Penempatan,08/06/2024 00:00:00,199783.0,7597.0,0.038,95.0,43.0,0.0125,0.005699999999999999,22029.19,96.0,43.0,21641400.0,9571200.0,2092773.0,10.34,4.57,2025-05-01,2025-05-31,monthly,31,False,275.47,225431.25,67508.81,3.097,seville,1837901c6dbb84ea7e5463d3f4011872,INKANO_Monthly_Ads_-_SHOPEE.csv
"InKano Waves - Midi dress bahan katun warna Putih (berfuring), Beige, Biru tua, Coklat tua, Hitam [7]",Berjalan,Iklan Produk,6137355964,GMV Max ROAS,Semua Penempatan,08/06/2024 00:00:00,194244.0,7693.0,0.039599999999999996,117.0,74.0,0.0152,0.0096,22569.03,125.0,78.0,26490200.0,15914400.0,2640577.0,10.03,6.03,2025-05-01,2025-05-31,monthly,31,False,343.24,211921.6,85179.9,4.032,waves,baeeb16098fd13836042f4056077abee,INKANO_Monthly_Ads_-_SHOPEE.csv
InKano - Haze - Atasan rajut basic wanita dengan bahan full katun inner basic wanita lengan panjang,Berjalan,Iklan Produk,26214700605,GMV Max ROAS,Semua Penempatan,22/10/2024 00:00:00,188944.0,9431.0,0.0499,70.0,41.0,0.0074,0.0043,25638.69,72.0,41.0,17893050.0,10349000.0,1794709.0,9.97,5.77,2025-05-01,2025-05-31,monthly,31,False,190.3,248514.58,57893.84,2.323,haze,39aadaf6b98ce1fb353b9ee12ecc7428,INKANO_Monthly_Ads_-_SHOPEE.csv
InKano Ann Cardie - Cadigan wanita katun outer rajut korean style [9],Berjalan,Iklan Produk,21486955097,GMV Max ROAS,Semua Penempatan,10/07/2024 00:00:00,157765.0,7664.0,0.048600000000000004,74.0,12.0,0.0097,0.0016,25746.42,78.0,12.0,20657200.0,3588000.0,1905235.0,10.84,1.88,2025-05-01,2025-05-31,monthly,31,False,248.6,264835.9,61459.19,2.516,ann,5f03f6759f73d8155c6ad1e14f52b741,INKANO_Monthly_Ads_-_SHOPEE.csv
InKano Basic Tee - Kaos wanita full katun atasan wanita basic lengan pendek,Berjalan,Iklan Produk,26514706880,GMV Max ROAS,Semua Penempatan,22/10/2024 00:00:00,155213.0,5973.0,0.0385,133.0,99.0,0.0223,0.0166,12099.43,152.0,117.0,17544350.0,11963100.0,1609225.0,10.9,7.43,2025-05-01,2025-05-31,monthly,31,False,269.42,115423.36,51910.48,4.903,kaos,33636ba670f4e6f6caf25a3e87ccc62d,INKANO_Monthly_Ads_-_SHOPEE.csv
InKano Rene Cardigan - Everyday cardigan wanita outerwear wanita knit cardigan cotton viscose [4],Berjalan,Iklan Produk,24571129042,GMV Max ROAS,Semua Penempatan,11/06/2024 00:00:00,136524.0,4930.0,0.0361,83.0,39.0,0.0168,0.0079,29014.42,86.0,39.0,27591750.0,14391000.0,2408196.0,11.46,5.98,2025-05-01,2025-05-31,monthly,31,False,488.48,320834.3,77683.74,2.774,rene,a5a55b816767bb577566b7ddee5a9166,INKANO_Monthly_Ads_-_SHOPEE.csv
InKano Acacia - Outerwear wanita dengan details bordir dan kain bertekstur linen,Berjalan,Iklan Produk,24593052285,GMV Max ROAS,Semua Penempatan,14/04/2025 00:00:00,136250.0,7343.0,0.053899999999999997,53.0,18.0,0.0072,0.0025,29572.34,55.0,19.0,15891300.0,5551000.0,1567334.0,10.14,3.54,2025-05-01,2025-05-31,monthly,31,False,213.45,288932.73,50559.16,1.774,acacia,836e75391bc41480c18262aacb433591,INKANO_Monthly_Ads_-_SHOPEE.csv
"InKano Cycle Jacket - See through jacket texturized fabric jaket wanita dengan hoodie warna beige, dusty pink, coklat [6]",Berjalan,Iklan Produk,22619901508,GMV Max ROAS,Semua Penempatan,11/06/2024 00:00:00,136107.0,8250.0,0.060599999999999994,52.0,26.0,0.0063,0.0032,21503.38,54.0,27.0,11853200.0,5373000.0,1118176.0,10.6,4.81,2025-05-01,2025-05-31,monthly,31,False,135.54,219503.7,36070.19,1.742,cycle,dbdfa9deea60260af773f3dcd29f6bb9,INKANO_Monthly_Ads_-_SHOPEE.csv
"InKano Gianna - Dress rayon dengan details ikat warna hitam, coklat muda, hijau olive dan soft pink [5]",Berjalan,Iklan Produk,4520695814,GMV Max ROAS,Semua Penempatan,08/06/2024 00:00:00,118450.0,6074.0,0.0513,41.0,23.0,0.0068000000000000005,0.0038,28184.08,42.0,24.0,9965300.0,5473100.0,1155547.0,8.62,4.74,2025-05-01,2025-05-31,monthly,31,False,190.24,237269.05,37275.71,1.355,gianna,ec19722cd9fa45e3a6db4b8a38536af4,INKANO_Monthly_Ads_-_SHOPEE.csv
"InKano - River - Sleeveless maxi cotton knit dress / Dress rajut katun panjang warna beige coklat susu, cloud grey abu muda, stone, asphalt abu tua [5]",Berjalan,Iklan Produk,9066211366,GMV Max ROAS,Semua Penempatan,18/07/2024 00:00:00,117260.0,4889.0,0.0417,51.0,19.0,0.0104,0.0039000000000000003,27191.37,57.0,20.0,13979050.0,5580000.0,1386760.0,10.08,4.02,2025-05-01,2025-05-31,monthly,31,False,283.65,245246.49,44734.19,1.839,river,12a8064dc046e2d88fabf920694f5a60,INKANO_Monthly_Ads_-_SHOPEE.csv
"InKano - Sparrow - Sleeveless maxi dress dengan texture plisket berfuring warna putih gading, abu muda, pink, coklat [4]",Berjalan,Iklan Produk,8150225187,GMV Max ROAS,Semua Penempatan,10/07/2024 00:00:00,113639.0,3925.0,0.0345,63.0,51.0,0.0161,0.013000000000000001,31488.64,66.0,54.0,16305900.0,13197000.0,1983784.0,8.22,6.65,2025-05-01,2025-05-31,monthly,31,False,505.42,247059.09,63993.03,2.129,sparrow,759e1a452f241a6b0438898ee43c5b95,INKANO_Monthly_Ads_-_SHOPEE.csv
"InKano - Crest - Pleated dress wanita sleeveless, dress wanita plisket tanpa lengan",Berjalan,Iklan Produk,24238660941,GMV Max ROAS,Semua Penempatan,25/11/2024 00:00:00,106124.0,3330.0,0.031400000000000004,54.0,26.0,0.016200000000000003,0.0078000000000000005,29785.5,54.0,26.0,16965300.0,8814000.0,1608417.0,10.55,5.48,2025-05-01,2025-05-31,monthly,31,False,483.01,314172.22,51884.42,1.742,crest,4dc3ff1d813cadf8383f48e9bc2b5069,INKANO_Monthly_Ads_-_SHOPEE.csv
"InKano - Basic Shirt - Kemeja basic rayon full kancing warna putih, hitam dan biru navy [4]",Berjalan,Iklan Produk,4654707139,GMV Max ROAS,Semua Penempatan,11/06/2024 00:00:00,103830.0,5582.0,0.0538,78.0,46.0,0.013999999999999999,0.008199999999999999,18111.45,78.0,46.0,14180090.0,7774000.0,1412693.0,10.04,5.5,2025-05-01,2025-05-31,monthly,31,False,253.08,181796.03,45570.74,2.516,shirt,c9a96399ed72739ef5ff8344b7d89d39,INKANO_Monthly_Ads_-_SHOPEE.csv
InKano - Lyn - Atasan wanita tanpa lengan sleveless top wanita dengan bahan ironless dan flowy dan details drape di pundak,Berjalan,Iklan Produk,28753233081,GMV Max ROAS,Semua Penempatan,24/06/2024 00:00:00,99708.0,3691.0,0.037000000000000005,45.0,34.0,0.012199999999999999,0.0092,22772.27,48.0,36.0,8346300.0,6084000.0,1024752.0,8.14,5.94,2025-05-01,2025-05-31,monthly,31,False,277.64,173881.25,33056.52,1.548,lyn,83eaf7d5246c3ec2ed42b02aed781581,INKANO_Monthly_Ads_-_SHOPEE.csv
InKano Hayes - Sleeveless dress wanita dengan details plisket di bagian depan,Berjalan,Iklan Produk,27029888504,GMV Max ROAS,Semua Penempatan,14/04/2025 00:00:00,93032.0,3656.0,0.0393,49.0,23.0,0.0134,0.0063,26645.82,50.0,23.0,12716400.0,6007000.0,1305645.0,9.74,4.6,2025-05-01,2025-05-31,monthly,31,False,357.12,254328.0,42117.58,1.613,hayes,5e86888427ae961dd273bdd83e052c74,INKANO_Monthly_Ads_-_SHOPEE.csv
InKano - Gale - Rok satin wanita warna bw creme dan hitam,Berjalan,Iklan Produk,28364865828,GMV Max ROAS,Semua Penempatan,24/10/2024 00:00:00,89493.0,4661.0,0.0521,70.0,46.0,0.015,0.009899999999999999,20902.81,72.0,48.0,14056450.0,9124200.0,1463197.0,9.61,6.24,2025-05-01,2025-05-31,monthly,31,False,313.92,195228.47,47199.9,2.323,gale,ebfa1d9dc6d742d8ba42451a103a0a5e,INKANO_Monthly_Ads_-_SHOPEE.csv
InKano Caise Skirt - Rok midi wanita straight midi slim skirt warna abu dan hitam [4],Berjalan,Iklan Produk,22959279323,GMV Max ROAS,Semua Penempatan,09/06/2024 00:00:00,87755.0,3691.0,0.0421,59.0,29.0,0.016,0.0079,18558.61,61.0,31.0,10443150.0,4833600.0,1094958.0,9.54,4.41,2025-05-01,2025-05-31,monthly,31,False,296.66,171199.18,35321.23,1.968,caise,7ed185856e3707c17b8d05beb84c6b02,INKANO_Monthly_Ads_-_SHOPEE.csv
"InKano Dales Cargo Pants - Cargo pants wanita celana panjang cargo wanita pinggang full karet warna beige, light grey, khaki [2]",Berjalan,Iklan Produk,25506769709,GMV Max ROAS,Semua Penempatan,17/06/2024 00:00:00,74829.0,2291.0,0.030600000000000002,41.0,21.0,0.0179,0.0092,26137.29,42.0,22.0,12177640.0,7238000.0,1071629.0,11.36,6.75,2025-05-01,2025-05-31,monthly,31,False,467.76,289943.81,34568.68,1.355,dales,b3ced03653a814eeada8351850675ada,INKANO_Monthly_Ads_-_SHOPEE.csv
"InKano - Float - 2 ways blouse wanita sleeveless bahan crinkle reversible square and v neck warna coklat,biru abu,biru tua muda [5]",Berjalan,Iklan Produk,18804681664,GMV Max ROAS,Semua Penempatan,09/06/2024 00:00:00,74811.0,3013.0,0.0403,55.0,21.0,0.0183,0.006999999999999999,17317.41,58.0,23.0,8975800.0,2967000.0,952458.0,9.42,3.12,2025-05-01,2025-05-31,monthly,31,False,316.12,154755.17,30724.45,1.871,float,da82afdcdbbadb2227a844c541823a62,INKANO_Monthly_Ads_-_SHOPEE.csv
"InKano Ravine - Sleveless dress wanita ironless crinkle fabric, midi inner dress wanita",Berjalan,Iklan Produk,25532425535,GMV Max ROAS,Semua Penempatan,24/06/2024 00:00:00,74358.0,3290.0,0.044199999999999996,51.0,21.0,0.0155,0.0064,19401.45,52.0,22.0,10404500.0,4028000.0,989474.0,10.52,4.07,2025-05-01,2025-05-31,monthly,31,False,300.75,200086.54,31918.52,1.677,ravine,13f75154ceee30b79b438d276bc91d47,INKANO_Monthly_Ads_-_SHOPEE.csv
InKano Cassia - Outer knit wanita lengan panjang dengan scallop hemming outerwear rajut wanita,Berjalan,Iklan Produk,27062867019,GMV Max ROAS,Semua Penempatan,04/11/2024 00:00:00,72405.0,2699.0,0.0373,31.0,13.0,0.0115,0.0048,26272.03,36.0,14.0,10052650.0,4746000.0,814433.0,12.34,5.83,2025-05-01,2025-05-31,monthly,31,False,301.75,279240.28,26272.03,1.161,cassia,8874223dd22558bbf776a51a14313392,INKANO_Monthly_Ads_-_SHOPEE.csv
InKano Alpine - Celana denim wanita relaxed fit dengan elastic di bagian belakang,Berjalan,Iklan Produk,29777681282,GMV Max ROAS,Semua Penempatan,01/03/2025 00:00:00,72067.0,2163.0,0.03,50.0,16.0,0.0231,0.0074,28456.23,51.0,16.0,13745300.0,5528600.0,1422812.0,9.66,3.89,2025-05-01,2025-05-31,monthly,31,False,657.8,269515.69,45897.16,1.645,alpine,8cc47479252b18686aba812848016469,INKANO_Monthly_Ads_-_SHOPEE.csv
InKano Soleil - Rok wanita dengan pinggang karet dan details kerut,Berjalan,Iklan Produk,25641348214,GMV Max ROAS,Semua Penempatan,15/02/2025 00:00:00,70284.0,3698.0,0.0526,30.0,12.0,0.008100000000000001,0.0032,31685.88,30.0,12.0,7568950.0,2988200.0,950576.0,7.96,3.14,2025-05-01,2025-05-31,monthly,31,False,257.05,252298.33,30663.74,0.968,soleil,f0c20e1cee1138e7d7f0829ee23b0437,INKANO_Monthly_Ads_-_SHOPEE.csv
"InKano Fig Skirt - Rok wanita structured flare skirt warna offwhite, coksu, hitam [7]",Berjalan,Iklan Produk,22444569998,GMV Max ROAS,Semua Penempatan,08/06/2024 00:00:00,69682.0,2600.0,0.0373,39.0,11.0,0.015,0.0042,28082.54,40.0,12.0,8918950.0,3142100.0,1095219.0,8.14,2.87,2025-05-01,2025-05-31,monthly,31,False,421.24,222973.75,35329.65,1.29,fig,d94d4ec75d2c5ca8884536a7ea4ef992,INKANO_Monthly_Ads_-_SHOPEE.csv
"InKano Paige - Kemeja rayon wanita full kancing warna putih, coklat muda, hitam, olive, hijau sage, biru tua, biru muda [3]",Berjalan,Iklan Produk,6273145078,GMV Max ROAS,Semua Penempatan,12/04/2025 00:00:00,59315.0,1514.0,0.0255,31.0,13.0,0.020499999999999997,0.0086,25201.03,36.0,18.0,6025250.0,2846100.0,781232.0,7.71,3.64,2025-05-01,2025-05-31,monthly,31,False,516.01,167368.06,25201.03,1.161,paige,6aee6c384c041695fcbaf7f6aceed2c2,INKANO_Monthly_Ads_-_SHOPEE.csv
"InKano - Oak - Rok midi dengan pinggang karet dan drawstring bahan katun warna ivory, coklat [7]",Berjalan,Iklan Produk,12963277331,GMV Max ROAS,Semua Penempatan,09/06/2024 00:00:00,54446.0,2943.0,0.0541,38.0,21.0,0.0129,0.0070999999999999995,21097.83,39.0,22.0,7442800.0,3938000.0,801718.0,9.28,4.91,2025-05-01,2025-05-31,monthly,31,False,272.42,190841.03,25861.87,1.258,oak,49ed6d590d98f534188a862537eca1f9,INKANO_Monthly_Ads_-_SHOPEE.csv
"InKano Waves - Midi dress bahan katun warna Putih (berfuring), Beige, Biru tua, Coklat tua, Hitam [5]",Berjalan,Iklan Produk,3537453641,GMV Max ROAS,Semua Penempatan,19/03/2025 00:00:00,53584.0,1850.0,0.0345,21.0,10.0,0.011399999999999999,0.0054,30272.92,22.0,10.0,4497200.0,2030000.0,635731.0,7.07,3.19,2025-05-01,2025-05-31,monthly,31,False,343.64,204418.18,20507.45,0.71,waves,988e36e6bc7c72a33c29ba72fe6bbb72,INKANO_Monthly_Ads_-_SHOPEE.csv
"InKano Paige - Kemeja rayon wanita full kancing warna putih, coklat muda, hitam, olive, hijau sage, biru tua, biru muda [4]",Berjalan,Iklan Produk,4216455466,GMV Max ROAS,Semua Penempatan,08/06/2024 00:00:00,52735.0,2083.0,0.0395,48.0,19.0,0.023,0.0091,16974.14,50.0,19.0,7763150.0,2989200.0,814759.0,9.53,3.67,2025-05-01,2025-05-31,monthly,31,False,391.15,155263.0,26282.55,1.613,paige,7100dc1057f6db44babeef386e9a6b83,INKANO_Monthly_Ads_-_SHOPEE.csv
InKano Tether - Rok midi wanita dengan serat bahan tencel rok kerja wanita casual,Berjalan,Iklan Produk,29220727488,GMV Max ROAS,Semua Penempatan,16/12/2024 00:00:00,51502.0,2210.0,0.0429,21.0,6.0,0.0095,0.0027,30276.25,22.0,6.0,5652800.0,1844000.0,635801.0,8.89,2.9,2025-05-01,2025-05-31,monthly,31,False,287.69,256945.45,20509.71,0.71,tether,4055029d79ed1649da21ab73751a3743,INKANO_Monthly_Ads_-_SHOPEE.csv
InKano Solstice Dress - Dress maxi wanita dengan tali spaghetti strap,Berjalan,Iklan Produk,43350410595,GMV Max ROAS,Semua Penempatan,15/05/2025 00:00:00,49111.0,1441.0,0.029300000000000003,26.0,19.0,0.018000000000000002,0.0132,28625.14,30.0,23.0,5948900.0,4447000.0,744254.0,7.99,5.98,2025-05-01,2025-05-31,monthly,31,False,516.48,198296.67,24008.19,0.968,solstice,31f4a6cccf6550c310098d8c9569e53b,INKANO_Monthly_Ads_-_SHOPEE.csv
InKano Cascade - Everyday sleeveless top wanita atasan wanita sleevelss bahan parasut,Berjalan,Iklan Produk,29802573288,GMV Max ROAS,Semua Penempatan,13/06/2024 00:00:00,46302.0,2484.0,0.0536,28.0,16.0,0.0113,0.0064,19003.36,28.0,16.0,4679500.0,2369100.0,532094.0,8.79,4.45,2025-05-01,2025-05-31,monthly,31,False,214.21,167125.0,17164.32,0.903,cascade,06bed76dbbd243240124800eeb80b342,INKANO_Monthly_Ads_-_SHOPEE.csv
InKano Fable - Kemeja katun wanita shirtdress dengan kancing full depan warna hitam dan abu [4],Berjalan,Iklan Produk,9449724340,GMV Max ROAS,Semua Penempatan,09/06/2024 00:00:00,44611.0,1369.0,0.030699999999999998,19.0,10.0,0.0139,0.0073,35698.82,19.0,10.0,5695500.0,2690000.0,678278.0,8.4,3.97,2025-05-01,2025-05-31,monthly,31,False,495.46,299763.16,21879.94,0.613,fable,cbd44c8098ab0b1bcfc769702a926aa8,INKANO_Monthly_Ads_-_SHOPEE.csv
InKano Eyre Drawstring Dress - sleeveless dress wanita midi dress wanita dengan drawstring pinggang [4],Berjalan,Iklan Produk,25022052499,GMV Max ROAS,Semua Penempatan,11/07/2024 00:00:00,40685.0,1612.0,0.039599999999999996,16.0,7.0,0.009899999999999999,0.0043,35027.33,16.0,7.0,3964100.0,1483000.0,560437.0,7.07,2.65,2025-05-01,2025-05-31,monthly,31,False,347.67,247756.25,18078.61,0.516,eyre,64cb1ef15edaa2a4924de158960bf8e9,INKANO_Monthly_Ads_-_SHOPEE.csv
"InKano Seville - Sleeveless midi dress wanita bahan katun warna beige coklat muda, navy blue, pearl ivory, peanut coklat tua [4]",Berjalan,Iklan Produk,5318635917,GMV Max ROAS,Semua Penempatan,13/05/2025 00:00:00,40092.0,1119.0,0.0279,16.0,10.0,0.0143,0.0089,27478.08,16.0,10.0,3301700.0,2190000.0,439649.0,7.51,4.98,2025-05-01,2025-05-31,monthly,31,False,392.89,206356.25,14182.23,0.516,seville,43b9dbb27a9dbcd3f984da94ffe1d7b5,INKANO_Monthly_Ads_-_SHOPEE.csv
"InKano - Ridge - Sleeveless maxi dress terbaru dengan style korea dan bahan rayon premium warna hitam, dusty lilac ungu muda, pink shades [4]",Berjalan,Iklan Produk,10979039292,GMV Max ROAS,Semua Penempatan,10/07/2024 00:00:00,37346.0,1267.0,0.0339,23.0,11.0,0.0182,0.0087,28437.05,23.0,11.0,5464800.0,2739000.0,654052.0,8.36,4.19,2025-05-01,2025-05-31,monthly,31,False,516.22,237600.0,21098.45,0.742,ridge,395706de91a5f00ecb6cfbdc808e2f5d,INKANO_Monthly_Ads_-_SHOPEE.csv
InKano Skylet - Sleeveless dress wanita minimalist maxi dress wanita dengan details crinkle texture dan straight cut,Berjalan,Iklan Produk,27176054532,GMV Max ROAS,Semua Penempatan,15/02/2025 00:00:00,37229.0,1692.0,0.0454,28.0,12.0,0.0165,0.0070999999999999995,25848.6,29.0,12.0,7621000.0,2708000.0,723761.0,10.53,3.74,2025-05-01,2025-05-31,monthly,31,False,427.75,262793.1,23347.13,0.935,skylet,504e9998a8d91eee68bc5ea4b47262c1,INKANO_Monthly_Ads_-_SHOPEE.csv
InKano - Tessera - Kemeja rajut lengan panjang dengan details tekstur untuk atasan maupun outerwear,Berjalan,Iklan Produk,27612634424,GMV Max ROAS,Semua Penempatan,02/10/2024 00:00:00,36088.0,1313.0,0.0364,8.0,4.0,0.0060999999999999995,0.003,49010.75,8.0,4.0,2269750.0,1436000.0,392086.0,5.79,3.66,2025-05-01,2025-05-31,monthly,31,False,298.62,283718.75,12647.94,0.258,tessera,2b1ac18a6eedc20571eae8b3d5e63660,INKANO_Monthly_Ads_-_SHOPEE.csv
InKano - Glint Skirt - Rok wanita semi formal dengan pinggang karet elastis warna abu [4],Berjalan,Iklan Produk,21358379617,GMV Max ROAS,Semua Penempatan,11/06/2024 00:00:00,32965.0,1517.0,0.046,16.0,7.0,0.0105,0.0046,24045.45,16.0,7.0,2975450.0,1323000.0,384727.0,7.73,3.44,2025-05-01,2025-05-31,monthly,31,False,253.61,185965.62,12410.55,0.516,glint,a66889cf025242e0e9036276b44ee1fe,INKANO_Monthly_Ads_-_SHOPEE.csv
InKano Faye - Sleeveless midi dress wanita 100% katun dengan details ikat,Berjalan,Iklan Produk,28884663826,GMV Max ROAS,Semua Penempatan,24/04/2025 00:00:00,25103.0,1092.0,0.0435,5.0,3.0,0.0046,0.0027,45582.64,5.0,3.0,1300500.0,937000.0,227913.0,5.71,4.11,2025-05-01,2025-05-31,monthly,31,False,208.71,260100.0,7352.03,0.161,faye,8c8d2f7e4653f26aba6a57a4238182d6,INKANO_Monthly_Ads_-_SHOPEE.csv
"InKano Bree - Sleeveless midi dress rayon warna putih, coklat beige, hijau olive, hijau sage, hitam [4]",Berjalan,Iklan Produk,8012587266,GMV Max ROAS,Semua Penempatan,26/10/2024 00:00:00,23844.0,1068.0,0.044800000000000006,10.0,3.0,0.009399999999999999,0.0028000000000000004,21187.93,10.0,3.0,2443500.0,753200.0,211879.0,11.53,3.55,2025-05-01,2025-05-31,monthly,31,False,198.39,244350.0,6834.81,0.323,bree,9d4963e0ce9ae735abf6e033135e271e,INKANO_Monthly_Ads_-_SHOPEE.csv
InKano Echo - Celana pendek parasut wanita full pinggang karet,Berjalan,Iklan Produk,27703225497,GMV Max ROAS,Semua Penempatan,24/06/2024 00:00:00,7299.0,314.0,0.043,5.0,3.0,0.0159,0.0096,22871.46,5.0,3.0,880100.0,507000.0,114357.0,7.7,4.43,2025-05-01,2025-05-31,monthly,31,False,364.19,176020.0,3688.94,0.161,echo,b818c3b40ad7164f21b938abe96c2c13,INKANO_Monthly_Ads_-_SHOPEE.csv
InKano - Thyme - Atasan rajut wanita dengan floral details untuk layering,Berjalan,Iklan Produk,40651650756,GMV Max ROAS,Semua Penempatan,21/05/2025 00:00:00,5306.0,114.0,0.0215,0.0,0.0,0.0,0.0,0.0,0.0,0.0,0.0,0.0,78419.0,0.0,0.0,2025-05-01,2025-05-31,monthly,31,False,687.89,,2529.65,,thyme,27c9bc02c81193decdae3df2f845d4ed,INKANO_Monthly_Ads_-_SHOPEE.csv
InKano Briette - Crop top wanita crop top outerwear wanita dengan details tali ikat [4],Berjalan,Iklan Produk,25575584031,GMV Max ROAS,Semua Penempatan,08/06/2024 00:00:00,5247.0,269.0,0.0513,6.0,5.0,0.0223,0.018600000000000002,11711.63,8.0,7.0,1472000.0,1263000.0,70270.0,20.95,17.97,2025-05-01,2025-05-31,monthly,31,False,261.23,184000.0,2266.77,0.258,briette,eb29ea69be173fb39c3d576b8cf1bae0,INKANO_Monthly_Ads_-_SHOPEE.csv
InKano Stripes Union- Oversized stripes cotton knit top with long sleeve bahan katun korean style,Berjalan,Iklan Produk,40401639592,GMV Max ROAS,Semua Penempatan,21/05/2025 00:00:00,3534.0,55.0,0.015600000000000001,0.0,0.0,0.0,0.0,0.0,0.0,0.0,0.0,0.0,48158.0,0.0,0.0,2025-05-01,2025-05-31,monthly,31,False,875.6,,1553.48,,stripes,074dfaead8a56e43a559d90eaa6ccd42,INKANO_Monthly_Ads_-_SHOPEE.csv
InKano Ripple - Rok plisket wanita flowy pinggang karet [2],Berjalan,Iklan Produk,25439467291,GMV Max ROAS,Semua Penempatan,16/12/2024 00:00:00,847.0,47.0,0.0555,0.0,0.0,0.0,0.0,0.0,0.0,0.0,0.0,0.0,17456.0,0.0,0.0,2025-05-01,2025-05-31,monthly,31,False,371.4,,563.1,,ripple,95b24241e0c5741d1c51a060de76cf50,INKANO_Monthly_Ads_-_SHOPEE.csv
InKano Fray - Celana wanita high waist relaxed fit,Berjalan,Iklan Produk,24991420380,GMV Max ROAS,Semua Penempatan,15/02/2025 00:00:00,297.0,16.0,0.053899999999999997,1.0,0.0,0.0625,0.0,1381.66,1.0,0.0,369000.0,0.0,1382.0,267.07,0.0,2025-05-01,2025-05-31,monthly,31,False,86.38,369000.0,44.58,0.032,fray,47bb6b3e7e34399cedb655cc4ee93f0d,INKANO_Monthly_Ads_-_SHOPEE.csv
"InKano Piper - Sleeveless dress wanita dengan details pleats abstract, inner dress wanita layering",Berjalan,Iklan Produk,27179903627,GMV Max ROAS,Semua Penempatan,14/04/2025 00:00:00,72.0,4.0,0.0556,0.0,0.0,0.0,0.0,0.0,0.0,0.0,0.0,0.0,138.0,0.0,0.0,2025-05-01,2025-05-31,monthly,31,False,34.5,,4.45,,piper,4c5d991c5a6c362828561241c6486b88,INKANO_Monthly_Ads_-_SHOPEE.csv
"InKano - Marri Dress - Sleeveless knit dress with texture details and viscose fabric, dress rajut wanita tanpa lengan",Dijeda,Iklan Produk,26268479785,GMV Max ROAS,Semua Penempatan,25/11/2024 00:00:00,134459.0,5654.0,0.042,58.0,18.0,0.0103,0.0032,29478.34,60.0,19.0,17951750.0,7581000.0,1709744.0,10.5,4.43,2025-05-01,2025-05-31,monthly,31,False,302.4,299195.83,55153.03,1.935,marri,9b4e699b03a7923b5f1380c74b94effd,INKANO_Monthly_Ads_-_SHOPEE.csv
InKano Hearth - Minimalist sleeveless dress wanita dengan details drape dan natural tone,Dijeda,Iklan Produk,29128168295,GMV Max ROAS,Semua Penempatan,04/03/2025 00:00:00,96170.0,4689.0,0.048799999999999996,45.0,17.0,0.0096,0.0036,24020.72,45.0,17.0,11476500.0,3973000.0,1080932.0,10.62,3.68,2025-05-01,2025-05-31,monthly,31,False,230.53,255033.33,34868.77,1.452,hearth,49a7c605b09a14aed83863ad7ecece4a,INKANO_Monthly_Ads_-_SHOPEE.csv
InKano - Rumme Top - atasan wanita linen blouse wanita longsleeves dengan details kerah drawstring [4],Dijeda,Iklan Produk,23289747436,GMV Max ROAS,Semua Penempatan,11/06/2024 00:00:00,87975.0,5368.0,0.061,42.0,13.0,0.0078000000000000005,0.0024,21253.91,42.0,13.0,8675400.0,2587000.0,892664.0,9.72,2.9,2025-05-01,2025-05-31,monthly,31,False,166.29,206557.14,28795.61,1.355,rumme,37b3cf5223073ef5110398fe176d43e9,INKANO_Monthly_Ads_-_SHOPEE.csv
InKano Lowen - Relaxed dress wanita A Line dengan details floral lace,Dijeda,Iklan Produk,28828164827,GMV Max ROAS,Semua Penempatan,04/03/2025 00:00:00,87072.0,5566.0,0.0639,35.0,9.0,0.0063,0.0016,30846.78,38.0,11.0,10484190.0,3735700.0,1079637.0,9.71,3.46,2025-05-01,2025-05-31,monthly,31,False,193.97,275899.74,34827.0,1.226,lowen,8c268470b9acad787da47de31b57e7df,INKANO_Monthly_Ads_-_SHOPEE.csv
InKano Bryony - Shirtdress wanita lengan panjang dengan bahan rayon premium dan full kancing depan.,Dijeda,Iklan Produk,27478179093,GMV Max ROAS,Semua Penempatan,04/03/2025 00:00:00,86772.0,3644.0,0.042,44.0,20.0,0.0121,0.0055000000000000005,32782.24,48.0,24.0,11962800.0,6456000.0,1442419.0,8.29,4.48,2025-05-01,2025-05-31,monthly,31,False,395.83,249225.0,46529.65,1.548,bryony,2bc50ee6b0dc6ecbd029ddaeac3214b6,INKANO_Monthly_Ads_-_SHOPEE.csv
"InKano - Hill - Celana panjang rayon wanita dengan kantong dan pinggang karet warna sand coklat susu, hitam, muted blush soft pink, dusty blue, space blue indigo, marsala brick, hijau olive [6]",Dijeda,Iklan Produk,4846833586,GMV Max ROAS,Semua Penempatan,08/02/2025 00:00:00,71900.0,3268.0,0.0455,34.0,18.0,0.0104,0.0055000000000000005,31995.4,41.0,21.0,9812300.0,4555200.0,1087843.0,9.02,4.19,2025-05-01,2025-05-31,monthly,31,False,332.88,239324.39,35091.71,1.323,hill,815ed4043eaeb3aed26e7e95d5d4599d,INKANO_Monthly_Ads_-_SHOPEE.csv
InKano Trelis - Atasan rajut wanita stripes oversized,Dijeda,Iklan Produk,26626044035,GMV Max ROAS,Semua Penempatan,15/02/2025 00:00:00,67364.0,2533.0,0.037599999999999995,19.0,5.0,0.0075,0.002,40663.25,20.0,5.0,6136400.0,1645000.0,772602.0,7.94,2.13,2025-05-01,2025-05-31,monthly,31,False,305.01,306820.0,24922.65,0.645,trelis,d8d095365f2a41a397243bb9744a2daa,INKANO_Monthly_Ads_-_SHOPEE.csv
InKano Twain - Outerwear wanita dengan details ikat dan abstract texture,Dijeda,Iklan Produk,24592150275,GMV Max ROAS,Semua Penempatan,04/03/2025 00:00:00,59917.0,1956.0,0.0326,52.0,14.0,0.026600000000000002,0.0072,28705.89,55.0,15.0,13141700.0,4020600.0,1492706.0,8.8,2.69,2025-05-01,2025-05-31,monthly,31,False,763.14,238940.0,48151.81,1.774,twain,c2700768013fca9665846475cac19dda,INKANO_Monthly_Ads_-_SHOPEE.csv
InKano - Havelock Top - Atasan cropped rop wanita sleeveless crop blouse katun wanita [4],Dijeda,Iklan Produk,25509339092,GMV Max ROAS,Semua Penempatan,04/11/2024 00:00:00,55338.0,3049.0,0.055099999999999996,37.0,15.0,0.0121,0.0049,19788.98,38.0,15.0,6284150.0,2385000.0,732192.0,8.58,3.26,2025-05-01,2025-05-31,monthly,31,False,240.14,165372.37,23619.1,1.226,havelock,e2484dba92be5ac6cef35ac34ba03506,INKANO_Monthly_Ads_-_SHOPEE.csv
InKano Floral Slate - Rok midi wanita rok plisket dengan motif floral,Dijeda,Iklan Produk,28534574278,GMV Max ROAS,Semua Penempatan,24/04/2025 00:00:00,47416.0,1912.0,0.0403,28.0,9.0,0.0146,0.004699999999999999,34559.55,30.0,9.0,7194800.0,3041000.0,967667.0,7.44,3.14,2025-05-01,2025-05-31,monthly,31,False,506.1,239826.67,31215.06,0.968,floral,e3ec6d4077ce7948bd3377d9241c9755,INKANO_Monthly_Ads_-_SHOPEE.csv
InKano Mist - Kemeja katun wanita relaxed oversized dengan details texture,Dijeda,Iklan Produk,27225985381,GMV Max ROAS,Semua Penempatan,15/02/2025 00:00:00,45446.0,2079.0,0.045700000000000005,19.0,7.0,0.0091,0.0034000000000000002,35981.28,19.0,7.0,3711050.0,1393000.0,683644.0,5.43,2.04,2025-05-01,2025-05-31,monthly,31,False,328.83,195318.42,22053.03,0.613,mist,0e72f3556cec51990874dd5b78b809c0,INKANO_Monthly_Ads_-_SHOPEE.csv
InKano - Canvas Bag - Totebag canvas besar dan versatile dengan bahan canvas tebal,Dijeda,Iklan Produk,27923674175,GMV Max ROAS,Semua Penempatan,18/01/2025 00:00:00,44310.0,2660.0,0.06,24.0,15.0,0.009000000000000001,0.005600000000000001,19379.51,24.0,15.0,4579450.0,2685000.0,465108.0,9.85,5.77,2025-05-01,2025-05-31,monthly,31,False,174.85,190810.42,15003.48,0.774,canvas,e28d816dbbaea50bd5a516364938848a,INKANO_Monthly_Ads_-_SHOPEE.csv
InKano Hive - Midi dress wanita bahan rajut lengan pendek dengan texture waffle,Dijeda,Iklan Produk,25094452856,GMV Max ROAS,Semua Penempatan,24/04/2025 00:00:00,44000.0,856.0,0.0195,29.0,12.0,0.0339,0.013999999999999999,38866.34,31.0,14.0,7909600.0,3896000.0,1127124.0,7.02,3.46,2025-05-01,2025-05-31,monthly,31,False,1316.73,255148.39,36358.84,1.0,hive,0c48d09f78d1304f8211859cdf411161,INKANO_Monthly_Ads_-_SHOPEE.csv
InKano - Valley - Kemeja rayon wanita lengan pendek untuk kantor dan casual [2],Dijeda,Iklan Produk,25236554077,GMV Max ROAS,Semua Penempatan,05/03/2025 00:00:00,32141.0,1517.0,0.0472,35.0,16.0,0.0231,0.0105,14631.92,38.0,18.0,5704200.0,2281500.0,512117.0,11.14,4.46,2025-05-01,2025-05-31,monthly,31,False,337.59,150110.53,16519.9,1.226,valley,1941aed138fbae630f861f3f480863a0,INKANO_Monthly_Ads_-_SHOPEE.csv
"InKano - Volca Dress - Washed knitted dress, everyday sleeveless dress wanita bahan katun knit [5]",Dijeda,Iklan Produk,25471126885,GMV Max ROAS,Semua Penempatan,05/03/2025 00:00:00,30656.0,1186.0,0.0387,29.0,10.0,0.0245,0.0084,23414.79,29.0,10.0,7021750.0,2528500.0,679029.0,10.34,3.72,2025-05-01,2025-05-31,monthly,31,False,572.54,242129.31,21904.16,0.935,volca,6e6ce0df40070bb57089f5a28d0d8eeb,INKANO_Monthly_Ads_-_SHOPEE.csv
"InKano - Pasture - Kemeja wanita blouse lengan panjang full kancing bahan rayon warna Black, Latte, Marsala [5]",Dijeda,Iklan Produk,14876963468,GMV Max ROAS,Semua Penempatan,06/11/2024 00:00:00,30532.0,1120.0,0.036699999999999997,24.0,13.0,0.021400000000000002,0.0116,21692.44,24.0,13.0,4647300.0,2328300.0,520618.0,8.93,4.47,2025-05-01,2025-05-31,monthly,31,False,464.84,193637.5,16794.13,0.774,pasture,d7099df134f68a960163783d12054973,INKANO_Monthly_Ads_-_SHOPEE.csv
"InKano - Pome Skort - Skort wanita warna offwhite, taupe, dan black [5]",Dijeda,Iklan Produk,20192284890,GMV Max ROAS,Semua Penempatan,05/03/2025 00:00:00,29169.0,2025.0,0.0694,11.0,4.0,0.0054,0.002,25856.9,11.0,4.0,1784220.0,477420.0,284426.0,6.27,1.68,2025-05-01,2025-05-31,monthly,31,False,140.46,162201.82,9175.03,0.355,pome,870ad741074892b87ce8775b41a88845,INKANO_Monthly_Ads_-_SHOPEE.csv
InKano - Maxie Shirt [5],Dijeda,Iklan Produk,24866947259,GMV Max ROAS,Semua Penempatan,05/03/2025 00:00:00,29143.0,1716.0,0.058899999999999994,13.0,5.0,0.0076,0.0029,28702.46,13.0,5.0,2201540.0,572500.0,373132.0,5.9,1.53,2025-05-01,2025-05-31,monthly,31,False,217.44,169349.23,12036.52,0.419,maxie,dfa3abf013790521f00507e7c0deaedb,INKANO_Monthly_Ads_-_SHOPEE.csv
"InKano - Two-Tone Petal - Atasan rajut wanita sleeveless dengan details two tone, hemming bunga, dan bahan viscose rajut yang lembut",Dijeda,Iklan Produk,28412764733,GMV Max ROAS,Semua Penempatan,02/10/2024 00:00:00,21025.0,839.0,0.039900000000000005,12.0,4.0,0.0143,0.0048,19324.52,12.0,4.0,2540500.0,896400.0,231894.0,10.96,3.87,2025-05-01,2025-05-31,monthly,31,False,276.39,211708.33,7480.45,0.387,two,b8089a1f90ff7e3431c9969b13785414,INKANO_Monthly_Ads_-_SHOPEE.csv
InKano Cedar - Sleeveless dress wanita dengan bahan crepe dan details pinggang,Dijeda,Iklan Produk,28028179741,GMV Max ROAS,Semua Penempatan,04/03/2025 00:00:00,20697.0,1264.0,0.0611,9.0,1.0,0.0070999999999999995,0.0008,24038.8,9.0,1.0,2059100.0,229000.0,216349.0,9.52,1.06,2025-05-01,2025-05-31,monthly,31,False,171.16,228788.89,6979.0,0.29,cedar,9fe3c9f9179073f2c6568eafe2451696,INKANO_Monthly_Ads_-_SHOPEE.csv
InKano - Spring Outer [5],Dijeda,Iklan Produk,25166947712,GMV Max ROAS,Semua Penempatan,05/03/2025 00:00:00,16801.0,1004.0,0.059800000000000006,6.0,0.0,0.006,0.0,20287.62,6.0,0.0,1608050.0,0.0,121726.0,13.21,0.0,2025-05-01,2025-05-31,monthly,31,False,121.24,268008.33,3926.65,0.194,spring,759bf12582fd6ffc439d697d0b17eb54,INKANO_Monthly_Ads_-_SHOPEE.csv
InKano - Twine Dress - Oversized midi dress wanita full kancing everyday dress [4],Dijeda,Iklan Produk,24402023278,GMV Max ROAS,Semua Penempatan,11/06/2024 00:00:00,15010.0,1029.0,0.06860000000000001,1.0,1.0,0.001,0.001,58654.64,1.0,1.0,231200.0,231200.0,58655.0,3.94,3.94,2025-05-01,2025-05-31,monthly,31,False,57.0,231200.0,1892.1,0.032,twine,9fd7ea5c549f4f360635888f8aa7e969,INKANO_Monthly_Ads_-_SHOPEE.csv
Inkano - Vale - Vest rajut wanita crop knit vest katun viscose [2],Dijeda,Iklan Produk,29002563957,GMV Max ROAS,Semua Penempatan,05/03/2025 00:00:00,12777.0,640.0,0.0501,5.0,1.0,0.0078000000000000005,0.0016,55222.14,5.0,1.0,1363400.0,199200.0,276111.0,4.94,0.72,2025-05-01,2025-05-31,monthly,31,False,431.42,272680.0,8906.81,0.161,vale,bd71170bc50b0bf5132489cd7c63a4b5,INKANO_Monthly_Ads_-_SHOPEE.csv
InKano Trail - Atasan wanita outerwear wanita sleeveless dengan details drape di bagian belakang,Dijeda,Iklan Produk,29976007170,GMV Max ROAS,Semua Penempatan,15/02/2025 00:00:00,10164.0,419.0,0.0412,5.0,1.0,0.011899999999999999,0.0024,37898.2,5.0,1.0,1050500.0,179000.0,189491.0,5.54,0.94,2025-05-01,2025-05-31,monthly,31,False,452.25,210100.0,6112.61,0.161,trail,2cd800f693ac6c2cccff9d483103f588,INKANO_Monthly_Ads_-_SHOPEE.csv
InKano Thistle - Totebag parasut minimalis dengan details pita,Dijeda,Iklan Produk,29323681171,GMV Max ROAS,Semua Penempatan,18/01/2025 00:00:00,10045.0,415.0,0.041299999999999996,1.0,0.0,0.0024,0.0,124189.09,1.0,0.0,339000.0,0.0,124189.0,2.73,0.0,2025-05-01,2025-05-31,monthly,31,False,299.25,339000.0,4006.1,0.032,thistle,bb14e2064c58a76e46946337ba4d2314,INKANO_Monthly_Ads_-_SHOPEE.csv
"InKano - Meadow - Cardigan rajut wanita bahan full katun, knit cardigan wanita",Dijeda,Iklan Produk,41051655502,GMV Max ROAS,Semua Penempatan,21/05/2025 00:00:00,10018.0,215.0,0.0215,4.0,2.0,0.018600000000000002,0.009300000000000001,46157.36,4.0,2.0,1526000.0,778000.0,184629.0,8.27,4.21,2025-05-01,2025-05-31,monthly,31,False,858.74,381500.0,5955.77,0.129,meadow,5027921618e0ac129a88037b60e4bc2f,INKANO_Monthly_Ads_-_SHOPEE.csv
InKano Catnip - Rok midi wanita bahan parasut dan pinggang full karet,Dijeda,Iklan Produk,24294489617,GMV Max ROAS,Semua Penempatan,24/04/2025 00:00:00,9978.0,383.0,0.0384,8.0,3.0,0.0209,0.0078000000000000005,24065.03,9.0,3.0,1661400.0,567000.0,192520.0,8.63,2.95,2025-05-01,2025-05-31,monthly,31,False,502.66,184600.0,6210.32,0.29,catnip,e0193e2ecc3cb64bd4335a40082210e6,INKANO_Monthly_Ads_-_SHOPEE.csv
"InKano - Dow Knit Top - Atasan wanita polos blouse knit rajut warna kuning butter, pastel green, abu muda, pink mauve [6]",Dijeda,Iklan Produk,22019900469,GMV Max ROAS,Semua Penempatan,05/03/2025 00:00:00,9857.0,323.0,0.032799999999999996,7.0,2.0,0.0217,0.0062,23917.07,7.0,2.0,1183500.0,249000.0,167420.0,7.07,1.49,2025-05-01,2025-05-31,monthly,31,False,518.33,169071.43,5400.65,0.226,dow,ea92432818949713ca91d32562b1df32,INKANO_Monthly_Ads_-_SHOPEE.csv
InKano Terra Skirt - Rok midi wanita dengan details pleats dan pinggang full karet,Dijeda,Iklan Produk,27934674617,GMV Max ROAS,Semua Penempatan,24/04/2025 00:00:00,7815.0,275.0,0.0352,3.0,1.0,0.0109,0.0036,38604.38,3.0,1.0,707100.0,249000.0,115813.0,6.11,2.15,2025-05-01,2025-05-31,monthly,31,False,421.14,235700.0,3735.9,0.097,terra,7c75ffde6a94e7191ef4b12885523155,INKANO_Monthly_Ads_-_SHOPEE.csv
InKano Erty - Dress wanita sleeveless dengan details plisket maxi dress wanita,Dijeda,Iklan Produk,27684689696,GMV Max ROAS,Semua Penempatan,24/04/2025 00:00:00,7457.0,288.0,0.038599999999999995,3.0,2.0,0.0104,0.0069,36953.18,3.0,2.0,1107000.0,858000.0,110860.0,9.99,7.74,2025-05-01,2025-05-31,monthly,31,False,384.93,369000.0,3576.13,0.097,erty,7bdaeed9959a267b05b2237c83b6a2be,INKANO_Monthly_Ads_-_SHOPEE.csv
InKano - Clover - Atasan rayon wanita lengan panjang dengan details kerut [2],Dijeda,Iklan Produk,29768478436,GMV Max ROAS,Semua Penempatan,05/03/2025 00:00:00,4680.0,200.0,0.042699999999999995,4.0,1.0,0.02,0.005,12099.72,4.0,1.0,520300.0,135200.0,48399.0,10.75,2.79,2025-05-01,2025-05-31,monthly,31,False,242.0,130075.0,1561.26,0.129,clover,ab55a8883a3e0a10a760c7140f5ce7dc,INKANO_Monthly_Ads_-_SHOPEE.csv
InKano - Irie Dress [5],Dijeda,Iklan Produk,24869174958,GMV Max ROAS,Semua Penempatan,05/03/2025 00:00:00,3466.0,212.0,0.061200000000000004,3.0,2.0,0.014199999999999999,0.009399999999999999,5156.96,3.0,2.0,413500.0,249000.0,15471.0,26.73,16.09,2025-05-01,2025-05-31,monthly,31,False,72.98,137833.33,499.06,0.097,irie,43c78e17676776b1914db0062e7f8182,INKANO_Monthly_Ads_-_SHOPEE.csv
"InKano Velar - Minimalist sleeveless dress wanita dengan premium cotton, structured sihouette dan details knit",Dijeda,Iklan Produk,27128176362,GMV Max ROAS,Semua Penempatan,04/03/2025 00:00:00,142.0,2.0,0.0141,1.0,1.0,0.5,0.5,1017.07,1.0,1.0,359000.0,359000.0,1017.0,352.98,352.98,2025-05-01,2025-05-31,monthly,31,False,508.5,359000.0,32.81,0.032,velar,c1c3508b747c213f102ac8ece84cec14,INKANO_Monthly_Ads_-_SHOPEE.csv
InKano Ledge - Sleeveless shirt dress wanita dengan kancing depan dan dapat dipakai sebagai outerwear wanita,Dijeda,Iklan Produk,28478246565,GMV Max ROAS,Semua Penempatan,04/03/2025 00:00:00,48.0,3.0,0.0625,0.0,0.0,0.0,0.0,0.0,0.0,0.0,0.0,0.0,85.0,0.0,0.0,2025-05-01,2025-05-31,monthly,31,False,28.33,,2.74,,ledge,7fbc16db8c016a7757e6561cca132215,INKANO_Monthly_Ads_-_SHOPEE.csv
InKano Dart - Celana panjang wanita dengan bahan lyocell yang halus dan tidak transparant,Dijeda,Iklan Produk,27574728605,GMV Max ROAS,Semua Penempatan,30/01/2025 00:00:00,41.0,2.0,0.048799999999999996,1.0,1.0,0.5,0.5,824.3,1.0,1.0,379000.0,379000.0,824.0,459.79,459.79,2025-05-01,2025-05-31,monthly,31,False,412.0,379000.0,26.58,0.032,dart,ed7a6c5dd5d19190ea23beb3f2b403ce,INKANO_Monthly_Ads_-_SHOPEE.csv
InKano Spire Dress - Sleeveless dress korea wanita katun warna coklat dan hitam black [7],Berjalan,Iklan Produk,19970359270,GMV Max ROAS,Semua Penempatan,26/10/2024 00:00:00,1406808.0,40041.0,0.0285,496.0,353.0,0.0124,0.0088,29252.51,503.0,356.0,149725540.0,112006900.0,14509244.0,10.32,7.72,2025-06-01,2025-06-30,monthly,30,False,362.36,297665.09,483641.47,16.767,spire,1f864fffffad86f610753dc0e2132528,INKANO_Monthly_Ads_-_SHOPEE.csv
InKano Spire Dress - Sleeveless dress korea wanita katun warna coklat dan hitam black,Berjalan,Iklan Produk,27923231189,GMV Max ROAS,Semua Penempatan,11/01/2025 00:00:00,953262.0,34789.0,0.0365,347.0,206.0,0.01,0.0059,28028.9,355.0,211.0,102535690.0,67279000.0,9726029.0,10.54,6.92,2025-06-01,2025-06-30,monthly,30,False,279.57,288832.93,324200.97,11.833,spire,3d3def83ec6d618c18b5aad4e6c71c68,INKANO_Monthly_Ads_-_SHOPEE.csv
InKano Thames Outer - Outerwear wanita knit cardigan wanita dengan details dash dan kancing,Berjalan,Iklan Produk,29273185813,GMV Max ROAS,Semua Penempatan,11/01/2025 00:00:00,621302.0,20364.0,0.032799999999999996,209.0,139.0,0.0103,0.0068000000000000005,38896.48,216.0,140.0,81344150.0,58660000.0,8129365.0,10.01,7.22,2025-06-01,2025-06-30,monthly,30,False,399.2,376593.29,270978.83,7.2,thames,df250ee4f1ac76026318ddec00093455,INKANO_Monthly_Ads_-_SHOPEE.csv
InKano - Thames Outer - Outerwear wanita knit cardigan wanita dengan details dash dan kancing [4],Berjalan,Iklan Produk,22787969197,GMV Max ROAS,Semua Penempatan,17/06/2024 00:00:00,618217.0,18369.0,0.0297,233.0,123.0,0.0127,0.0067,34084.15,240.0,126.0,83336700.0,52794000.0,7941606.0,10.49,6.65,2025-06-01,2025-06-30,monthly,30,False,432.34,347236.25,264720.2,8.0,thames,d3a79729bdb7e073817756bc94c17c4f,INKANO_Monthly_Ads_-_SHOPEE.csv
InKano Cirrus - Dress wanita sleeveless midi dress wanita dengan details rok balloon,Berjalan,Iklan Produk,25390328930,GMV Max ROAS,Semua Penempatan,11/01/2025 00:00:00,387100.0,12679.0,0.032799999999999996,208.0,117.0,0.016399999999999998,0.0092,24950.08,213.0,119.0,56918550.0,34621000.0,5189616.0,10.97,6.67,2025-06-01,2025-06-30,monthly,30,False,409.31,267223.24,172987.2,7.1,cirrus,9ade20fd3f9be8ace4a401282cd47d3c,INKANO_Monthly_Ads_-_SHOPEE.csv
InKano Basic Tee - Kaos wanita full katun atasan wanita basic lengan pendek,Berjalan,Iklan Produk,26124817232,GMV Max ROAS,Semua Penempatan,12/04/2025 00:00:00,379078.0,10211.0,0.0269,338.0,251.0,0.0331,0.0246,11509.06,432.0,335.0,47260950.0,33635100.0,3890063.0,12.15,8.65,2025-06-01,2025-06-30,monthly,30,False,380.97,109400.35,129668.77,14.4,kaos,0a770c1c0764a74617834231f80be51a,INKANO_Monthly_Ads_-_SHOPEE.csv
InKano Cassia - Outer knit wanita lengan panjang dengan scallop hemming outerwear rajut wanita,Berjalan,Iklan Produk,27062867019,GMV Max ROAS,Semua Penempatan,04/11/2024 00:00:00,337870.0,12869.0,0.0381,186.0,91.0,0.014499999999999999,0.0070999999999999995,29400.53,191.0,91.0,54045750.0,30989000.0,5468498.0,9.88,5.67,2025-06-01,2025-06-30,monthly,30,False,424.94,282962.04,182283.27,6.367,cassia,f98b8b08e10eb055d87f6387aec8633f,INKANO_Monthly_Ads_-_SHOPEE.csv
InKano Stripes Union- Oversized stripes cotton knit top with long sleeve bahan katun korean style [5],Berjalan,Iklan Produk,18680549695,GMV Max ROAS,Semua Penempatan,08/06/2024 00:00:00,259610.0,8064.0,0.0311,112.0,61.0,0.0139,0.0076,26681.58,114.0,61.0,31813650.0,18239000.0,2988337.0,10.65,6.1,2025-06-01,2025-06-30,monthly,30,False,370.58,279067.11,99611.23,3.8,stripes,8ba07b13a8f1adcae016a89ee8ff8164,INKANO_Monthly_Ads_-_SHOPEE.csv
InKano Basic Tee - Kaos wanita full katun atasan wanita basic lengan pendek,Berjalan,Iklan Produk,26514706880,GMV Max ROAS,Semua Penempatan,22/10/2024 00:00:00,251752.0,7914.0,0.031400000000000004,221.0,150.0,0.0279,0.019,12496.41,276.0,193.0,30537400.0,19277100.0,2761707.0,11.06,6.98,2025-06-01,2025-06-30,monthly,30,False,348.96,110642.75,92056.9,9.2,kaos,03d63d95ad1d0d51857b45393b4c137d,INKANO_Monthly_Ads_-_SHOPEE.csv
"InKano Gianna - Dress rayon dengan details ikat warna hitam, coklat muda, hijau olive dan soft pink [5]",Berjalan,Iklan Produk,4520695814,GMV Max ROAS,Semua Penempatan,08/06/2024 00:00:00,249012.0,13237.0,0.053200000000000004,86.0,63.0,0.006500000000000001,0.0048,22933.5,89.0,64.0,20379600.0,14656000.0,1972281.0,10.33,7.43,2025-06-01,2025-06-30,monthly,30,False,149.0,228984.27,65742.7,2.967,gianna,f1421660637d869782b45f4626c0d672,INKANO_Monthly_Ads_-_SHOPEE.csv
"InKano Waves - Midi dress bahan katun warna Putih (berfuring), Beige, Biru tua, Coklat tua, Hitam [7]",Berjalan,Iklan Produk,6137355964,GMV Max ROAS,Semua Penempatan,08/06/2024 00:00:00,240861.0,7725.0,0.0321,169.0,120.0,0.0219,0.0155,17466.99,186.0,130.0,36252900.0,26106500.0,2951921.0,12.28,8.84,2025-06-01,2025-06-30,monthly,30,False,382.13,194908.06,98397.37,6.2,waves,9a8d1687af086d82eb5891cd65d02fd3,INKANO_Monthly_Ads_-_SHOPEE.csv
InKano Briette - Crop top wanita crop top outerwear wanita dengan details tali ikat [4],Berjalan,Iklan Produk,25575584031,GMV Max ROAS,Semua Penempatan,08/06/2024 00:00:00,236779.0,9181.0,0.0388,154.0,71.0,0.0168,0.0077,22406.6,158.0,72.0,31859900.0,13258000.0,3450616.0,9.23,3.84,2025-06-01,2025-06-30,monthly,30,False,375.84,201644.94,115020.53,5.267,briette,2e032e2af21c6f0863c85b856b47cc4f,INKANO_Monthly_Ads_-_SHOPEE.csv
"InKano Seville - Sleeveless midi dress wanita bahan katun warna beige coklat muda, navy blue, pearl ivory, peanut coklat tua [6]",Berjalan,Iklan Produk,5418636273,GMV Max ROAS,Semua Penempatan,08/06/2024 00:00:00,236367.0,8685.0,0.036699999999999997,102.0,55.0,0.011699999999999999,0.0063,22489.52,103.0,56.0,22451600.0,12356400.0,2293931.0,9.79,5.39,2025-06-01,2025-06-30,monthly,30,False,264.13,217976.7,76464.37,3.433,seville,a57678bb24bf4d5a16bf40c70d6ae203,INKANO_Monthly_Ads_-_SHOPEE.csv
InKano Cascade - Everyday sleeveless top wanita atasan wanita sleevelss bahan parasut,Berjalan,Iklan Produk,29802573288,GMV Max ROAS,Semua Penempatan,13/06/2024 00:00:00,230034.0,10509.0,0.045700000000000005,151.0,86.0,0.0144,0.008199999999999999,15957.87,159.0,90.0,25199700.0,13395100.0,2409638.0,10.46,5.56,2025-06-01,2025-06-30,monthly,30,False,229.29,158488.68,80321.27,5.3,cascade,3fa4e22ce430bee614b60a343f61e369,INKANO_Monthly_Ads_-_SHOPEE.csv
InKano - Haze - Atasan rajut basic wanita dengan bahan full katun inner basic wanita lengan panjang,Berjalan,Iklan Produk,26214700605,GMV Max ROAS,Semua Penempatan,22/10/2024 00:00:00,222662.0,10356.0,0.04650000000000001,85.0,52.0,0.008199999999999999,0.005,24425.46,91.0,54.0,20850850.0,13716000.0,2076164.0,10.04,6.61,2025-06-01,2025-06-30,monthly,30,False,200.48,229130.22,69205.47,3.033,haze,30101ec5e43110ad007b1c4e60d323b8,INKANO_Monthly_Ads_-_SHOPEE.csv
InKano Solstice Dress - Dress maxi wanita dengan tali spaghetti strap,Berjalan,Iklan Produk,43350410595,GMV Max ROAS,Semua Penempatan,15/05/2025 00:00:00,198469.0,6455.0,0.0325,129.0,75.0,0.02,0.0116,20997.97,133.0,78.0,26064600.0,15062000.0,2708737.0,9.62,5.56,2025-06-01,2025-06-30,monthly,30,False,419.63,195974.44,90291.23,4.433,solstice,7f67656374bd084d070fe0cb16f71fad,INKANO_Monthly_Ads_-_SHOPEE.csv
InKano - Lyn - Atasan wanita tanpa lengan sleveless top wanita dengan bahan ironless dan flowy dan details drape di pundak,Berjalan,Iklan Produk,28753233081,GMV Max ROAS,Semua Penempatan,24/06/2024 00:00:00,173144.0,6580.0,0.038,67.0,47.0,0.0102,0.0070999999999999995,18792.64,68.0,48.0,11981350.0,8095100.0,1259107.0,9.52,6.43,2025-06-01,2025-06-30,monthly,30,False,191.35,176196.32,41970.23,2.267,lyn,357c22e837257aa064037aaddf4de756,INKANO_Monthly_Ads_-_SHOPEE.csv
InKano - Thyme - Atasan rajut wanita dengan floral details untuk layering,Berjalan,Iklan Produk,25339467342,GMV Max ROAS,Semua Penempatan,16/12/2024 00:00:00,132872.0,6192.0,0.0466,70.0,25.0,0.0113,0.004,25868.65,70.0,25.0,20059650.0,8975000.0,1810806.0,11.08,4.96,2025-06-01,2025-06-30,monthly,30,False,292.44,286566.43,60360.2,2.333,thyme,0cd6993d7d9e6ab07b5247e84263f956,INKANO_Monthly_Ads_-_SHOPEE.csv
"InKano - Meadow - Cardigan rajut wanita bahan full katun, knit cardigan wanita",Berjalan,Iklan Produk,26670732939,GMV Max ROAS,Semua Penempatan,16/12/2024 00:00:00,126217.0,4678.0,0.0371,52.0,16.0,0.0111,0.0034000000000000002,36349.38,55.0,18.0,18498500.0,7002000.0,1890168.0,9.79,3.7,2025-06-01,2025-06-30,monthly,30,False,404.05,336336.36,63005.6,1.833,meadow,326215d56351866d7b0d7b627e7cdd1f,INKANO_Monthly_Ads_-_SHOPEE.csv
InKano Mallow - Knit top rajut jaket wanita dengan twi way zipper.,Berjalan,Iklan Produk,27226014984,GMV Max ROAS,Semua Penempatan,15/02/2025 00:00:00,123933.0,5524.0,0.0446,48.0,23.0,0.0087,0.0042,35562.18,51.0,24.0,17096750.0,10296000.0,1706984.0,10.02,6.03,2025-06-01,2025-06-30,monthly,30,False,309.01,335230.39,56899.47,1.7,mallow,73b200ff82c7375fcac3ff7f324e0be8,INKANO_Monthly_Ads_-_SHOPEE.csv
"InKano Cycle Jacket - See through jacket texturized fabric jaket wanita dengan hoodie warna beige, dusty pink, coklat [6]",Berjalan,Iklan Produk,22619901508,GMV Max ROAS,Semua Penempatan,11/06/2024 00:00:00,123612.0,7760.0,0.06280000000000001,56.0,37.0,0.0072,0.0048,15097.56,56.0,37.0,10498900.0,7363000.0,845463.0,12.42,8.71,2025-06-01,2025-06-30,monthly,30,False,108.95,187480.36,28182.1,1.867,cycle,b52d4e0de5bebde6081a3be9968264dc,INKANO_Monthly_Ads_-_SHOPEE.csv
"InKano - Sparrow - Sleeveless maxi dress dengan texture plisket berfuring warna putih gading, abu muda, pink, coklat [4]",Berjalan,Iklan Produk,8150225187,GMV Max ROAS,Semua Penempatan,10/07/2024 00:00:00,119078.0,4126.0,0.0346,92.0,56.0,0.0223,0.013600000000000001,21909.15,93.0,57.0,22165850.0,13968900.0,2015642.0,11.0,6.93,2025-06-01,2025-06-30,monthly,30,False,488.52,238342.47,67188.07,3.1,sparrow,335f244f7c9ed4e3a4566270e6e55dd9,INKANO_Monthly_Ads_-_SHOPEE.csv
InKano Alpine - Celana denim wanita relaxed fit dengan elastic di bagian belakang,Berjalan,Iklan Produk,29777681282,GMV Max ROAS,Semua Penempatan,01/03/2025 00:00:00,116712.0,3183.0,0.0273,63.0,29.0,0.019799999999999998,0.0091,31314.24,67.0,29.0,17708400.0,10339200.0,1972797.0,8.98,5.24,2025-06-01,2025-06-30,monthly,30,False,619.79,264304.48,65759.9,2.233,alpine,da7229788a1a4967f9f0540720a76ae6,INKANO_Monthly_Ads_-_SHOPEE.csv
InKano Plume Sol - Sleeveless dress wanita dengan details texture fabric and tier silouette,Berjalan,Iklan Produk,28074783892,GMV Max ROAS,Semua Penempatan,30/01/2025 00:00:00,111236.0,4539.0,0.0408,82.0,43.0,0.0181,0.0095,24774.22,83.0,43.0,20160100.0,10607000.0,2031486.0,9.92,5.22,2025-06-01,2025-06-30,monthly,30,False,447.56,242892.77,67716.2,2.767,plume,3f606044edaf0014c4219bbbf89808a9,INKANO_Monthly_Ads_-_SHOPEE.csv
"InKano Seville - Sleeveless midi dress wanita bahan katun warna beige coklat muda, navy blue, pearl ivory, peanut coklat tua [4]",Berjalan,Iklan Produk,5318635917,GMV Max ROAS,Semua Penempatan,13/05/2025 00:00:00,110717.0,2990.0,0.027000000000000003,73.0,38.0,0.024399999999999998,0.0127,22189.43,75.0,39.0,15511140.0,8781000.0,1619828.0,9.58,5.42,2025-06-01,2025-06-30,monthly,30,False,541.75,206815.2,53994.27,2.5,seville,a0ab7a1c82122072609fea6a8713b048,INKANO_Monthly_Ads_-_SHOPEE.csv
InKano Acacia - Outerwear wanita dengan details bordir dan kain bertekstur linen,Berjalan,Iklan Produk,24593052285,GMV Max ROAS,Semua Penempatan,14/04/2025 00:00:00,108778.0,5450.0,0.0501,52.0,12.0,0.0095,0.0022,27125.59,53.0,12.0,13338920.0,3498000.0,1410530.0,9.46,2.48,2025-06-01,2025-06-30,monthly,30,False,258.81,251677.74,47017.67,1.767,acacia,8d2395daa6a0551ba78038d288f1b593,INKANO_Monthly_Ads_-_SHOPEE.csv
InKano - Tessera - Kemeja rajut lengan panjang dengan details tekstur untuk atasan maupun outerwear,Berjalan,Iklan Produk,27612634424,GMV Max ROAS,Semua Penempatan,02/10/2024 00:00:00,104586.0,3765.0,0.036000000000000004,67.0,21.0,0.0178,0.005600000000000001,29243.8,67.0,21.0,18299550.0,7539000.0,1959335.0,9.34,3.85,2025-06-01,2025-06-30,monthly,30,False,520.41,273127.61,65311.17,2.233,tessera,5b60f98d66e943b9ab2d19e90a3e1f78,INKANO_Monthly_Ads_-_SHOPEE.csv
InKano Fable - Kemeja katun wanita shirtdress dengan kancing full depan warna hitam dan abu [4],Berjalan,Iklan Produk,9449724340,GMV Max ROAS,Semua Penempatan,09/06/2024 00:00:00,103481.0,3803.0,0.0368,72.0,37.0,0.0189,0.0097,25122.68,73.0,38.0,18255750.0,10033700.0,1808833.0,10.09,5.55,2025-06-01,2025-06-30,monthly,30,False,475.63,250078.77,60294.43,2.433,fable,6bc75affd4a8a7ebc36aacde70e62606,INKANO_Monthly_Ads_-_SHOPEE.csv
"InKano - Crest - Pleated dress wanita sleeveless, dress wanita plisket tanpa lengan",Berjalan,Iklan Produk,24238660941,GMV Max ROAS,Semua Penempatan,25/11/2024 00:00:00,101902.0,2951.0,0.028999999999999998,62.0,30.0,0.021,0.0102,28769.56,63.0,30.0,18405850.0,10170000.0,1783713.0,10.32,5.7,2025-06-01,2025-06-30,monthly,30,False,604.44,292156.35,59457.1,2.1,crest,25dab3f132e44ffea2f0169c9c0666aa,INKANO_Monthly_Ads_-_SHOPEE.csv
InKano Ann Cardie - Cadigan wanita katun outer rajut korean style [9],Berjalan,Iklan Produk,21486955097,GMV Max ROAS,Semua Penempatan,10/07/2024 00:00:00,98136.0,5089.0,0.0519,64.0,19.0,0.0126,0.0037,21846.62,64.0,19.0,16091650.0,5681000.0,1398184.0,11.51,4.06,2025-06-01,2025-06-30,monthly,30,False,274.75,251432.03,46606.13,2.133,ann,bb894f18b2c538ba0ca4407f8419f4fe,INKANO_Monthly_Ads_-_SHOPEE.csv
InKano Echo - Celana pendek parasut wanita full pinggang karet,Berjalan,Iklan Produk,27703225497,GMV Max ROAS,Semua Penempatan,24/06/2024 00:00:00,96402.0,3697.0,0.0383,97.0,64.0,0.0262,0.0173,18535.37,104.0,66.0,18026650.0,11154000.0,1797931.0,10.03,6.2,2025-06-01,2025-06-30,monthly,30,False,486.32,173333.17,59931.03,3.467,echo,49bce5d00d79ab5f008cc71481baf467,INKANO_Monthly_Ads_-_SHOPEE.csv
"InKano - Basic Shirt - Kemeja basic rayon full kancing warna putih, hitam dan biru navy [4]",Berjalan,Iklan Produk,4654707139,GMV Max ROAS,Semua Penempatan,11/06/2024 00:00:00,92867.0,4412.0,0.0475,79.0,48.0,0.0179,0.0109,15862.89,83.0,52.0,14551550.0,8788000.0,1253168.0,11.61,7.01,2025-06-01,2025-06-30,monthly,30,False,284.04,175319.88,41772.27,2.767,shirt,12bcc1a85ac32f45412743bfd7233ab6,INKANO_Monthly_Ads_-_SHOPEE.csv
"InKano Bree - Sleeveless midi dress rayon warna putih, coklat beige, hijau olive, hijau sage, hitam [4]",Berjalan,Iklan Produk,8012587266,GMV Max ROAS,Semua Penempatan,26/10/2024 00:00:00,91599.0,3510.0,0.0383,36.0,21.0,0.0103,0.006,30857.08,38.0,21.0,9936200.0,5549000.0,1110855.0,8.94,5.0,2025-06-01,2025-06-30,monthly,30,False,316.48,261478.95,37028.5,1.267,bree,72208a098309dae54cdafa4d86069c8b,INKANO_Monthly_Ads_-_SHOPEE.csv
"InKano - Oak - Rok midi dengan pinggang karet dan drawstring bahan katun warna ivory, coklat [7]",Berjalan,Iklan Produk,12963277331,GMV Max ROAS,Semua Penempatan,09/06/2024 00:00:00,91013.0,4129.0,0.0454,75.0,47.0,0.0182,0.011399999999999999,19399.27,77.0,48.0,14563800.0,8592000.0,1454945.0,10.01,5.91,2025-06-01,2025-06-30,monthly,30,False,352.37,189140.26,48498.17,2.567,oak,570bb74427c9f6c8c77b25852fa05293,INKANO_Monthly_Ads_-_SHOPEE.csv
"InKano Waves - Midi dress bahan katun warna Putih (berfuring), Beige, Biru tua, Coklat tua, Hitam [5]",Berjalan,Iklan Produk,3537453641,GMV Max ROAS,Semua Penempatan,19/03/2025 00:00:00,90452.0,2870.0,0.0317,57.0,38.0,0.0199,0.0132,19079.06,61.0,42.0,11710400.0,8558000.0,1087507.0,10.77,7.87,2025-06-01,2025-06-30,monthly,30,False,378.92,191973.77,36250.23,2.033,waves,15cdacbd0f4a95b2e78fba1138eb046a,INKANO_Monthly_Ads_-_SHOPEE.csv
InKano Caise Skirt - Rok midi wanita straight midi slim skirt warna abu dan hitam [4],Berjalan,Iklan Produk,22959279323,GMV Max ROAS,Semua Penempatan,09/06/2024 00:00:00,83244.0,3377.0,0.0406,63.0,32.0,0.0187,0.0095,18324.06,65.0,34.0,12194950.0,5406000.0,1154416.0,10.56,4.68,2025-06-01,2025-06-30,monthly,30,False,341.85,187614.62,38480.53,2.167,caise,ab6a823109843fd7ac638dbd7e65b11a,INKANO_Monthly_Ads_-_SHOPEE.csv
"InKano Paige - Kemeja rayon wanita full kancing warna putih, coklat muda, hitam, olive, hijau sage, biru tua, biru muda [4]",Berjalan,Iklan Produk,4216455466,GMV Max ROAS,Semua Penempatan,08/06/2024 00:00:00,72185.0,2615.0,0.0362,60.0,33.0,0.0229,0.0126,17304.19,67.0,38.0,11319650.0,5994300.0,1038251.0,10.9,5.77,2025-06-01,2025-06-30,monthly,30,False,397.04,168950.0,34608.37,2.233,paige,c5b11e16887e6019da20a27b814a732f,INKANO_Monthly_Ads_-_SHOPEE.csv
"InKano Dales Cargo Pants - Cargo pants wanita celana panjang cargo wanita pinggang full karet warna beige, light grey, khaki [2]",Berjalan,Iklan Produk,25506769709,GMV Max ROAS,Semua Penempatan,17/06/2024 00:00:00,70957.0,2373.0,0.0334,45.0,22.0,0.019,0.009300000000000001,24002.09,46.0,22.0,11432100.0,7205100.0,1080094.0,10.58,6.67,2025-06-01,2025-06-30,monthly,30,False,455.16,248523.91,36003.13,1.533,dales,619f2e8e08ed64eeb8dafb428f702293,INKANO_Monthly_Ads_-_SHOPEE.csv
InKano Soleil - Rok wanita dengan pinggang karet dan details kerut,Berjalan,Iklan Produk,25641348214,GMV Max ROAS,Semua Penempatan,15/02/2025 00:00:00,69773.0,3988.0,0.0572,34.0,13.0,0.0085,0.0033,24294.28,34.0,13.0,8393200.0,3252100.0,826005.0,10.16,3.94,2025-06-01,2025-06-30,monthly,30,False,207.12,246858.82,27533.5,1.133,soleil,78a7fc3a73a63880e80d97a2a8c0ac44,INKANO_Monthly_Ads_-_SHOPEE.csv
"InKano - River - Sleeveless maxi cotton knit dress / Dress rajut katun panjang warna beige coklat susu, cloud grey abu muda, stone, asphalt abu tua [5]",Berjalan,Iklan Produk,9066211366,GMV Max ROAS,Semua Penempatan,18/07/2024 00:00:00,68398.0,3225.0,0.0472,27.0,13.0,0.0084,0.004,25994.84,31.0,16.0,7962700.0,4464000.0,701861.0,11.35,6.36,2025-06-01,2025-06-30,monthly,30,False,217.63,256861.29,23395.37,1.033,river,e7bcf50af2624e9f49ffbebe3188be27,INKANO_Monthly_Ads_-_SHOPEE.csv
InKano Ripple - Rok plisket wanita flowy pinggang karet [2],Berjalan,Iklan Produk,25439467291,GMV Max ROAS,Semua Penempatan,16/12/2024 00:00:00,64919.0,2490.0,0.0384,38.0,21.0,0.015300000000000001,0.0084,36040.67,40.0,22.0,12310900.0,8178000.0,1369545.0,8.99,5.97,2025-06-01,2025-06-30,monthly,30,False,550.02,307772.5,45651.5,1.333,ripple,c7d2cf275f9d1fd9bf81ab602276719f,INKANO_Monthly_Ads_-_SHOPEE.csv
"InKano Ravine - Sleveless dress wanita ironless crinkle fabric, midi inner dress wanita",Berjalan,Iklan Produk,25532425535,GMV Max ROAS,Semua Penempatan,24/06/2024 00:00:00,64251.0,2663.0,0.0414,47.0,20.0,0.0176,0.0075,18889.12,49.0,21.0,10482750.0,3869000.0,887789.0,11.81,4.36,2025-06-01,2025-06-30,monthly,30,False,333.38,213933.67,29592.97,1.633,ravine,72c811ebe0565e4c260a078a0f6dd50f,INKANO_Monthly_Ads_-_SHOPEE.csv
InKano Hayes - Sleeveless dress wanita dengan details plisket di bagian depan,Berjalan,Iklan Produk,27029888504,GMV Max ROAS,Semua Penempatan,14/04/2025 00:00:00,59286.0,2519.0,0.0425,35.0,11.0,0.0139,0.0044,21298.76,35.0,11.0,8481400.0,2789000.0,745457.0,11.38,3.74,2025-06-01,2025-06-30,monthly,30,False,295.93,242325.71,24848.57,1.167,hayes,85177ca709bb509c67adc3c6d418bbcc,INKANO_Monthly_Ads_-_SHOPEE.csv
InKano - Flow - Kemeja sleeveless wanita dengan bahan polyester linen dan relaxed fit,Berjalan,Iklan Produk,29362642841,GMV Max ROAS,Semua Penempatan,02/10/2024 00:00:00,50506.0,2326.0,0.0461,38.0,23.0,0.0163,0.009899999999999999,17820.93,39.0,24.0,6251150.0,3616000.0,677195.0,9.23,5.34,2025-06-01,2025-06-30,monthly,30,False,291.14,160285.9,22573.17,1.3,flow,943a05e5daf28c31c188787fe8d41092,INKANO_Monthly_Ads_-_SHOPEE.csv
InKano - Call Dress - Mini dress wanita sleeveless dress with texturized fabric [4],Berjalan,Iklan Produk,21495899405,GMV Max ROAS,Semua Penempatan,17/06/2024 00:00:00,47842.0,1242.0,0.026000000000000002,28.0,16.0,0.0225,0.0129,26164.6,28.0,16.0,6531250.0,3971050.0,732609.0,8.92,5.42,2025-06-01,2025-06-30,monthly,30,False,589.86,233258.93,24420.3,0.933,call,70510c8cb1e80a7dfadd29ce9c6a56a1,INKANO_Monthly_Ads_-_SHOPEE.csv
"InKano Fig Skirt - Rok wanita structured flare skirt warna offwhite, coksu, hitam [7]",Berjalan,Iklan Produk,22444569998,GMV Max ROAS,Semua Penempatan,08/06/2024 00:00:00,46999.0,1910.0,0.0406,33.0,17.0,0.0173,0.0089,26296.71,35.0,17.0,8666850.0,4449200.0,867791.0,9.99,5.13,2025-06-01,2025-06-30,monthly,30,False,454.34,247624.29,28926.37,1.167,fig,bab7336bd9c6860215571fc3f8398c64,INKANO_Monthly_Ads_-_SHOPEE.csv
"InKano Acre Dress - Sleeveless dress katun maxi dress sleeveless hitam, navy, dan gingham [3]",Berjalan,Iklan Produk,26150443050,GMV Max ROAS,Semua Penempatan,08/06/2024 00:00:00,43859.0,1740.0,0.0397,22.0,10.0,0.0126,0.005699999999999999,26064.74,23.0,10.0,6114400.0,3150000.0,573424.0,10.66,5.49,2025-06-01,2025-06-30,monthly,30,False,329.55,265843.48,19114.13,0.767,acre,eb97151b2dd5be720aa682a79f1683c1,INKANO_Monthly_Ads_-_SHOPEE.csv
InKano - Thyme - Atasan rajut wanita dengan floral details untuk layering,Berjalan,Iklan Produk,40651650756,GMV Max ROAS,Semua Penempatan,21/05/2025 00:00:00,39901.0,1415.0,0.0355,28.0,11.0,0.019799999999999998,0.0078000000000000005,29304.79,28.0,11.0,7798400.0,3949000.0,820534.0,9.5,4.81,2025-06-01,2025-06-30,monthly,30,False,579.88,278514.29,27351.13,0.933,thyme,e5af0eefbae4d49e35db12676cdc4293,INKANO_Monthly_Ads_-_SHOPEE.csv
"InKano - Roue Tanktop & Roue Line - Tanktop rajut wanita knit crop top wanita basic warna putih, mauve, grey, hitam [6]",Berjalan,Iklan Produk,25256768865,GMV Max ROAS,Semua Penempatan,03/06/2025 00:00:00,39055.0,1298.0,0.0332,51.0,29.0,0.0393,0.0223,21367.91,55.0,32.0,9723250.0,5768000.0,1089763.0,8.92,5.29,2025-06-01,2025-06-30,monthly,30,False,839.57,176786.36,36325.43,1.833,roue,236208300ca76fda6ca0ef62c1dadeee,INKANO_Monthly_Ads_-_SHOPEE.csv
InKano Basic Tee - Kaos wanita full katun atasan wanita basic lengan pendek,Berjalan,Iklan Produk,41504095124,GMV Max ROAS,Semua Penempatan,11/06/2025 00:00:00,37537.0,1161.0,0.030899999999999997,48.0,36.0,0.041299999999999996,0.031,13943.74,62.0,49.0,6950400.0,4941000.0,669299.0,10.38,7.38,2025-06-01,2025-06-30,monthly,30,False,576.48,112103.23,22309.97,2.067,kaos,9ea4ab3997b5943c4ef69df7ddbc1ee4,INKANO_Monthly_Ads_-_SHOPEE.csv
"InKano Linen Dress - Sleeveless dress linen, dress wanita midi dengan kancing depan warna offwhite stripes, dan navy strieps [5]",Berjalan,Iklan Produk,23870069126,GMV Max ROAS,Semua Penempatan,21/04/2025 00:00:00,36444.0,2735.0,0.075,10.0,2.0,0.0037,0.0007000000000000001,23236.31,10.0,2.0,2206300.0,738000.0,232363.0,9.5,3.18,2025-06-01,2025-06-30,monthly,30,False,84.96,220630.0,7745.43,0.333,linen,4ff44df957d7c642986ce804a4f7a796,INKANO_Monthly_Ads_-_SHOPEE.csv
InKano Faye - Sleeveless midi dress wanita 100% katun dengan details ikat,Berjalan,Iklan Produk,28884663826,GMV Max ROAS,Semua Penempatan,24/04/2025 00:00:00,31438.0,1412.0,0.0449,20.0,1.0,0.014199999999999999,0.0007000000000000001,30629.26,21.0,1.0,5567050.0,299000.0,612585.0,9.09,0.49,2025-06-01,2025-06-30,monthly,30,False,433.84,265097.62,20419.5,0.7,faye,68c5df6cb3bd5cd829d4078f6a8f0eec,INKANO_Monthly_Ads_-_SHOPEE.csv
InKano Tether - Rok midi wanita dengan serat bahan tencel rok kerja wanita casual,Berjalan,Iklan Produk,29220727488,GMV Max ROAS,Semua Penempatan,16/12/2024 00:00:00,26207.0,1198.0,0.045700000000000005,15.0,4.0,0.0125,0.0033,25444.31,15.0,4.0,3386300.0,1226000.0,381665.0,8.87,3.21,2025-06-01,2025-06-30,monthly,30,False,318.59,225753.33,12722.17,0.5,tether,a523c32ced8b8bcfe84a71ea2c90032e,INKANO_Monthly_Ads_-_SHOPEE.csv
"InKano Dill - Outerwear daily wanita bahan rayon texture crinkle warna muted pink mauve, hijau sage, coklat coffee [6]",Berjalan,Iklan Produk,16770157482,GMV Max ROAS,Semua Penempatan,09/06/2024 00:00:00,26054.0,1189.0,0.045599999999999995,25.0,5.0,0.021,0.0042,18800.0,26.0,5.0,4950150.0,895000.0,470000.0,10.53,1.9,2025-06-01,2025-06-30,monthly,30,False,395.29,190390.38,15666.67,0.867,dill,243e616d840109be2f87aa0896231f94,INKANO_Monthly_Ads_-_SHOPEE.csv
InKano - Glint Skirt - Rok wanita semi formal dengan pinggang karet elastis warna abu [4],Berjalan,Iklan Produk,21358379617,GMV Max ROAS,Semua Penempatan,11/06/2024 00:00:00,25485.0,1139.0,0.0447,21.0,8.0,0.0184,0.006999999999999999,19544.86,21.0,8.0,4072250.0,1512000.0,410442.0,9.92,3.68,2025-06-01,2025-06-30,monthly,30,False,360.35,193916.67,13681.4,0.7,glint,0493ed15f77ebaddc892a7397d07fa96,INKANO_Monthly_Ads_-_SHOPEE.csv
"InKano Slate Skirt - Rok wanita plisket dengan pinggang karet warna coklat, abu, dan hitam black [4]",Berjalan,Iklan Produk,23772418038,GMV Max ROAS,Semua Penempatan,08/06/2024 00:00:00,24693.0,993.0,0.04019999999999999,15.0,7.0,0.0151,0.006999999999999999,30901.98,16.0,8.0,3640700.0,2152000.0,463530.0,7.85,4.64,2025-06-01,2025-06-30,monthly,30,False,466.8,227543.75,15451.0,0.533,slate,a18f319701b540b3d1a9fc25e61465dd,INKANO_Monthly_Ads_-_SHOPEE.csv
InKano Stripes Union- Oversized stripes cotton knit top with long sleeve bahan katun korean style,Berjalan,Iklan Produk,40401639592,GMV Max ROAS,Semua Penempatan,21/05/2025 00:00:00,20813.0,721.0,0.0346,7.0,6.0,0.0097,0.0083,40701.52,10.0,8.0,2990000.0,2392000.0,284911.0,10.49,8.4,2025-06-01,2025-06-30,monthly,30,False,395.16,299000.0,9497.03,0.333,stripes,047c5240e4ba34dfb2441d69ff2f6930,INKANO_Monthly_Ads_-_SHOPEE.csv
"InKano - Float - 2 ways blouse wanita sleeveless bahan crinkle reversible square and v neck warna coklat,biru abu,biru tua muda [5]",Berjalan,Iklan Produk,18804681664,GMV Max ROAS,Semua Penempatan,09/06/2024 00:00:00,18699.0,785.0,0.042,15.0,9.0,0.0191,0.0115,16731.54,17.0,11.0,2374500.0,1419000.0,250973.0,9.46,5.65,2025-06-01,2025-06-30,monthly,30,False,319.71,139676.47,8365.77,0.567,float,29c652e41717b8969530e1be4456e908,INKANO_Monthly_Ads_-_SHOPEE.csv
InKano Skylet - Sleeveless dress wanita minimalist maxi dress wanita dengan details crinkle texture dan straight cut,Berjalan,Iklan Produk,27176054532,GMV Max ROAS,Semua Penempatan,15/02/2025 00:00:00,15787.0,661.0,0.04190000000000001,12.0,4.0,0.0182,0.0060999999999999995,28193.5,12.0,4.0,3145850.0,906000.0,338322.0,9.3,2.68,2025-06-01,2025-06-30,monthly,30,False,511.83,262154.17,11277.4,0.4,skylet,41cee110e640317e2636774ccac47cc3,INKANO_Monthly_Ads_-_SHOPEE.csv
InKano - Gale - Rok satin wanita warna bw creme dan hitam,Berjalan,Iklan Produk,28364865828,GMV Max ROAS,Semua Penempatan,24/10/2024 00:00:00,15497.0,951.0,0.061399999999999996,10.0,6.0,0.0105,0.0063,14668.1,11.0,7.0,2028550.0,1305200.0,146681.0,13.83,8.9,2025-06-01,2025-06-30,monthly,30,False,154.24,184413.64,4889.37,0.367,gale,d7c1e72442c826025f277ee86820df88,INKANO_Monthly_Ads_-_SHOPEE.csv
"InKano - Terrain Skirt - Rok wanita plisket dengan resliting belakang warna dusty pink, dark grey, dan hitam black [4]",Berjalan,Iklan Produk,19176939583,GMV Max ROAS,Semua Penempatan,08/06/2024 00:00:00,14759.0,630.0,0.042699999999999995,3.0,1.0,0.0048,0.0016,33126.86,3.0,1.0,657000.0,289000.0,99381.0,6.61,2.91,2025-06-01,2025-06-30,monthly,30,False,157.75,219000.0,3312.7,0.1,terrain,899e2eb44316e3b9bd91455d3d79602b,INKANO_Monthly_Ads_-_SHOPEE.csv
"InKano Piper - Sleeveless dress wanita dengan details pleats abstract, inner dress wanita layering",Berjalan,Iklan Produk,27179903627,GMV Max ROAS,Semua Penempatan,14/04/2025 00:00:00,13805.0,689.0,0.0499,9.0,2.0,0.0131,0.0029,33333.33,9.0,2.0,2128350.0,468000.0,300000.0,7.09,1.56,2025-06-01,2025-06-30,monthly,30,False,435.41,236483.33,10000.0,0.3,piper,0938801d94db50e3a2372086f83ef3cc,INKANO_Monthly_Ads_-_SHOPEE.csv
InKano Fray - Celana wanita high waist relaxed fit,Berjalan,Iklan Produk,24991420380,GMV Max ROAS,Semua Penempatan,15/02/2025 00:00:00,9711.0,489.0,0.0504,6.0,1.0,0.0123,0.002,19611.51,6.0,1.0,1321100.0,199000.0,117669.0,11.23,1.69,2025-06-01,2025-06-30,monthly,30,False,240.63,220183.33,3922.3,0.2,fray,0fb4d631d105a095f9acbbf1303e4f2e,INKANO_Monthly_Ads_-_SHOPEE.csv
"InKano Paige - Kemeja rayon wanita full kancing warna putih, coklat muda, hitam, olive, hijau sage, biru tua, biru muda [3]",Berjalan,Iklan Produk,6273145078,GMV Max ROAS,Semua Penempatan,12/04/2025 00:00:00,8909.0,282.0,0.0317,1.0,1.0,0.0034999999999999996,0.0034999999999999996,97090.89,1.0,1.0,159000.0,159000.0,97091.0,1.64,1.64,2025-06-01,2025-06-30,monthly,30,False,344.29,159000.0,3236.37,0.033,paige,fd5e9eb987b38c315afa03d2c78dffc5,INKANO_Monthly_Ads_-_SHOPEE.csv
"InKano - Ridge - Sleeveless maxi dress terbaru dengan style korea dan bahan rayon premium warna hitam, dusty lilac ungu muda, pink shades [4]",Berjalan,Iklan Produk,10979039292,GMV Max ROAS,Semua Penempatan,10/07/2024 00:00:00,2119.0,57.0,0.0269,1.0,0.0,0.0175,0.0,37242.18,1.0,0.0,389000.0,0.0,37242.0,10.45,0.0,2025-06-01,2025-06-30,monthly,30,False,653.37,389000.0,1241.4,0.033,ridge,e13f3244b4890be6fc7e6e9711f8cff7,INKANO_Monthly_Ads_-_SHOPEE.csv
InKano - Marri Longsleeves [6],Berjalan,Iklan Produk,24369177837,GMV Max ROAS,Semua Penempatan,17/06/2024 00:00:00,1071.0,76.0,0.071,0.0,0.0,0.0,0.0,0.0,0.0,0.0,0.0,0.0,20000.0,0.0,0.0,2025-06-01,2025-06-30,monthly,30,False,263.16,,666.67,,marri,92ed37180cf7cac27adc109ab7b87d83,INKANO_Monthly_Ads_-_SHOPEE.csv
InKano Fall Trousers - Celana panjang wanita full karet kulow wanita dengan teksur garis warna putih bw abu dan hitam [4],Berjalan,Iklan Produk,21695149050,GMV Max ROAS,Semua Penempatan,10/07/2024 00:00:00,529.0,26.0,0.049100000000000005,0.0,0.0,0.0,0.0,0.0,0.0,0.0,0.0,0.0,4949.0,0.0,0.0,2025-06-01,2025-06-30,monthly,30,False,190.35,,164.97,,fall,7f241e7ba58d650db4dcde5314d0d44a,INKANO_Monthly_Ads_-_SHOPEE.csv
InKano Cassia - Outer knit wanita lengan panjang dengan scallop hemming outerwear rajut wanita,Berjalan,Iklan Produk,40556691928,GMV Max ROAS,Semua Penempatan,30/06/2025 00:00:00,2.0,0.0,0.0,0.0,0.0,0.0,0.0,0.0,0.0,0.0,0.0,0.0,0.0,0.0,0.0,2025-06-01,2025-06-30,monthly,30,False,,,,,cassia,d3a611bcb45f9f1f74720ac7485c8fa5,INKANO_Monthly_Ads_-_SHOPEE.csv
InKano Vine - Kemeja wanita stripes bahan full katun,Dijeda,Iklan Produk,27774742340,GMV Max ROAS,Semua Penempatan,30/01/2025 00:00:00,125077.0,5533.0,0.044199999999999996,85.0,61.0,0.0154,0.011000000000000001,22687.67,85.0,61.0,19039500.0,14214600.0,1928452.0,9.87,7.37,2025-06-01,2025-06-30,monthly,30,False,348.54,223994.12,64281.73,2.833,vine,aa4ac8cc627343a0c7ac876ad64ea3ab,INKANO_Monthly_Ads_-_SHOPEE.csv
"InKano - Meadow - Cardigan rajut wanita bahan full katun, knit cardigan wanita",Dijeda,Iklan Produk,41051655502,GMV Max ROAS,Semua Penempatan,21/05/2025 00:00:00,82020.0,2908.0,0.0355,47.0,18.0,0.016200000000000003,0.0062,38659.23,47.0,18.0,15883100.0,7002000.0,1816984.0,8.74,3.85,2025-06-01,2025-06-30,monthly,30,False,624.82,337938.3,60566.13,1.567,meadow,6155f7c1b3509a2a2d5f2a1698575d0f,INKANO_Monthly_Ads_-_SHOPEE.csv
InKano - Havelock Top - Atasan cropped rop wanita sleeveless crop blouse katun wanita [4],Dijeda,Iklan Produk,25509339092,GMV Max ROAS,Semua Penempatan,04/11/2024 00:00:00,41136.0,2142.0,0.0521,30.0,13.0,0.013999999999999999,0.0060999999999999995,20617.22,30.0,13.0,5344200.0,2067000.0,618517.0,8.64,3.34,2025-06-01,2025-06-30,monthly,30,False,288.76,178140.0,20617.23,1.0,havelock,8efdc33f1fef978c1505817e52c2580f,INKANO_Monthly_Ads_-_SHOPEE.csv
"InKano - Marri Dress - Sleeveless knit dress with texture details and viscose fabric, dress rajut wanita tanpa lengan",Dijeda,Iklan Produk,26268479785,GMV Max ROAS,Semua Penempatan,25/11/2024 00:00:00,40848.0,1950.0,0.04769999999999999,21.0,7.0,0.0108,0.0036,30171.74,21.0,7.0,6498550.0,2793000.0,633607.0,10.26,4.41,2025-06-01,2025-06-30,monthly,30,False,324.93,309454.76,21120.23,0.7,marri,727d311ed53f721313f28da4355b905d,INKANO_Monthly_Ads_-_SHOPEE.csv
InKano Lowen - Relaxed dress wanita A Line dengan details floral lace,Dijeda,Iklan Produk,28828164827,GMV Max ROAS,Semua Penempatan,04/03/2025 00:00:00,33404.0,2186.0,0.0654,10.0,2.0,0.0046,0.0009,25889.37,10.0,2.0,2950000.0,738000.0,258894.0,11.39,2.85,2025-06-01,2025-06-30,monthly,30,False,118.43,295000.0,8629.8,0.333,lowen,b5d622991c26e2e4b09e404c882c4381,INKANO_Monthly_Ads_-_SHOPEE.csv
"InKano - Pasture - Kemeja wanita blouse lengan panjang full kancing bahan rayon warna Black, Latte, Marsala [5]",Dijeda,Iklan Produk,14876963468,GMV Max ROAS,Semua Penempatan,06/11/2024 00:00:00,32479.0,969.0,0.0298,22.0,15.0,0.0227,0.0155,22944.24,22.0,15.0,3949750.0,2805900.0,504773.0,7.82,5.56,2025-06-01,2025-06-30,monthly,30,False,520.92,179534.09,16825.77,0.733,pasture,cc39a94ceab134e0cc77ac154ce51937,INKANO_Monthly_Ads_-_SHOPEE.csv
InKano Trelis - Atasan rajut wanita stripes oversized,Dijeda,Iklan Produk,26626044035,GMV Max ROAS,Semua Penempatan,15/02/2025 00:00:00,21150.0,888.0,0.042,8.0,4.0,0.009000000000000001,0.0045000000000000005,26453.24,9.0,4.0,2581000.0,1316000.0,211626.0,12.2,6.22,2025-06-01,2025-06-30,monthly,30,False,238.32,286777.78,7054.2,0.3,trelis,587187aed99a8c11e9921d672a187d99,INKANO_Monthly_Ads_-_SHOPEE.csv
InKano Catnip - Rok midi wanita bahan parasut dan pinggang full karet,Dijeda,Iklan Produk,24294489617,GMV Max ROAS,Semua Penempatan,24/04/2025 00:00:00,19170.0,657.0,0.034300000000000004,14.0,3.0,0.0213,0.0046,38460.44,14.0,3.0,3348550.0,567000.0,538446.0,6.22,1.05,2025-06-01,2025-06-30,monthly,30,False,819.55,239182.14,17948.2,0.467,catnip,aedb01f0c97e7a8ac29f6813d048fa14,INKANO_Monthly_Ads_-_SHOPEE.csv
InKano - Valley - Kemeja rayon wanita lengan pendek untuk kantor dan casual [2],Dijeda,Iklan Produk,25236554077,GMV Max ROAS,Semua Penempatan,05/03/2025 00:00:00,15752.0,721.0,0.0458,10.0,6.0,0.0139,0.0083,25884.27,10.0,6.0,1539450.0,760500.0,258843.0,5.95,2.94,2025-06-01,2025-06-30,monthly,30,False,359.01,153945.0,8628.1,0.333,valley,cc653931fbc17e3d3db1b9bcffce508b,INKANO_Monthly_Ads_-_SHOPEE.csv
InKano Hearth - Minimalist sleeveless dress wanita dengan details drape dan natural tone,Dijeda,Iklan Produk,29128168295,GMV Max ROAS,Semua Penempatan,04/03/2025 00:00:00,13556.0,851.0,0.06280000000000001,2.0,2.0,0.0024,0.0024,29985.11,2.0,2.0,468000.0,468000.0,59970.0,7.8,7.8,2025-06-01,2025-06-30,monthly,30,False,70.47,234000.0,1999.0,0.067,hearth,9cbbeeff1e7645665454f388680b5f6f,INKANO_Monthly_Ads_-_SHOPEE.csv
"InKano - Hill - Celana panjang rayon wanita dengan kantong dan pinggang karet warna sand coklat susu, hitam, muted blush soft pink, dusty blue, space blue indigo, marsala brick, hijau olive [6]",Dijeda,Iklan Produk,4846833586,GMV Max ROAS,Semua Penempatan,08/02/2025 00:00:00,11194.0,537.0,0.048,10.0,4.0,0.018600000000000002,0.0074,12153.07,10.0,4.0,2373400.0,876000.0,121531.0,19.53,7.21,2025-06-01,2025-06-30,monthly,30,False,226.31,237340.0,4051.03,0.333,hill,dbff5af78847642ac3a65287e6edef03,INKANO_Monthly_Ads_-_SHOPEE.csv
InKano Twain - Outerwear wanita dengan details ikat dan abstract texture,Dijeda,Iklan Produk,24592150275,GMV Max ROAS,Semua Penempatan,04/03/2025 00:00:00,9785.0,388.0,0.0397,7.0,1.0,0.018000000000000002,0.0026,20407.98,7.0,1.0,1729400.0,260100.0,142856.0,12.11,1.82,2025-06-01,2025-06-30,monthly,30,False,368.19,247057.14,4761.87,0.233,twain,15d99a94ba63b6fae0a8e443457f069d,INKANO_Monthly_Ads_-_SHOPEE.csv
InKano - Canvas Bag - Totebag canvas besar dan versatile dengan bahan canvas tebal,Dijeda,Iklan Produk,27923674175,GMV Max ROAS,Semua Penempatan,18/01/2025 00:00:00,9348.0,649.0,0.0694,1.0,1.0,0.0015,0.0015,56626.5,1.0,1.0,179000.0,179000.0,56626.0,3.16,3.16,2025-06-01,2025-06-30,monthly,30,False,87.25,179000.0,1887.53,0.033,canvas,42eb9f48fde7b910419b2438c3028729,INKANO_Monthly_Ads_-_SHOPEE.csv
InKano Terra Skirt - Rok midi wanita dengan details pleats dan pinggang full karet,Dijeda,Iklan Produk,27934674617,GMV Max ROAS,Semua Penempatan,24/04/2025 00:00:00,6110.0,200.0,0.0327,4.0,1.0,0.02,0.005,23949.98,4.0,1.0,723750.0,249000.0,95800.0,7.55,2.6,2025-06-01,2025-06-30,monthly,30,False,479.0,180937.5,3193.33,0.133,terra,2e6aa6cd2ada63d2ff5a8ccf7c7a8842,INKANO_Monthly_Ads_-_SHOPEE.csv
InKano Bryony - Shirtdress wanita lengan panjang dengan bahan rayon premium dan full kancing depan.,Dijeda,Iklan Produk,27478179093,GMV Max ROAS,Semua Penempatan,04/03/2025 00:00:00,5359.0,232.0,0.0433,4.0,3.0,0.0172,0.0129,15903.85,4.0,3.0,1036000.0,807000.0,63615.0,16.29,12.69,2025-06-01,2025-06-30,monthly,30,False,274.2,259000.0,2120.5,0.133,bryony,1ce5a797d644fdf302190059dc511e85,INKANO_Monthly_Ads_-_SHOPEE.csv
InKano Floral Slate - Rok midi wanita rok plisket dengan motif floral,Dijeda,Iklan Produk,28534574278,GMV Max ROAS,Semua Penempatan,24/04/2025 00:00:00,3550.0,167.0,0.047,6.0,2.0,0.0359,0.012,14707.07,7.0,2.0,1820750.0,688000.0,88242.0,20.63,7.8,2025-06-01,2025-06-30,monthly,30,False,528.4,260107.14,2941.4,0.233,floral,e5300f67d5a60b82c31f7ad414fc5f5f,INKANO_Monthly_Ads_-_SHOPEE.csv
"InKano - Two-Tone Petal - Atasan rajut wanita sleeveless dengan details two tone, hemming bunga, dan bahan viscose rajut yang lembut",Dijeda,Iklan Produk,28412764733,GMV Max ROAS,Semua Penempatan,02/10/2024 00:00:00,3265.0,116.0,0.0355,0.0,0.0,0.0,0.0,0.0,0.0,0.0,0.0,0.0,41571.0,0.0,0.0,2025-06-01,2025-06-30,monthly,30,False,358.37,,1385.7,,two,ebbd48e5cdf00d08450a37112c7e5c13,INKANO_Monthly_Ads_-_SHOPEE.csv
InKano Hive - Midi dress wanita bahan rajut lengan pendek dengan texture waffle,Dijeda,Iklan Produk,25094452856,GMV Max ROAS,Semua Penempatan,24/04/2025 00:00:00,2646.0,61.0,0.0231,6.0,2.0,0.0984,0.032799999999999996,10285.5,6.0,2.0,1574000.0,568000.0,61713.0,25.51,9.2,2025-06-01,2025-06-30,monthly,30,False,1011.69,262333.33,2057.1,0.2,hive,79e54b0fed84e03c66ba8054853ee1db,INKANO_Monthly_Ads_-_SHOPEE.csv
InKano Mist - Kemeja katun wanita relaxed oversized dengan details texture,Dijeda,Iklan Produk,27225985381,GMV Max ROAS,Semua Penempatan,15/02/2025 00:00:00,1437.0,63.0,0.0438,2.0,0.0,0.0317,0.0,12504.22,2.0,0.0,418000.0,0.0,25008.0,16.71,0.0,2025-06-01,2025-06-30,monthly,30,False,396.95,209000.0,833.6,0.067,mist,8b30126b0480dd5d837c7f535bbb2fc0,INKANO_Monthly_Ads_-_SHOPEE.csv
InKano Spire Dress - Sleeveless dress korea wanita katun warna coklat dan hitam black [7],Berjalan,Iklan Produk,19970359270,GMV Max ROAS,Semua Penempatan,26/10/2024 00:00:00,838207.0,23458.0,0.027999999999999997,285.0,196.0,0.0121,0.0084,30296.91,297.0,204.0,89377250.0,64660500.0,8634619.0,10.35,7.49,2025-07-01,2025-07-31,monthly,31,False,368.09,300933.5,278536.1,9.581,spire,d77b0c335ed72d242f0016f058b4036c,INKANO_Monthly_Ads_-_SHOPEE.csv
InKano Spire Dress - Sleeveless dress korea wanita katun warna coklat dan hitam black,Berjalan,Iklan Produk,27923231189,GMV Max ROAS,Semua Penempatan,11/01/2025 00:00:00,834113.0,30294.0,0.0363,417.0,236.0,0.0138,0.0078000000000000005,28832.71,424.0,239.0,125268050.0,75301000.0,12023241.0,10.42,6.26,2025-07-01,2025-07-31,monthly,31,False,396.89,295443.51,387846.48,13.677,spire,2b47fe34b84b2019c5ec3d7e00adab24,INKANO_Monthly_Ads_-_SHOPEE.csv
InKano Thames Outer - Outerwear wanita knit cardigan wanita dengan details dash dan kancing,Berjalan,Iklan Produk,29273185813,GMV Max ROAS,Semua Penempatan,11/01/2025 00:00:00,487587.0,17723.0,0.0363,166.0,112.0,0.009399999999999999,0.0063,43541.39,173.0,114.0,67504900.0,47766000.0,7227871.0,9.34,6.61,2025-07-01,2025-07-31,monthly,31,False,407.82,390201.73,233157.13,5.581,thames,28f1456f321fd0e354f8f8c3240cefb8,INKANO_Monthly_Ads_-_SHOPEE.csv
InKano Cassia - Outer knit wanita lengan panjang dengan scallop hemming outerwear rajut wanita,Berjalan,Iklan Produk,27062867019,GMV Max ROAS,Semua Penempatan,04/11/2024 00:00:00,483854.0,19602.0,0.0405,254.0,135.0,0.013000000000000001,0.0069,29131.71,263.0,137.0,81111050.0,47843000.0,7399454.0,10.96,6.47,2025-07-01,2025-07-31,monthly,31,False,377.48,308407.03,238692.06,8.484,cassia,ddffeef35125eacedf45af0fda6cdf5e,INKANO_Monthly_Ads_-_SHOPEE.csv
InKano - Thames Outer - Outerwear wanita knit cardigan wanita dengan details dash dan kancing [4],Berjalan,Iklan Produk,22787969197,GMV Max ROAS,Semua Penempatan,17/06/2024 00:00:00,464713.0,15941.0,0.034300000000000004,214.0,116.0,0.0134,0.0073,34936.33,218.0,116.0,78185100.0,48604000.0,7476376.0,10.46,6.5,2025-07-01,2025-07-31,monthly,31,False,469.0,358647.25,241173.42,7.032,thames,ff263638d4ce8874a7c7201caa93a870,INKANO_Monthly_Ads_-_SHOPEE.csv
InKano Cirrus - Dress wanita sleeveless midi dress wanita dengan details rok balloon,Berjalan,Iklan Produk,25390328930,GMV Max ROAS,Semua Penempatan,11/01/2025 00:00:00,311446.0,10857.0,0.0349,160.0,109.0,0.0147,0.01,26208.07,165.0,112.0,45662800.0,32768000.0,4193291.0,10.89,7.81,2025-07-01,2025-07-31,monthly,31,False,386.23,276744.24,135267.45,5.323,cirrus,60f18f5dacf263b21b5c66c75215b656,INKANO_Monthly_Ads_-_SHOPEE.csv
InKano Basic Tee - Kaos wanita full katun atasan wanita basic lengan pendek,Berjalan,Iklan Produk,26124817232,GMV Max ROAS,Semua Penempatan,12/04/2025 00:00:00,242920.0,7885.0,0.0325,210.0,148.0,0.026600000000000002,0.018799999999999997,12469.19,244.0,173.0,27068200.0,17367000.0,2618530.0,10.34,6.63,2025-07-01,2025-07-31,monthly,31,False,332.09,110935.25,84468.71,7.871,kaos,bc8ba5716cf711677294561b801f11e6,INKANO_Monthly_Ads_-_SHOPEE.csv
InKano - Haze - Atasan rajut basic wanita dengan bahan full katun inner basic wanita lengan panjang,Berjalan,Iklan Produk,26214700605,GMV Max ROAS,Semua Penempatan,22/10/2024 00:00:00,206357.0,9769.0,0.0473,99.0,74.0,0.0101,0.0076,22715.1,103.0,76.0,24029350.0,17884000.0,2248795.0,10.69,7.95,2025-07-01,2025-07-31,monthly,31,False,230.2,233294.66,72541.77,3.323,haze,dbdaee1a9989b2458b3723858196cc48,INKANO_Monthly_Ads_-_SHOPEE.csv
InKano Stripes Union- Oversized stripes cotton knit top with long sleeve bahan katun korean style [5],Berjalan,Iklan Produk,18680549695,GMV Max ROAS,Semua Penempatan,08/06/2024 00:00:00,183545.0,6238.0,0.034,66.0,39.0,0.0106,0.0063,30498.53,70.0,42.0,19871000.0,12558000.0,2012903.0,9.87,6.24,2025-07-01,2025-07-31,monthly,31,False,322.68,283871.43,64932.35,2.258,stripes,e102b52fd4f9c578c45fd0768c0d595f,INKANO_Monthly_Ads_-_SHOPEE.csv
InKano Cascade - Everyday sleeveless top wanita atasan wanita sleevelss bahan parasut,Berjalan,Iklan Produk,29802573288,GMV Max ROAS,Semua Penempatan,13/06/2024 00:00:00,168417.0,8071.0,0.0479,95.0,60.0,0.0118,0.0074,17654.68,102.0,65.0,16602100.0,9685000.0,1677194.0,9.9,5.77,2025-07-01,2025-07-31,monthly,31,False,207.8,162765.69,54103.03,3.29,cascade,dd21400ff4c6a7f66d4ffcb9fe169fd7,INKANO_Monthly_Ads_-_SHOPEE.csv
InKano Solstice Dress - Dress maxi wanita dengan tali spaghetti strap,Berjalan,Iklan Produk,43350410595,GMV Max ROAS,Semua Penempatan,15/05/2025 00:00:00,161947.0,5674.0,0.035,104.0,75.0,0.0183,0.0132,19342.43,108.0,79.0,21850400.0,15271000.0,2011613.0,10.86,7.59,2025-07-01,2025-07-31,monthly,31,False,354.53,202318.52,64890.74,3.484,solstice,c09a5215dc312ee3eb0e2736183686f0,INKANO_Monthly_Ads_-_SHOPEE.csv
InKano - Lyn - Atasan wanita tanpa lengan sleveless top wanita dengan bahan ironless dan flowy dan details drape di pundak,Berjalan,Iklan Produk,28753233081,GMV Max ROAS,Semua Penempatan,24/06/2024 00:00:00,161113.0,6206.0,0.0385,76.0,58.0,0.012199999999999999,0.009300000000000001,15875.42,76.0,58.0,12949150.0,9768200.0,1206532.0,10.73,8.1,2025-07-01,2025-07-31,monthly,31,False,194.41,170383.55,38920.39,2.452,lyn,351980865e6cf417301a699700320e85,INKANO_Monthly_Ads_-_SHOPEE.csv
"InKano - Sparrow - Sleeveless maxi dress dengan texture plisket berfuring warna putih gading, abu muda, pink, coklat [4]",Berjalan,Iklan Produk,8150225187,GMV Max ROAS,Semua Penempatan,10/07/2024 00:00:00,160782.0,5733.0,0.035699999999999996,125.0,85.0,0.0218,0.0148,22965.04,129.0,88.0,31154650.0,21613200.0,2870630.0,10.85,7.53,2025-07-01,2025-07-31,monthly,31,False,500.72,241508.91,92600.97,4.161,sparrow,cd0aebd7230ecbe83b6ea9646e44e316,INKANO_Monthly_Ads_-_SHOPEE.csv
InKano Mallow - Knit top rajut jaket wanita dengan twi way zipper.,Berjalan,Iklan Produk,27226014984,GMV Max ROAS,Semua Penempatan,15/02/2025 00:00:00,155449.0,6557.0,0.042199999999999994,48.0,21.0,0.0073,0.0032,42665.76,48.0,21.0,16952000.0,9009000.0,2047956.0,8.28,4.4,2025-07-01,2025-07-31,monthly,31,False,312.33,353166.67,66063.1,1.548,mallow,ba0aa7b781bb304cd893d8c6ebebefc5,INKANO_Monthly_Ads_-_SHOPEE.csv
InKano Ann Cardie - Cadigan wanita katun outer rajut korean style [9],Berjalan,Iklan Produk,21486955097,GMV Max ROAS,Semua Penempatan,10/07/2024 00:00:00,148988.0,6327.0,0.0425,90.0,51.0,0.014199999999999999,0.008100000000000001,25224.55,94.0,55.0,26958400.0,16445000.0,2270210.0,11.87,7.24,2025-07-01,2025-07-31,monthly,31,False,358.81,286791.49,73232.58,3.032,ann,759d8e8893eabdfc07eb546861c49961,INKANO_Monthly_Ads_-_SHOPEE.csv
InKano Briette - Crop top wanita crop top outerwear wanita dengan details tali ikat [4],Berjalan,Iklan Produk,25575584031,GMV Max ROAS,Semua Penempatan,08/06/2024 00:00:00,133828.0,5930.0,0.0443,74.0,48.0,0.0125,0.008100000000000001,20781.53,77.0,50.0,16097200.0,9160000.0,1537833.0,10.47,5.96,2025-07-01,2025-07-31,monthly,31,False,259.33,209054.55,49607.52,2.484,briette,70286d22ec56110a6e8ecda7ba229a44,INKANO_Monthly_Ads_-_SHOPEE.csv
"InKano Gianna - Dress rayon dengan details ikat warna hitam, coklat muda, hijau olive dan soft pink [5]",Berjalan,Iklan Produk,4520695814,GMV Max ROAS,Semua Penempatan,08/06/2024 00:00:00,119752.0,6476.0,0.0541,41.0,23.0,0.0063,0.0036,25596.93,41.0,23.0,9507050.0,5267000.0,1049474.0,9.06,5.02,2025-07-01,2025-07-31,monthly,31,False,162.06,231879.27,33854.0,1.323,gianna,3ca34e692315f81a58c0ef541e748450,INKANO_Monthly_Ads_-_SHOPEE.csv
"InKano Waves - Midi dress bahan katun warna Putih (berfuring), Beige, Biru tua, Coklat tua, Hitam [7]",Berjalan,Iklan Produk,6137355964,GMV Max ROAS,Semua Penempatan,08/06/2024 00:00:00,119624.0,4061.0,0.0339,57.0,37.0,0.013999999999999999,0.0091,23492.31,59.0,38.0,12224750.0,7616300.0,1339062.0,9.13,5.69,2025-07-01,2025-07-31,monthly,31,False,329.74,207199.15,43195.55,1.903,waves,be13c2c47dafea069d6ad1219baa92ee,INKANO_Monthly_Ads_-_SHOPEE.csv
InKano Basic Tee - Kaos wanita full katun atasan wanita basic lengan pendek,Berjalan,Iklan Produk,41504095124,GMV Max ROAS,Semua Penempatan,11/06/2025 00:00:00,117643.0,4044.0,0.0344,103.0,83.0,0.0255,0.020499999999999997,15923.7,130.0,108.0,14520150.0,10782000.0,1640141.0,8.85,6.57,2025-07-01,2025-07-31,monthly,31,False,405.57,111693.46,52907.77,4.194,kaos,e56d9e7a148187ff30eb4b8824ad6d35,INKANO_Monthly_Ads_-_SHOPEE.csv
InKano Basic Tee - Kaos wanita full katun atasan wanita basic lengan pendek,Berjalan,Iklan Produk,26514706880,GMV Max ROAS,Semua Penempatan,22/10/2024 00:00:00,116732.0,4047.0,0.0347,113.0,68.0,0.0279,0.0168,13710.4,131.0,78.0,15853720.0,7722000.0,1549275.0,10.23,4.98,2025-07-01,2025-07-31,monthly,31,False,382.82,121020.76,49976.61,4.226,kaos,55a0bcf7d339d2f5df0b69b42783d7a7,INKANO_Monthly_Ads_-_SHOPEE.csv
"InKano Seville - Sleeveless midi dress wanita bahan katun warna beige coklat muda, navy blue, pearl ivory, peanut coklat tua [6]",Berjalan,Iklan Produk,5418636273,GMV Max ROAS,Semua Penempatan,08/06/2024 00:00:00,114723.0,3761.0,0.032799999999999996,54.0,28.0,0.0144,0.0074,24965.65,55.0,28.0,12214350.0,6192000.0,1348145.0,9.06,4.59,2025-07-01,2025-07-31,monthly,31,False,358.45,222079.09,43488.55,1.774,seville,194b3be9c28ab7f5ad9fc81d426f4f69,INKANO_Monthly_Ads_-_SHOPEE.csv
InKano Plume Sol - Sleeveless dress wanita dengan details texture fabric and tier silouette,Berjalan,Iklan Produk,28074783892,GMV Max ROAS,Semua Penempatan,30/01/2025 00:00:00,110435.0,4197.0,0.038,85.0,39.0,0.0203,0.009300000000000001,25508.43,88.0,39.0,20819200.0,9731000.0,2168216.0,9.6,4.49,2025-07-01,2025-07-31,monthly,31,False,516.61,236581.82,69942.45,2.839,plume,aef647d79bbca8e4c873c98ad437b3e8,INKANO_Monthly_Ads_-_SHOPEE.csv
"InKano Acre Dress - Sleeveless dress katun maxi dress sleeveless hitam, navy, dan gingham [3]",Berjalan,Iklan Produk,26150443050,GMV Max ROAS,Semua Penempatan,08/06/2024 00:00:00,108995.0,3730.0,0.0342,68.0,37.0,0.0182,0.009899999999999999,31174.22,74.0,38.0,22373400.0,12132100.0,2119847.0,10.55,5.72,2025-07-01,2025-07-31,monthly,31,False,568.32,302343.24,68382.16,2.387,acre,109aeb9c1becd59615052c621ec258b6,INKANO_Monthly_Ads_-_SHOPEE.csv
InKano Fable - Kemeja katun wanita shirtdress dengan kancing full depan warna hitam dan abu [4],Berjalan,Iklan Produk,9449724340,GMV Max ROAS,Semua Penempatan,09/06/2024 00:00:00,103681.0,4135.0,0.039900000000000005,61.0,39.0,0.0148,0.009399999999999999,26506.35,66.0,42.0,17244500.0,11298000.0,1616888.0,10.67,6.99,2025-07-01,2025-07-31,monthly,31,False,391.02,261280.3,52157.68,2.129,fable,def1ec7c069fd452950f32920ecef696,INKANO_Monthly_Ads_-_SHOPEE.csv
InKano - Marri Longsleeves [6],Berjalan,Iklan Produk,24369177837,GMV Max ROAS,Semua Penempatan,17/06/2024 00:00:00,97810.0,6247.0,0.0639,61.0,26.0,0.0098,0.0042,26139.54,63.0,26.0,15996650.0,7774000.0,1594512.0,10.03,4.88,2025-07-01,2025-07-31,monthly,31,False,255.24,253915.08,51435.87,2.032,marri,e5dc0ebc24d25a980392b554a845318f,INKANO_Monthly_Ads_-_SHOPEE.csv
InKano Echo - Celana pendek parasut wanita full pinggang karet,Berjalan,Iklan Produk,27703225497,GMV Max ROAS,Semua Penempatan,24/06/2024 00:00:00,94987.0,3542.0,0.0373,98.0,57.0,0.0277,0.0161,17307.74,108.0,64.0,19142750.0,10816000.0,1696158.0,11.29,6.38,2025-07-01,2025-07-31,monthly,31,False,478.87,177247.69,54714.77,3.484,echo,325daf3660abc2243a017617b9de4472,INKANO_Monthly_Ads_-_SHOPEE.csv
"InKano - Meadow - Cardigan rajut wanita bahan full katun, knit cardigan wanita",Berjalan,Iklan Produk,26670732939,GMV Max ROAS,Semua Penempatan,16/12/2024 00:00:00,92508.0,3858.0,0.0417,46.0,18.0,0.011899999999999999,0.004699999999999999,33009.42,47.0,18.0,15460850.0,7002000.0,1518433.0,10.18,4.61,2025-07-01,2025-07-31,monthly,31,False,393.58,328954.26,48981.71,1.516,meadow,e815c4916ed896c2e5cdd8302c8bf5e7,INKANO_Monthly_Ads_-_SHOPEE.csv
InKano Rene Cardigan - Everyday cardigan wanita outerwear wanita knit cardigan cotton viscose [4],Berjalan,Iklan Produk,24571129042,GMV Max ROAS,Semua Penempatan,11/06/2024 00:00:00,92047.0,3251.0,0.0353,58.0,34.0,0.0178,0.0105,33778.78,58.0,34.0,19908300.0,12546000.0,1959169.0,10.16,6.4,2025-07-01,2025-07-31,monthly,31,False,602.64,343246.55,63199.0,1.871,rene,27fb374e19dd6d5bc8a1905ab8c5de3a,INKANO_Monthly_Ads_-_SHOPEE.csv
"InKano Dill - Outerwear daily wanita bahan rayon texture crinkle warna muted pink mauve, hijau sage, coklat coffee [6]",Berjalan,Iklan Produk,16770157482,GMV Max ROAS,Semua Penempatan,09/06/2024 00:00:00,92036.0,4643.0,0.0504,68.0,36.0,0.0146,0.0078000000000000005,21399.89,70.0,37.0,14385300.0,6587200.0,1455193.0,9.89,4.53,2025-07-01,2025-07-31,monthly,31,False,313.42,205504.29,46941.71,2.258,dill,b98442bdcaece494cb3ba93c5674d9f4,INKANO_Monthly_Ads_-_SHOPEE.csv
"InKano Cycle Jacket - See through jacket texturized fabric jaket wanita dengan hoodie warna beige, dusty pink, coklat [6]",Berjalan,Iklan Produk,22619901508,GMV Max ROAS,Semua Penempatan,11/06/2024 00:00:00,91464.0,5427.0,0.0593,39.0,23.0,0.0072,0.0042,20527.4,41.0,23.0,9173600.0,4577000.0,800569.0,11.46,5.72,2025-07-01,2025-07-31,monthly,31,False,147.52,223746.34,25824.81,1.323,cycle,4f93cebc173f7ee93b13c9a9528f3c95,INKANO_Monthly_Ads_-_SHOPEE.csv
"InKano Bree - Sleeveless midi dress rayon warna putih, coklat beige, hijau olive, hijau sage, hitam [4]",Berjalan,Iklan Produk,8012587266,GMV Max ROAS,Semua Penempatan,26/10/2024 00:00:00,89037.0,3527.0,0.039599999999999996,43.0,23.0,0.012199999999999999,0.006500000000000001,27652.39,44.0,24.0,11390400.0,6289100.0,1189053.0,9.58,5.29,2025-07-01,2025-07-31,monthly,31,False,337.13,258872.73,38356.55,1.419,bree,eb5b554ce09453c367834b778ec009aa,INKANO_Monthly_Ads_-_SHOPEE.csv
InKano Ripple - Rok plisket wanita flowy pinggang karet [2],Berjalan,Iklan Produk,25439467291,GMV Max ROAS,Semua Penempatan,16/12/2024 00:00:00,87129.0,3156.0,0.0362,60.0,29.0,0.019,0.0092,33032.04,66.0,34.0,20438850.0,12500100.0,1981922.0,10.31,6.31,2025-07-01,2025-07-31,monthly,31,False,627.99,309679.55,63932.97,2.129,ripple,e9f297d63b7f1d2b445e6f175a743a43,INKANO_Monthly_Ads_-_SHOPEE.csv
"InKano - Basic Shirt - Kemeja basic rayon full kancing warna putih, hitam dan biru navy [4]",Berjalan,Iklan Produk,4654707139,GMV Max ROAS,Semua Penempatan,11/06/2024 00:00:00,78963.0,4136.0,0.0524,74.0,51.0,0.0179,0.0123,17993.73,80.0,56.0,14333150.0,9464000.0,1331536.0,10.76,7.11,2025-07-01,2025-07-31,monthly,31,False,321.94,179164.38,42952.77,2.581,shirt,52bbdc8108e94b76fe5b33ca32215cc6,INKANO_Monthly_Ads_-_SHOPEE.csv
InKano - Thyme - Atasan rajut wanita dengan floral details untuk layering,Berjalan,Iklan Produk,25339467342,GMV Max ROAS,Semua Penempatan,16/12/2024 00:00:00,76854.0,3284.0,0.042699999999999995,27.0,9.0,0.008199999999999999,0.0027,43378.33,27.0,9.0,6921650.0,3231000.0,1171215.0,5.91,2.76,2025-07-01,2025-07-31,monthly,31,False,356.64,256357.41,37781.13,0.871,thyme,7d6f5d11fbb8a715f79c51d099dfc34b,INKANO_Monthly_Ads_-_SHOPEE.csv
"InKano - Crest - Pleated dress wanita sleeveless, dress wanita plisket tanpa lengan",Berjalan,Iklan Produk,24238660941,GMV Max ROAS,Semua Penempatan,25/11/2024 00:00:00,75539.0,2203.0,0.0292,32.0,15.0,0.014499999999999999,0.0068000000000000005,40338.0,35.0,15.0,9987200.0,5085000.0,1290816.0,7.74,3.94,2025-07-01,2025-07-31,monthly,31,False,585.94,285348.57,41639.23,1.129,crest,91fea671173996cd54159a376673867f,INKANO_Monthly_Ads_-_SHOPEE.csv
InKano - Flow - Kemeja sleeveless wanita dengan bahan polyester linen dan relaxed fit,Berjalan,Iklan Produk,29362642841,GMV Max ROAS,Semua Penempatan,02/10/2024 00:00:00,75067.0,3460.0,0.0461,91.0,43.0,0.0263,0.0124,18702.74,98.0,47.0,16907100.0,7108100.0,1701950.0,9.93,4.18,2025-07-01,2025-07-31,monthly,31,False,491.89,172521.43,54901.61,3.161,flow,e2b8af0389c9e5db7a10998ac30da1f0,INKANO_Monthly_Ads_-_SHOPEE.csv
"InKano Waves - Midi dress bahan katun warna Putih (berfuring), Beige, Biru tua, Coklat tua, Hitam [5]",Berjalan,Iklan Produk,3537453641,GMV Max ROAS,Semua Penempatan,19/03/2025 00:00:00,72487.0,2412.0,0.0333,40.0,28.0,0.0166,0.0116,19876.51,43.0,31.0,8205790.0,6349000.0,795060.0,10.32,7.99,2025-07-01,2025-07-31,monthly,31,False,329.63,190832.33,25647.1,1.387,waves,c1a546696b26d9c64cc154d93dd06eee,INKANO_Monthly_Ads_-_SHOPEE.csv
InKano - Tessera - Kemeja rajut lengan panjang dengan details tekstur untuk atasan maupun outerwear,Berjalan,Iklan Produk,27612634424,GMV Max ROAS,Semua Penempatan,02/10/2024 00:00:00,72266.0,2623.0,0.0363,47.0,15.0,0.0179,0.005699999999999999,30916.22,48.0,15.0,13285400.0,5385000.0,1453062.0,9.14,3.71,2025-07-01,2025-07-31,monthly,31,False,553.97,276779.17,46872.97,1.548,tessera,2dc383df110a976cfdaf01c876903f70,INKANO_Monthly_Ads_-_SHOPEE.csv
InKano Cassia - Outer knit wanita lengan panjang dengan scallop hemming outerwear rajut wanita,Berjalan,Iklan Produk,40556691928,GMV Max ROAS,Semua Penempatan,30/06/2025 00:00:00,71685.0,2128.0,0.0297,24.0,11.0,0.0113,0.0052,34467.71,25.0,11.0,6199720.0,3809000.0,827225.0,7.49,4.6,2025-07-01,2025-07-31,monthly,31,False,388.73,247988.8,26684.68,0.806,cassia,c3a1264ec0436545b9a0a864f2484a50,INKANO_Monthly_Ads_-_SHOPEE.csv
"InKano - River - Sleeveless maxi cotton knit dress / Dress rajut katun panjang warna beige coklat susu, cloud grey abu muda, stone, asphalt abu tua [5]",Berjalan,Iklan Produk,9066211366,GMV Max ROAS,Semua Penempatan,18/07/2024 00:00:00,70319.0,2975.0,0.042300000000000004,36.0,19.0,0.0121,0.0064,32049.59,37.0,20.0,10225200.0,5580000.0,1153785.0,8.86,4.84,2025-07-01,2025-07-31,monthly,31,False,387.83,276356.76,37218.87,1.194,river,ff131d61a7adae4292aa90cb60d6085d,INKANO_Monthly_Ads_-_SHOPEE.csv
InKano Alpine - Celana denim wanita relaxed fit dengan elastic di bagian belakang,Berjalan,Iklan Produk,29777681282,GMV Max ROAS,Semua Penempatan,01/03/2025 00:00:00,69912.0,2013.0,0.0288,41.0,17.0,0.0204,0.0084,26391.14,42.0,17.0,11242400.0,6031200.0,1082037.0,10.39,5.57,2025-07-01,2025-07-31,monthly,31,False,537.52,267676.19,34904.42,1.355,alpine,95d2f32b4c0c206ed3a77e86367f76b8,INKANO_Monthly_Ads_-_SHOPEE.csv
InKano Acacia - Outerwear wanita dengan details bordir dan kain bertekstur linen,Berjalan,Iklan Produk,24593052285,GMV Max ROAS,Semua Penempatan,14/04/2025 00:00:00,67508.0,3282.0,0.048600000000000004,26.0,3.0,0.0079,0.0009,36413.86,26.0,3.0,6904150.0,887000.0,946760.0,7.29,0.94,2025-07-01,2025-07-31,monthly,31,False,288.47,265544.23,30540.65,0.839,acacia,8f56ebc12f257002b735de78e7833dbf,INKANO_Monthly_Ads_-_SHOPEE.csv
"InKano Paige - Kemeja rayon wanita full kancing warna putih, coklat muda, hitam, olive, hijau sage, biru tua, biru muda [4]",Berjalan,Iklan Produk,4216455466,GMV Max ROAS,Semua Penempatan,08/06/2024 00:00:00,62128.0,2351.0,0.0378,43.0,23.0,0.0183,0.0098,17150.65,45.0,25.0,7355300.0,3975000.0,737478.0,9.97,5.39,2025-07-01,2025-07-31,monthly,31,False,313.69,163451.11,23789.61,1.452,paige,15aa1a88889dea978f059108561e14fc,INKANO_Monthly_Ads_-_SHOPEE.csv
InKano Ann Cardie - Cadigan wanita katun outer rajut korean style,Berjalan,Iklan Produk,27924789216,GMV Max ROAS,Semua Penempatan,04/07/2025 00:00:00,58741.0,1820.0,0.031,32.0,15.0,0.0176,0.008199999999999999,30719.35,34.0,16.0,9035700.0,4784000.0,983019.0,9.19,4.87,2025-07-01,2025-07-31,monthly,31,False,540.12,265755.88,31710.29,1.097,ann,84332444e64039b1aa79fa4c0032ab9f,INKANO_Monthly_Ads_-_SHOPEE.csv
InKano - Call Dress - Mini dress wanita sleeveless dress with texturized fabric [4],Berjalan,Iklan Produk,21495899405,GMV Max ROAS,Semua Penempatan,17/06/2024 00:00:00,58145.0,1824.0,0.031400000000000004,37.0,22.0,0.0203,0.0121,26929.78,38.0,22.0,8529750.0,5478000.0,996402.0,8.56,5.5,2025-07-01,2025-07-31,monthly,31,False,546.27,224467.11,32142.0,1.226,call,1e77a8936c9b570dab4dbd41e532c405,INKANO_Monthly_Ads_-_SHOPEE.csv
InKano Caise Skirt - Rok midi wanita straight midi slim skirt warna abu dan hitam [4],Berjalan,Iklan Produk,22959279323,GMV Max ROAS,Semua Penempatan,09/06/2024 00:00:00,57212.0,2153.0,0.037599999999999995,39.0,23.0,0.0181,0.010700000000000001,22680.36,39.0,23.0,6826700.0,3609300.0,884534.0,7.72,4.08,2025-07-01,2025-07-31,monthly,31,False,410.84,175043.59,28533.35,1.258,caise,d9c1a237f1fbb61bff4ef33a9ec0b4a5,INKANO_Monthly_Ads_-_SHOPEE.csv
"InKano Linen Dress - Sleeveless dress linen, dress wanita midi dengan kancing depan warna offwhite stripes, dan navy strieps [5]",Berjalan,Iklan Produk,23870069126,GMV Max ROAS,Semua Penempatan,21/04/2025 00:00:00,53191.0,3724.0,0.07,41.0,8.0,0.011000000000000001,0.0021,27418.5,44.0,8.0,11630100.0,2915100.0,1124158.0,10.35,2.59,2025-07-01,2025-07-31,monthly,31,False,301.87,264320.45,36263.16,1.419,linen,9e5008af610c7719d43448627f5d8399,INKANO_Monthly_Ads_-_SHOPEE.csv
"InKano Ravine - Sleveless dress wanita ironless crinkle fabric, midi inner dress wanita",Berjalan,Iklan Produk,25532425535,GMV Max ROAS,Semua Penempatan,24/06/2024 00:00:00,52320.0,1821.0,0.0348,34.0,21.0,0.0187,0.0115,25054.43,35.0,22.0,6978050.0,3998000.0,851850.0,8.19,4.69,2025-07-01,2025-07-31,monthly,31,False,467.79,199372.86,27479.03,1.129,ravine,4f1f2b70f0c98b53e82a2463f8213523,INKANO_Monthly_Ads_-_SHOPEE.csv
InKano Stripes Union- Oversized stripes cotton knit top with long sleeve bahan katun korean style,Berjalan,Iklan Produk,40401639592,GMV Max ROAS,Semua Penempatan,21/05/2025 00:00:00,51366.0,1577.0,0.030699999999999998,14.0,7.0,0.0089,0.0044,41041.38,14.0,7.0,3786000.0,2093000.0,574579.0,6.59,3.64,2025-07-01,2025-07-31,monthly,31,False,364.35,270428.57,18534.81,0.452,stripes,bf927bd235c8360c4ea72ec3bf57ac6f,INKANO_Monthly_Ads_-_SHOPEE.csv
InKano Skylet - Sleeveless dress wanita minimalist maxi dress wanita dengan details crinkle texture dan straight cut,Berjalan,Iklan Produk,27176054532,GMV Max ROAS,Semua Penempatan,15/02/2025 00:00:00,50955.0,2277.0,0.0447,40.0,18.0,0.0176,0.0079,23634.71,40.0,18.0,9175600.0,4042000.0,945388.0,9.71,4.28,2025-07-01,2025-07-31,monthly,31,False,415.19,229390.0,30496.39,1.29,skylet,5533a27cb6bd0c0a627a083b7680e021,INKANO_Monthly_Ads_-_SHOPEE.csv
"InKano Slate Skirt - Rok wanita plisket dengan pinggang karet warna coklat, abu, dan hitam black [4]",Berjalan,Iklan Produk,23772418038,GMV Max ROAS,Semua Penempatan,08/06/2024 00:00:00,45666.0,1590.0,0.0348,34.0,19.0,0.021400000000000002,0.011899999999999999,28821.31,34.0,19.0,8966000.0,5111000.0,979924.0,9.15,5.22,2025-07-01,2025-07-31,monthly,31,False,616.3,263705.88,31610.45,1.097,slate,e3521fbf9c3f52a3c9cdff5f3899534c,INKANO_Monthly_Ads_-_SHOPEE.csv
InKano Fray - Celana wanita high waist relaxed fit,Berjalan,Iklan Produk,24991420380,GMV Max ROAS,Semua Penempatan,15/02/2025 00:00:00,45553.0,1960.0,0.043,42.0,21.0,0.021400000000000002,0.010700000000000001,24830.94,46.0,24.0,9885200.0,4706000.0,1042900.0,9.48,4.51,2025-07-01,2025-07-31,monthly,31,False,532.09,214895.65,33641.94,1.484,fray,4ca29037d02a61768b5aea1b610264cc,INKANO_Monthly_Ads_-_SHOPEE.csv
InKano Spire Plum - Dress wanita sleeveless dengan details rok balon,Berjalan,Iklan Produk,25640328984,GMV Max ROAS,Semua Penempatan,11/01/2025 00:00:00,43944.0,1479.0,0.0337,24.0,4.0,0.016200000000000003,0.0027,37048.97,26.0,4.0,7401750.0,1216000.0,889175.0,8.32,1.37,2025-07-01,2025-07-31,monthly,31,False,601.2,284682.69,28683.06,0.839,spire,b79a14ede6776a2cd0f238892cb35cb6,INKANO_Monthly_Ads_-_SHOPEE.csv
InKano Soleil - Rok wanita dengan pinggang karet dan details kerut,Berjalan,Iklan Produk,25641348214,GMV Max ROAS,Semua Penempatan,15/02/2025 00:00:00,43332.0,2238.0,0.0516,16.0,5.0,0.0070999999999999995,0.0022,32471.09,16.0,5.0,3800400.0,1245000.0,519537.0,7.31,2.4,2025-07-01,2025-07-31,monthly,31,False,232.14,237525.0,16759.26,0.516,soleil,61573433aacd7ec58f2657a827b92999,INKANO_Monthly_Ads_-_SHOPEE.csv
InKano Faye - Sleeveless midi dress wanita 100% katun dengan details ikat,Berjalan,Iklan Produk,28884663826,GMV Max ROAS,Semua Penempatan,24/04/2025 00:00:00,36144.0,1470.0,0.0407,26.0,11.0,0.0177,0.0075,31188.06,27.0,11.0,7820100.0,3459000.0,810889.0,9.64,4.27,2025-07-01,2025-07-31,monthly,31,False,551.63,289633.33,26157.71,0.871,faye,551e89aa666db13848582d9d2ce56021,INKANO_Monthly_Ads_-_SHOPEE.csv
InKano - Thyme - Atasan rajut wanita dengan floral details untuk layering,Berjalan,Iklan Produk,40651650756,GMV Max ROAS,Semua Penempatan,21/05/2025 00:00:00,35802.0,1119.0,0.0313,18.0,7.0,0.0161,0.0063,41399.46,18.0,7.0,5176200.0,2513000.0,745190.0,6.95,3.37,2025-07-01,2025-07-31,monthly,31,False,665.94,287566.67,24038.39,0.581,thyme,489db558653ae49aee26ed8ecd01cdcf,INKANO_Monthly_Ads_-_SHOPEE.csv
"InKano - Terrain Skirt - Rok wanita plisket dengan resliting belakang warna dusty pink, dark grey, dan hitam black [4]",Berjalan,Iklan Produk,19176939583,GMV Max ROAS,Semua Penempatan,08/06/2024 00:00:00,34169.0,1482.0,0.0434,12.0,8.0,0.008100000000000001,0.0054,42788.47,12.0,8.0,3095200.0,2312000.0,513462.0,6.03,4.5,2025-07-01,2025-07-31,monthly,31,False,346.47,257933.33,16563.29,0.387,terrain,cdcd92cd71bf366cc34c51eae95f94f5,INKANO_Monthly_Ads_-_SHOPEE.csv
InKano Eyre Drawstring Dress - sleeveless dress wanita midi dress wanita dengan drawstring pinggang [4],Berjalan,Iklan Produk,25022052499,GMV Max ROAS,Semua Penempatan,11/07/2024 00:00:00,33258.0,1421.0,0.042699999999999995,27.0,13.0,0.019,0.0091,17984.37,28.0,13.0,6802000.0,2787000.0,485578.0,14.01,5.74,2025-07-01,2025-07-31,monthly,31,False,341.72,242928.57,15663.81,0.903,eyre,658891ee9a018b31805182f5cf4987f2,INKANO_Monthly_Ads_-_SHOPEE.csv
"InKano - Roue Tanktop & Roue Line - Tanktop rajut wanita knit crop top wanita basic warna putih, mauve, grey, hitam [6]",Berjalan,Iklan Produk,25256768865,GMV Max ROAS,Semua Penempatan,03/06/2025 00:00:00,32980.0,1195.0,0.0362,30.0,16.0,0.025099999999999997,0.0134,23688.29,34.0,18.0,6154200.0,3082000.0,710649.0,8.66,4.34,2025-07-01,2025-07-31,monthly,31,False,594.69,181005.88,22924.16,1.097,roue,6ecfe7913b27238ae4917cf4ba1327e1,INKANO_Monthly_Ads_-_SHOPEE.csv
"InKano Fig Skirt - Rok wanita structured flare skirt warna offwhite, coksu, hitam [7]",Berjalan,Iklan Produk,22444569998,GMV Max ROAS,Semua Penempatan,08/06/2024 00:00:00,31499.0,971.0,0.0308,12.0,3.0,0.0124,0.0031,27967.47,12.0,3.0,2968000.0,777000.0,335610.0,8.84,2.32,2025-07-01,2025-07-31,monthly,31,False,345.63,247333.33,10826.13,0.387,fig,5ef3cbfa2258d6470f68df244cdafc20,INKANO_Monthly_Ads_-_SHOPEE.csv
InKano Fall Trousers - Celana panjang wanita full karet kulow wanita dengan teksur garis warna putih bw abu dan hitam [4],Berjalan,Iklan Produk,21695149050,GMV Max ROAS,Semua Penempatan,10/07/2024 00:00:00,30073.0,1197.0,0.0398,35.0,22.0,0.0292,0.0184,20220.29,35.0,22.0,7270500.0,4158000.0,707710.0,10.27,5.88,2025-07-01,2025-07-31,monthly,31,False,591.24,207728.57,22829.35,1.129,fall,de6b5ec581300e8f805515995f57de85,INKANO_Monthly_Ads_-_SHOPEE.csv
InKano Rilys - Rok wanita rayon premium dengan details tier dan pinggang elastic,Berjalan,Iklan Produk,28738367414,GMV Max ROAS,Semua Penempatan,07/07/2025 00:00:00,26891.0,1084.0,0.0403,20.0,14.0,0.018500000000000003,0.0129,25643.9,21.0,15.0,4979000.0,3405000.0,512878.0,9.71,6.64,2025-07-01,2025-07-31,monthly,31,False,473.13,237095.24,16544.45,0.677,rilys,c641b72587cc9b0b17bff5d172ed8e3e,INKANO_Monthly_Ads_-_SHOPEE.csv
InKano Adair - Kemeja wanita oversized dengan contast stitching details,Berjalan,Iklan Produk,43607402621,GMV Max ROAS,Semua Penempatan,07/07/2025 00:00:00,26597.0,1033.0,0.0388,12.0,6.0,0.0116,0.0058,31077.33,12.0,6.0,2990500.0,1614000.0,372928.0,8.02,4.33,2025-07-01,2025-07-31,monthly,31,False,361.01,249208.33,12029.94,0.387,adair,6d0c6728acb2f842e43887ac513cf426,INKANO_Monthly_Ads_-_SHOPEE.csv
InKano Hawthorn - Atasan rajut knitwear wanita dengan details zipper dan tekstur,Berjalan,Iklan Produk,43807397639,GMV Max ROAS,Semua Penempatan,07/07/2025 00:00:00,26561.0,991.0,0.0373,15.0,6.0,0.0151,0.0060999999999999995,46568.33,16.0,7.0,4934000.0,2793000.0,698525.0,7.06,4.0,2025-07-01,2025-07-31,monthly,31,False,704.87,308375.0,22533.06,0.516,hawthorn,65d6eee0d8972c844d54ee00288e1fd5,INKANO_Monthly_Ads_-_SHOPEE.csv
InKano Nash -Sleeveless atasan blouse wanita dengan neckline tinggi dan tekstur kain,Berjalan,Iklan Produk,40157398753,GMV Max ROAS,Semua Penempatan,07/07/2025 00:00:00,25465.0,624.0,0.0245,18.0,8.0,0.0288,0.0128,19616.58,19.0,9.0,3391000.0,1241000.0,353098.0,9.6,3.51,2025-07-01,2025-07-31,monthly,31,False,565.86,178473.68,11390.26,0.613,nash,2cf2f21d6f7e91b9adf94abb64263ed7,INKANO_Monthly_Ads_-_SHOPEE.csv
InKano - Glint Skirt - Rok wanita semi formal dengan pinggang karet elastis warna abu [4],Berjalan,Iklan Produk,21358379617,GMV Max ROAS,Semua Penempatan,11/06/2024 00:00:00,25418.0,1055.0,0.0415,17.0,6.0,0.0161,0.005699999999999999,24790.13,17.0,6.0,3347100.0,1134000.0,421432.0,7.94,2.69,2025-07-01,2025-07-31,monthly,31,False,399.46,196888.24,13594.58,0.548,glint,e2b5c72cc9dc265cb2523fd57e04b288,INKANO_Monthly_Ads_-_SHOPEE.csv
InKano - Gale - Rok satin wanita warna bw creme dan hitam,Berjalan,Iklan Produk,28364865828,GMV Max ROAS,Semua Penempatan,24/10/2024 00:00:00,25032.0,1400.0,0.0559,17.0,12.0,0.0121,0.0086,21231.98,18.0,13.0,3782000.0,2457000.0,360944.0,10.48,6.81,2025-07-01,2025-07-31,monthly,31,False,257.82,210111.11,11643.35,0.581,gale,fc738d7f48b444f6a56bfc996696059d,INKANO_Monthly_Ads_-_SHOPEE.csv
InKano Alwyn -Outerwear rajut knitwear wanita dengan details contrast stitching,Berjalan,Iklan Produk,44007408047,GMV Max ROAS,Semua Penempatan,07/07/2025 00:00:00,20451.0,430.0,0.021,9.0,5.0,0.0209,0.0116,27852.69,9.0,5.0,2897200.0,1895000.0,250674.0,11.56,7.56,2025-07-01,2025-07-31,monthly,31,False,582.96,321911.11,8086.26,0.29,alwyn,ada05103c3ae6b53c4062036e8da652c,INKANO_Monthly_Ads_-_SHOPEE.csv
InKano Leif - Atasan Blouse wanita basic atasan sleeveless wanita,Berjalan,Iklan Produk,40607295073,GMV Max ROAS,Semua Penempatan,07/07/2025 00:00:00,18983.0,459.0,0.0242,17.0,12.0,0.037000000000000005,0.026099999999999998,18088.99,19.0,14.0,2711000.0,1566000.0,307513.0,8.82,5.09,2025-07-01,2025-07-31,monthly,31,False,669.96,142684.21,9919.77,0.613,leif,c11d3e4459f1e077a29ced9ed62a6a0f,INKANO_Monthly_Ads_-_SHOPEE.csv
InKano - Carra Pleated Dress - Sleeveless dress wanita midi dress plisket wanita [4],Berjalan,Iklan Produk,24325590048,GMV Max ROAS,Semua Penempatan,08/06/2024 00:00:00,17572.0,781.0,0.0444,6.0,1.0,0.0077,0.0013,37046.43,6.0,1.0,1604000.0,309000.0,222279.0,7.22,1.39,2025-07-01,2025-07-31,monthly,31,False,284.61,267333.33,7170.29,0.194,carra,f7547d2c88882e22d03e4c5fd27008f0,INKANO_Monthly_Ads_-_SHOPEE.csv
InKano Tether - Rok midi wanita dengan serat bahan tencel rok kerja wanita casual,Berjalan,Iklan Produk,29220727488,GMV Max ROAS,Semua Penempatan,16/12/2024 00:00:00,17473.0,786.0,0.045,18.0,1.0,0.0229,0.0013,22374.96,18.0,1.0,4701300.0,319000.0,402749.0,11.67,0.79,2025-07-01,2025-07-31,monthly,31,False,512.4,261183.33,12991.9,0.581,tether,cc24d863dc3db18180864c10be7b1def,INKANO_Monthly_Ads_-_SHOPEE.csv
InKano Saffron - Rok Midi A Line wanita bahan katun dengan pinggang karet dan kantong samping,Berjalan,Iklan Produk,29638461726,GMV Max ROAS,Semua Penempatan,08/07/2025 00:00:00,15123.0,545.0,0.036000000000000004,2.0,0.0,0.0037,0.0,82800.22,2.0,0.0,368400.0,0.0,165600.0,2.22,0.0,2025-07-01,2025-07-31,monthly,31,False,303.85,184200.0,5341.94,0.065,saffron,221eccef0e676daa56c72f11d6186533,INKANO_Monthly_Ads_-_SHOPEE.csv
InKano Fleur - Kemeja sleeveless wanita dengan details flare di pinggang,Berjalan,Iklan Produk,42957848178,GMV Max ROAS,Semua Penempatan,09/07/2025 00:00:00,11986.0,439.0,0.0366,21.0,11.0,0.0478,0.025099999999999997,18074.69,23.0,13.0,4364750.0,2397000.0,379568.0,11.5,6.32,2025-07-01,2025-07-31,monthly,31,False,864.62,189771.74,12244.13,0.742,fleur,c6769c678ba56b33f69bfc7d228b6cdd,INKANO_Monthly_Ads_-_SHOPEE.csv
InKano Vine - Kemeja wanita stripes bahan full katun,Berjalan,Iklan Produk,27774742340,GMV Max ROAS,Semua Penempatan,30/01/2025 00:00:00,8571.0,514.0,0.06,4.0,3.0,0.0078000000000000005,0.0058,23906.31,4.0,3.0,890200.0,707000.0,95625.0,9.31,7.39,2025-07-01,2025-07-31,monthly,31,False,186.04,222550.0,3084.68,0.129,vine,9fb84162314480d296a4cc1161fe34ec,INKANO_Monthly_Ads_-_SHOPEE.csv
"InKano - Float - 2 ways blouse wanita sleeveless bahan crinkle reversible square and v neck warna coklat,biru abu,biru tua muda [5]",Berjalan,Iklan Produk,18804681664,GMV Max ROAS,Semua Penempatan,09/06/2024 00:00:00,7636.0,313.0,0.040999999999999995,10.0,3.0,0.0319,0.0096,14161.68,13.0,3.0,1637000.0,387000.0,141617.0,11.56,2.73,2025-07-01,2025-07-31,monthly,31,False,452.45,125923.08,4568.29,0.419,float,5568618299f3270684462553dab4ba56,INKANO_Monthly_Ads_-_SHOPEE.csv
"InKano - Pane Jacket - jaket wanita tipis dengan serat kain bertekstur, kancing depan, dan kantong [4]",Berjalan,Iklan Produk,25450648574,GMV Max ROAS,Semua Penempatan,17/06/2024 00:00:00,7017.0,429.0,0.0611,6.0,3.0,0.013999999999999999,0.006999999999999999,15651.02,6.0,3.0,1489000.0,642000.0,93906.0,15.86,6.84,2025-07-01,2025-07-31,monthly,31,False,218.9,248166.67,3029.23,0.194,pane,dd1aa60339afae0218ea3d9ce0830b8b,INKANO_Monthly_Ads_-_SHOPEE.csv
"InKano - Ridge - Sleeveless maxi dress terbaru dengan style korea dan bahan rayon premium warna hitam, dusty lilac ungu muda, pink shades [4]",Berjalan,Iklan Produk,10979039292,GMV Max ROAS,Semua Penempatan,10/07/2024 00:00:00,5809.0,266.0,0.0458,1.0,1.0,0.0038,0.0038,66547.06,1.0,1.0,249000.0,249000.0,66547.0,3.74,3.74,2025-07-01,2025-07-31,monthly,31,False,250.18,249000.0,2146.68,0.032,ridge,75d71e2e4fce9bedc1e583fdac31437b,INKANO_Monthly_Ads_-_SHOPEE.csv
InKano Amary - Sleeveless dress wanita dengan details rok plisket,Berjalan,Iklan Produk,29075945430,GMV Max ROAS,Semua Penempatan,15/02/2025 00:00:00,2335.0,188.0,0.0805,7.0,6.0,0.037200000000000004,0.0319,30343.02,7.0,6.0,2578000.0,2364000.0,212401.0,12.14,11.13,2025-07-01,2025-07-31,monthly,31,False,1129.79,368285.71,6851.65,0.226,amary,44d2ceec39b845f36bf08a23efbfe91c,INKANO_Monthly_Ads_-_SHOPEE.csv
"InKano Piper - Sleeveless dress wanita dengan details pleats abstract, inner dress wanita layering",Dijeda,Iklan Produk,27179903627,GMV Max ROAS,Semua Penempatan,14/04/2025 00:00:00,76539.0,5005.0,0.0654,33.0,17.0,0.0066,0.0034000000000000002,29414.08,36.0,19.0,8795500.0,4332500.0,970665.0,9.06,4.46,2025-07-01,2025-07-31,monthly,31,False,193.94,244319.44,31311.77,1.161,piper,c3c1f74b5ca0a72372faddacfb58ab61,INKANO_Monthly_Ads_-_SHOPEE.csv
"InKano Dales Cargo Pants - Cargo pants wanita celana panjang cargo wanita pinggang full karet warna beige, light grey, khaki [2]",Dijeda,Iklan Produk,25506769709,GMV Max ROAS,Semua Penempatan,17/06/2024 00:00:00,75319.0,2794.0,0.0371,47.0,25.0,0.0168,0.0089,28442.33,48.0,25.0,13326000.0,8093400.0,1336790.0,9.97,6.05,2025-07-01,2025-07-31,monthly,31,False,478.45,277625.0,43122.26,1.548,dales,459a0258217429a6f79aecb4fc1b7f61,INKANO_Monthly_Ads_-_SHOPEE.csv
"InKano Seville - Sleeveless midi dress wanita bahan katun warna beige coklat muda, navy blue, pearl ivory, peanut coklat tua [4]",Dijeda,Iklan Produk,5318635917,GMV Max ROAS,Semua Penempatan,13/05/2025 00:00:00,58074.0,1911.0,0.0329,29.0,22.0,0.0152,0.0115,24297.65,30.0,23.0,6565500.0,5117000.0,704632.0,9.32,7.26,2025-07-01,2025-07-31,monthly,31,False,368.72,218850.0,22730.06,0.968,seville,c3086ff98aba735760076789f9999363,INKANO_Monthly_Ads_-_SHOPEE.csv
"InKano - Oak - Rok midi dengan pinggang karet dan drawstring bahan katun warna ivory, coklat [7]",Dijeda,Iklan Produk,12963277331,GMV Max ROAS,Semua Penempatan,09/06/2024 00:00:00,53100.0,2600.0,0.049,33.0,20.0,0.0127,0.0077,21155.99,35.0,20.0,6293750.0,3580000.0,698148.0,9.01,5.13,2025-07-01,2025-07-31,monthly,31,False,268.52,179821.43,22520.9,1.129,oak,ecafc81e1c363c2014e654ee477470a1,INKANO_Monthly_Ads_-_SHOPEE.csv
InKano Barrel Pants - Celana panjang wanita dengan cutting barrel dan bahan katun,Dijeda,Iklan Produk,27738375792,GMV Max ROAS,Semua Penempatan,07/07/2025 00:00:00,52447.0,2956.0,0.0564,52.0,41.0,0.0176,0.0139,21399.42,53.0,42.0,13544900.0,11351200.0,1112770.0,12.17,10.2,2025-07-01,2025-07-31,monthly,31,False,376.44,255564.15,35895.81,1.71,barrel,8e02dc0d805e03556cecb22ad89766d7,INKANO_Monthly_Ads_-_SHOPEE.csv
InKano Hayes - Sleeveless dress wanita dengan details plisket di bagian depan,Dijeda,Iklan Produk,27029888504,GMV Max ROAS,Semua Penempatan,14/04/2025 00:00:00,42342.0,1772.0,0.0418,28.0,12.0,0.0158,0.0068000000000000005,22506.31,28.0,12.0,6531100.0,3022100.0,630177.0,10.36,4.8,2025-07-01,2025-07-31,monthly,31,False,355.63,233253.57,20328.29,0.903,hayes,ee7cb59117975a353c070c80a29868cd,INKANO_Monthly_Ads_-_SHOPEE.csv
"InKano Paige - Kemeja rayon wanita full kancing warna putih, coklat muda, hitam, olive, hijau sage, biru tua, biru muda [3]",Dijeda,Iklan Produk,6273145078,GMV Max ROAS,Semua Penempatan,12/04/2025 00:00:00,28337.0,999.0,0.0353,24.0,11.0,0.024,0.011000000000000001,17649.62,27.0,13.0,4202820.0,2067000.0,423591.0,9.92,4.88,2025-07-01,2025-07-31,monthly,31,False,424.02,155660.0,13664.23,0.871,paige,c49e5888f32cbb2b66a9216fb6cd3b9c,INKANO_Monthly_Ads_-_SHOPEE.csv
"InKano - Meadow - Cardigan rajut wanita bahan full katun, knit cardigan wanita",Dijeda,Iklan Produk,41051655502,GMV Max ROAS,Semua Penempatan,21/05/2025 00:00:00,23448.0,741.0,0.0316,15.0,6.0,0.0202,0.008100000000000001,29564.14,16.0,6.0,5576400.0,2334000.0,443462.0,12.57,5.26,2025-07-01,2025-07-31,monthly,31,False,598.46,348525.0,14305.23,0.516,meadow,279ce48df0a644dea25de4a168e47a0b,INKANO_Monthly_Ads_-_SHOPEE.csv
InKano - Havelock Top - Atasan cropped rop wanita sleeveless crop blouse katun wanita [4],Dijeda,Iklan Produk,25509339092,GMV Max ROAS,Semua Penempatan,04/11/2024 00:00:00,18442.0,1005.0,0.0545,14.0,2.0,0.0139,0.002,18266.6,14.0,2.0,2473750.0,318000.0,255732.0,9.67,1.24,2025-07-01,2025-07-31,monthly,31,False,254.46,176696.43,8249.42,0.452,havelock,6c48b0d0a5fdd265df3852c4e9f9b9be,INKANO_Monthly_Ads_-_SHOPEE.csv
InKano Loop - Rok wanita rok midi dengan bahan cotton lyocell dan pinggang karet,Dijeda,Iklan Produk,26388381173,GMV Max ROAS,Semua Penempatan,07/07/2025 00:00:00,5834.0,134.0,0.023,3.0,1.0,0.022400000000000003,0.0075,34119.28,3.0,1.0,987000.0,459000.0,102358.0,9.64,4.48,2025-07-01,2025-07-31,monthly,31,False,763.87,329000.0,3301.87,0.097,loop,286541d995a9163f7deb7ced8bf14276,INKANO_Monthly_Ads_-_SHOPEE.csv
InKano Lark - Sleeveless atasan wanita dengan bahan rayon poly dan details plisket crinkled pleated fabric.,Berakhir,Iklan Produk,26539585576,GMV Max ROAS,Semua Penempatan,08/08/2025 00:00:00,10654.0,385.0,0.0361,2.0,0.0,0.0052,0.0,66605.67,2.0,0.0,528000.0,0.0,133211.0,3.96,0.0,2025-08-01,2025-08-31,monthly,31,False,346.0,264000.0,4297.13,0.065,lark,c95115e6970d66c92c9b23c1205ef7da,INKANO_Monthly_Ads_-_SHOPEE.csv
InKano Stripes Union- Oversized stripes cotton knit top with long sleeve bahan katun korean style,Berakhir,Iklan Produk,40401639592,GMV Max ROAS,Semua Penempatan,21/05/2025 00:00:00,7224.0,207.0,0.0287,1.0,1.0,0.0048,0.0048,45986.59,1.0,1.0,299000.0,299000.0,45987.0,6.5,6.5,2025-08-01,2025-08-31,monthly,31,False,222.16,299000.0,1483.45,0.032,stripes,ec7be22c816f8e1eea36b6b72d1bfc7f,INKANO_Monthly_Ads_-_SHOPEE.csv
InKano Ann Cardie - Cadigan wanita katun outer rajut korean style,Berakhir,Iklan Produk,27924789216,GMV Max ROAS,Semua Penempatan,04/07/2025 00:00:00,6306.0,229.0,0.0363,5.0,0.0,0.0218,0.0,20432.3,5.0,0.0,1395000.0,0.0,102161.0,13.65,0.0,2025-08-01,2025-08-31,monthly,31,False,446.12,279000.0,3295.52,0.161,ann,a618f510460771712f68f2e71dc53bb4,INKANO_Monthly_Ads_-_SHOPEE.csv
InKano Cassia - Outer knit wanita lengan panjang dengan scallop hemming outerwear rajut wanita,Berjalan,Iklan Produk,27062867019,GMV Max ROAS,Semua Penempatan,04/11/2024 00:00:00,469686.0,18731.0,0.039900000000000005,221.0,146.0,0.0118,0.0078000000000000005,32093.05,229.0,150.0,72147200.0,52330000.0,7092564.0,10.17,7.38,2025-08-01,2025-08-31,monthly,31,False,378.65,315053.28,228792.39,7.387,cassia,d161b8cf5f87195b3ca64a0f1b995787,INKANO_Monthly_Ads_-_SHOPEE.csv
InKano Spire Dress - Sleeveless dress korea wanita katun warna coklat dan hitam black [7],Berjalan,Iklan Produk,19970359270,GMV Max ROAS,Semua Penempatan,26/10/2024 00:00:00,458852.0,16774.0,0.0366,230.0,173.0,0.0137,0.0103,30434.6,239.0,181.0,71691300.0,56674100.0,6999957.0,10.24,8.1,2025-08-01,2025-08-31,monthly,31,False,417.31,299963.6,225805.06,7.71,spire,696d7a102ba122d2a253910521c97b9c,INKANO_Monthly_Ads_-_SHOPEE.csv
InKano Thames Outer - Outerwear wanita knit cardigan wanita dengan details dash dan kancing [4],Berjalan,Iklan Produk,22787969197,GMV Max ROAS,Semua Penempatan,17/06/2024 00:00:00,283080.0,10543.0,0.037200000000000004,144.0,84.0,0.0137,0.008,40085.34,151.0,87.0,54154000.0,36453000.0,5772289.0,9.38,6.32,2025-08-01,2025-08-31,monthly,31,False,547.5,358635.76,186202.87,4.871,thames,8bd1d6e64d77c80cfcf4d6df3e406b63,INKANO_Monthly_Ads_-_SHOPEE.csv
InKano Thames Outer - Outerwear wanita knit cardigan wanita dengan details dash dan kancing,Berjalan,Iklan Produk,29273185813,GMV Max ROAS,Semua Penempatan,11/01/2025 00:00:00,282094.0,11757.0,0.0417,129.0,96.0,0.011000000000000001,0.008199999999999999,40197.06,132.0,99.0,51173000.0,41481000.0,5185421.0,9.87,8.0,2025-08-01,2025-08-31,monthly,31,False,441.05,387674.24,167271.65,4.258,thames,be3b640ad19e71b8049538425ef7ecc5,INKANO_Monthly_Ads_-_SHOPEE.csv
InKano Cirrus - Dress wanita sleeveless midi dress wanita dengan details rok balloon,Berjalan,Iklan Produk,25390328930,GMV Max ROAS,Semua Penempatan,11/01/2025 00:00:00,263272.0,9425.0,0.0358,137.0,85.0,0.014499999999999999,0.009000000000000001,27313.51,139.0,86.0,37843000.0,25232400.0,3741951.0,10.11,6.74,2025-08-01,2025-08-31,monthly,31,False,397.02,272251.8,120708.1,4.484,cirrus,b023efb91ff161cf20a2b35062eb14a4,INKANO_Monthly_Ads_-_SHOPEE.csv
InKano Haze - Atasan rajut basic wanita dengan bahan full katun inner basic wanita lengan panjang,Berjalan,Iklan Produk,26214700605,GMV Max ROAS,Semua Penempatan,22/10/2024 00:00:00,199224.0,8368.0,0.042,126.0,87.0,0.0151,0.0104,23477.82,135.0,93.0,31675400.0,22257000.0,2958205.0,10.71,7.52,2025-08-01,2025-08-31,monthly,31,False,353.51,234632.59,95425.97,4.355,haze,c9eb03df8f9d0c27528983d2f20accb8,INKANO_Monthly_Ads_-_SHOPEE.csv
InKano Spire Dress Maxi - Sleeveless dress korea wanita katun warna coklat dan hitam black,Berjalan,Iklan Produk,27923231189,GMV Max ROAS,Semua Penempatan,11/01/2025 00:00:00,196993.0,8119.0,0.0412,70.0,30.0,0.0086,0.0037,32988.99,71.0,31.0,21480400.0,10049000.0,2309229.0,9.3,4.35,2025-08-01,2025-08-31,monthly,31,False,284.42,302540.85,74491.26,2.29,spire,3ebb7f586096ba686b8478be0b4f5fc0,INKANO_Monthly_Ads_-_SHOPEE.csv
InKano Basic Tee - Kaos wanita full katun atasan wanita basic lengan pendek,Berjalan,Iklan Produk,26124817232,GMV Max ROAS,Semua Penempatan,12/04/2025 00:00:00,165935.0,6496.0,0.0391,169.0,133.0,0.026000000000000002,0.020499999999999997,12581.24,211.0,167.0,22630600.0,16583100.0,2126230.0,10.64,7.8,2025-08-01,2025-08-31,monthly,31,False,327.31,107254.03,68588.06,6.806,kaos,97c907e1947c8f39aebf615fcdf7e626,INKANO_Monthly_Ads_-_SHOPEE.csv
InKano Rene Cardigan - Everyday cardigan wanita outerwear wanita knit cardigan cotton viscose [4],Berjalan,Iklan Produk,24571129042,GMV Max ROAS,Semua Penempatan,11/06/2024 00:00:00,141952.0,5130.0,0.0361,101.0,66.0,0.0197,0.0129,35786.03,105.0,67.0,35295200.0,24723000.0,3614389.0,9.77,6.84,2025-08-01,2025-08-31,monthly,31,False,704.56,336144.76,116593.19,3.387,rene,6aae45818ef1c232be4549c20955b78f,INKANO_Monthly_Ads_-_SHOPEE.csv
InKano Ann Cardie - Cadigan wanita katun outer rajut korean style [9],Berjalan,Iklan Produk,21486955097,GMV Max ROAS,Semua Penempatan,10/07/2024 00:00:00,128893.0,5429.0,0.0421,78.0,53.0,0.0144,0.0098,28303.29,81.0,53.0,22604000.0,15847000.0,2207657.0,10.24,7.18,2025-08-01,2025-08-31,monthly,31,False,406.64,279061.73,71214.74,2.613,ann,c7a98b2ca74d426aec969f004105624d,INKANO_Monthly_Ads_-_SHOPEE.csv
InKano - Marri Longsleeves [6],Berjalan,Iklan Produk,24369177837,GMV Max ROAS,Semua Penempatan,17/06/2024 00:00:00,124340.0,8020.0,0.0645,54.0,36.0,0.0067,0.0045000000000000005,28832.14,55.0,36.0,15080000.0,10764000.0,1556935.0,9.69,6.91,2025-08-01,2025-08-31,monthly,31,False,194.13,274181.82,50223.71,1.774,marri,f90f2c572a1cb6a3d900a51b43b54edb,INKANO_Monthly_Ads_-_SHOPEE.csv
"InKano Meadow - Cardigan rajut wanita bahan full katun, knit cardigan wanita",Berjalan,Iklan Produk,26670732939,GMV Max ROAS,Semua Penempatan,16/12/2024 00:00:00,121197.0,4696.0,0.0387,66.0,24.0,0.0141,0.0051,27733.19,67.0,24.0,20913000.0,9336000.0,1830391.0,11.43,5.1,2025-08-01,2025-08-31,monthly,31,False,389.78,312134.33,59044.87,2.161,meadow,601e32205ba5ed43d1b7f8b5cf600ad7,INKANO_Monthly_Ads_-_SHOPEE.csv
InKano Briette - Crop top wanita crop top outerwear wanita dengan details tali ikat [4],Berjalan,Iklan Produk,25575584031,GMV Max ROAS,Semua Penempatan,08/06/2024 00:00:00,106396.0,4750.0,0.0446,69.0,41.0,0.014499999999999999,0.0086,24821.23,70.0,42.0,14593400.0,7643300.0,1712665.0,8.52,4.46,2025-08-01,2025-08-31,monthly,31,False,360.56,208477.14,55247.26,2.258,briette,671b32e752f36a300fb59fe38a7e75ea,INKANO_Monthly_Ads_-_SHOPEE.csv
InKano Stripes Union - Oversized stripes cotton knit top with long sleeve bahan katun korean style [5],Berjalan,Iklan Produk,18680549695,GMV Max ROAS,Semua Penempatan,08/06/2024 00:00:00,105612.0,4456.0,0.042199999999999994,57.0,41.0,0.0128,0.0092,27553.88,57.0,41.0,16533000.0,12259000.0,1570571.0,10.53,7.81,2025-08-01,2025-08-31,monthly,31,False,352.46,290052.63,50663.58,1.839,stripes,e3e930f56d8db9289ad86688d226a102,INKANO_Monthly_Ads_-_SHOPEE.csv
InKano Basic Tee - Kaos wanita full katun atasan wanita basic lengan pendek,Berjalan,Iklan Produk,41504095124,GMV Max ROAS,Semua Penempatan,11/06/2025 00:00:00,103179.0,4183.0,0.0405,87.0,61.0,0.0208,0.0146,13613.03,104.0,75.0,12426100.0,7455000.0,1184334.0,10.49,6.29,2025-08-01,2025-08-31,monthly,31,False,283.13,119481.73,38204.32,3.355,kaos,1fca34171e8cb68ef55becdada8aa978,INKANO_Monthly_Ads_-_SHOPEE.csv
"InKano Sparrow - Sleeveless maxi dress dengan texture plisket berfuring warna putih gading, abu muda, pink, coklat [4]",Berjalan,Iklan Produk,8150225187,GMV Max ROAS,Semua Penempatan,10/07/2024 00:00:00,94689.0,3424.0,0.0362,67.0,46.0,0.0196,0.0134,31676.72,70.0,48.0,17645200.0,11902200.0,2122340.0,8.31,5.61,2025-08-01,2025-08-31,monthly,31,False,619.84,252074.29,68462.58,2.258,sparrow,2765f19ea7f7633f10124c915f2fde82,INKANO_Monthly_Ads_-_SHOPEE.csv
"InKano Acre Dress - Sleeveless dress katun maxi dress sleeveless hitam, navy, dan gingham [3]",Berjalan,Iklan Produk,26150443050,GMV Max ROAS,Semua Penempatan,08/06/2024 00:00:00,93236.0,3359.0,0.036000000000000004,47.0,20.0,0.013999999999999999,0.006,29879.61,49.0,21.0,14301000.0,6599000.0,1404342.0,10.18,4.7,2025-08-01,2025-08-31,monthly,31,False,418.08,291857.14,45301.35,1.581,acre,44419862460f87f816e7746083b1ee56,INKANO_Monthly_Ads_-_SHOPEE.csv
InKano Solstice Dress - Dress maxi wanita dengan tali spaghetti strap,Berjalan,Iklan Produk,43350410595,GMV Max ROAS,Semua Penempatan,15/05/2025 00:00:00,93128.0,3753.0,0.0403,70.0,41.0,0.0187,0.0109,19815.71,73.0,43.0,14918100.0,8368100.0,1387100.0,10.75,6.03,2025-08-01,2025-08-31,monthly,31,False,369.6,204357.53,44745.16,2.355,solstice,9be2b696841d3ea58aec9b2da345c3af,INKANO_Monthly_Ads_-_SHOPEE.csv
InKano Lyn - Atasan wanita tanpa lengan sleveless top wanita dengan bahan ironless dan flowy dan details drape di pundak,Berjalan,Iklan Produk,28753233081,GMV Max ROAS,Semua Penempatan,24/06/2024 00:00:00,92325.0,3767.0,0.0408,61.0,41.0,0.016200000000000003,0.0109,20258.24,66.0,45.0,12497100.0,7588100.0,1235752.0,10.11,6.14,2025-08-01,2025-08-31,monthly,31,False,328.05,189350.0,39862.97,2.129,lyn,55e70d00c137292e540e365a2e0ce37c,INKANO_Monthly_Ads_-_SHOPEE.csv
InKano Vine - Kemeja wanita stripes bahan full katun,Berjalan,Iklan Produk,27774742340,GMV Max ROAS,Semua Penempatan,30/01/2025 00:00:00,91196.0,4174.0,0.0458,59.0,44.0,0.0141,0.0105,26024.72,60.0,45.0,14581000.0,10356000.0,1535459.0,9.5,6.74,2025-08-01,2025-08-31,monthly,31,False,367.86,243016.67,49530.94,1.935,vine,1684d95ce26250f91249e8480e30d6d4,INKANO_Monthly_Ads_-_SHOPEE.csv
InKano Thyme - Atasan rajut wanita dengan floral details untuk layering,Berjalan,Iklan Produk,25339467342,GMV Max ROAS,Semua Penempatan,16/12/2024 00:00:00,88024.0,3205.0,0.0364,33.0,13.0,0.0103,0.0040999999999999995,29708.82,34.0,13.0,10040100.0,4667000.0,980391.0,10.24,4.76,2025-08-01,2025-08-31,monthly,31,False,305.89,295297.06,31625.52,1.097,thyme,8ff5bd23805959896896b38a41493564,INKANO_Monthly_Ads_-_SHOPEE.csv
InKano Cascade - Everyday sleeveless top wanita atasan wanita sleevelss bahan parasut,Berjalan,Iklan Produk,29802573288,GMV Max ROAS,Semua Penempatan,13/06/2024 00:00:00,86588.0,4196.0,0.048499999999999995,83.0,40.0,0.019799999999999998,0.0095,18376.66,90.0,43.0,15654200.0,6407000.0,1525263.0,10.26,4.2,2025-08-01,2025-08-31,monthly,31,False,363.5,173935.56,49202.03,2.903,cascade,7903f46ebeb9d1439fd19b93bf1894f4,INKANO_Monthly_Ads_-_SHOPEE.csv
InKano Thyme - Atasan rajut wanita dengan floral details untuk layering,Berjalan,Iklan Produk,40651650756,GMV Max ROAS,Semua Penempatan,21/05/2025 00:00:00,83251.0,2385.0,0.0286,23.0,10.0,0.0096,0.0042,28608.52,23.0,10.0,6517000.0,3590000.0,657996.0,9.9,5.46,2025-08-01,2025-08-31,monthly,31,False,275.89,283347.83,21225.68,0.742,thyme,1f0dc7ac4d8414e5c4a0c61b8373c6c9,INKANO_Monthly_Ads_-_SHOPEE.csv
InKano Mallow - Knit top rajut jaket wanita dengan twi way zipper.,Berjalan,Iklan Produk,27226014984,GMV Max ROAS,Semua Penempatan,15/02/2025 00:00:00,83043.0,3506.0,0.042199999999999994,28.0,12.0,0.008,0.0034000000000000002,33548.35,28.0,12.0,9727000.0,5148000.0,939354.0,10.35,5.48,2025-08-01,2025-08-31,monthly,31,False,267.93,347392.86,30301.74,0.903,mallow,f0fc9728f3dc95d023069d0dfecd267f,INKANO_Monthly_Ads_-_SHOPEE.csv
InKano Cassia - Outer knit wanita lengan panjang dengan scallop hemming outerwear rajut wanita,Berjalan,Iklan Produk,40556691928,GMV Max ROAS,Semua Penempatan,30/06/2025 00:00:00,81633.0,3211.0,0.0393,49.0,30.0,0.015300000000000001,0.009300000000000001,30549.5,51.0,31.0,16719000.0,10829000.0,1496926.0,11.17,7.23,2025-08-01,2025-08-31,monthly,31,False,466.19,327823.53,48287.94,1.645,cassia,89728fef1c358b680d2ffd679afeef5c,INKANO_Monthly_Ads_-_SHOPEE.csv
InKano Plume Sol - Sleeveless dress wanita dengan details texture fabric and tier silouette,Berjalan,Iklan Produk,28074783892,GMV Max ROAS,Semua Penempatan,30/01/2025 00:00:00,79126.0,3217.0,0.0407,48.0,31.0,0.0149,0.0096,25654.41,49.0,31.0,12441000.0,7829000.0,1231411.0,10.1,6.36,2025-08-01,2025-08-31,monthly,31,False,382.78,253897.96,39722.94,1.581,plume,ed40e0324eb372a51b18c750db0cc03f,INKANO_Monthly_Ads_-_SHOPEE.csv
InKano Brisa - Outerwear rajut wanita knitwear cardigan dengan details unfinished,Berjalan,Iklan Produk,43061856720,GMV Max ROAS,Semua Penempatan,08/08/2025 00:00:00,73879.0,2498.0,0.0338,38.0,12.0,0.0152,0.0048,46920.64,40.0,13.0,11830000.0,5447000.0,1782984.0,6.63,3.05,2025-08-01,2025-08-31,monthly,31,False,713.76,295750.0,57515.61,1.29,brisa,3b83db9601a69aae61b907b0a0108384,INKANO_Monthly_Ads_-_SHOPEE.csv
"InKano Waves - Midi dress bahan katun warna Putih (berfuring), Beige, Biru tua, Coklat tua, Hitam [7]",Berjalan,Iklan Produk,6137355964,GMV Max ROAS,Semua Penempatan,08/06/2024 00:00:00,72811.0,2853.0,0.0392,44.0,33.0,0.0154,0.0116,25559.56,54.0,43.0,11324100.0,8595100.0,1124621.0,10.07,7.64,2025-08-01,2025-08-31,monthly,31,False,394.19,209705.56,36278.1,1.742,waves,4b4ad8d43fb7de3d0384af5ae2783366,INKANO_Monthly_Ads_-_SHOPEE.csv
"InKano Linen Dress - Sleeveless dress linen, midi dress wanita warna offwhite stripes dan navy [5]",Berjalan,Iklan Produk,23870069126,GMV Max ROAS,Semua Penempatan,21/04/2025 00:00:00,72043.0,4479.0,0.0622,48.0,11.0,0.010700000000000001,0.0025,29059.32,49.0,11.0,13157200.0,3985200.0,1394847.0,9.43,2.86,2025-08-01,2025-08-31,monthly,31,False,311.42,268514.29,44995.06,1.581,linen,e74a4aa5d1820d131d088b748675cd76,INKANO_Monthly_Ads_-_SHOPEE.csv
InKano Echo - Celana pendek parasut wanita full pinggang karet,Berjalan,Iklan Produk,27703225497,GMV Max ROAS,Semua Penempatan,24/06/2024 00:00:00,67610.0,2661.0,0.0394,58.0,35.0,0.0218,0.0132,23844.1,67.0,41.0,11955100.0,6929000.0,1382958.0,8.64,5.01,2025-08-01,2025-08-31,monthly,31,False,519.71,178434.33,44611.55,2.161,echo,b140b4d316734483a42030f1edc90b19,INKANO_Monthly_Ads_-_SHOPEE.csv
"InKano Pane Jacket - jaket wanita tipis dengan serat kain bertekstur, kancing depan, dan kantong [4]",Berjalan,Iklan Produk,25450648574,GMV Max ROAS,Semua Penempatan,17/06/2024 00:00:00,63403.0,3527.0,0.0556,40.0,25.0,0.0113,0.0070999999999999995,27889.89,41.0,25.0,8784000.0,5350000.0,1115596.0,7.87,4.8,2025-08-01,2025-08-31,monthly,31,False,316.3,214243.9,35986.97,1.323,pane,83fda6b00121e10e4116520e9226dbe3,INKANO_Monthly_Ads_-_SHOPEE.csv
InKano Ripple - Rok plisket wanita flowy pinggang karet [2],Berjalan,Iklan Produk,25439467291,GMV Max ROAS,Semua Penempatan,16/12/2024 00:00:00,62840.0,2276.0,0.0362,30.0,19.0,0.0132,0.0083,41165.37,31.0,19.0,10302100.0,6984100.0,1234961.0,8.34,5.66,2025-08-01,2025-08-31,monthly,31,False,542.6,332325.81,39837.45,1.0,ripple,378b2f2bf897b4f08d89b0fae4c4a8a7,INKANO_Monthly_Ads_-_SHOPEE.csv
InKano Eyre Drawstring Dress - sleeveless dress wanita midi dress wanita dengan drawstring pinggang [4],Berjalan,Iklan Produk,25022052499,GMV Max ROAS,Semua Penempatan,11/07/2024 00:00:00,61829.0,2384.0,0.038599999999999995,88.0,24.0,0.0369,0.0101,21385.6,92.0,24.0,22360600.0,5106000.0,1881933.0,11.88,2.71,2025-08-01,2025-08-31,monthly,31,False,789.4,243050.0,60707.52,2.968,eyre,c31b60883f24979daa870862cae23ddb,INKANO_Monthly_Ads_-_SHOPEE.csv
InKano Basic Tee - Kaos wanita full katun atasan wanita basic lengan pendek,Berjalan,Iklan Produk,26514706880,GMV Max ROAS,Semua Penempatan,22/10/2024 00:00:00,55503.0,2355.0,0.0424,61.0,46.0,0.0259,0.0195,12181.71,79.0,60.0,8111000.0,6030000.0,743084.0,10.92,8.11,2025-08-01,2025-08-31,monthly,31,False,315.53,102670.89,23970.45,2.548,kaos,6d2dd7503632d614ffce0356e0869f52,INKANO_Monthly_Ads_-_SHOPEE.csv
InKano Fable - Kemeja katun wanita shirtdress dengan kancing full depan warna hitam dan abu [4],Berjalan,Iklan Produk,9449724340,GMV Max ROAS,Semua Penempatan,09/06/2024 00:00:00,54642.0,2418.0,0.0443,30.0,14.0,0.0124,0.0058,31224.55,30.0,14.0,7943300.0,3766000.0,936736.0,8.48,4.02,2025-08-01,2025-08-31,monthly,31,False,387.4,264776.67,30217.29,0.968,fable,cede7c73ef2ca4961beb5b076086335c,INKANO_Monthly_Ads_-_SHOPEE.csv
"InKano Ravine - Sleveless dress wanita ironless crinkle fabric, midi inner dress wanita",Berjalan,Iklan Produk,25532425535,GMV Max ROAS,Semua Penempatan,24/06/2024 00:00:00,52086.0,1927.0,0.037000000000000005,47.0,22.0,0.024399999999999998,0.011399999999999999,22344.9,75.0,48.0,14718200.0,8762000.0,1050210.0,14.01,8.34,2025-08-01,2025-08-31,monthly,31,False,545.0,196242.67,33877.74,2.419,ravine,b6b51d74f46e546744f6e36a3579b0f1,INKANO_Monthly_Ads_-_SHOPEE.csv
InKano Rilys - Rok wanita rayon premium dengan details tier dan pinggang elastic,Berjalan,Iklan Produk,28738367414,GMV Max ROAS,Semua Penempatan,07/07/2025 00:00:00,51841.0,2245.0,0.0433,53.0,22.0,0.0236,0.0098,22076.08,53.0,22.0,12547000.0,4928000.0,1170032.0,10.72,4.21,2025-08-01,2025-08-31,monthly,31,False,521.17,236735.85,37742.97,1.71,rilys,8e408174f2e61d55cbc568b0a075395a,INKANO_Monthly_Ads_-_SHOPEE.csv
InKano Spire Plum - Dress wanita sleeveless dengan details rok balon,Berjalan,Iklan Produk,25640328984,GMV Max ROAS,Semua Penempatan,11/01/2025 00:00:00,51611.0,2053.0,0.0398,24.0,11.0,0.011699999999999999,0.0054,34028.32,24.0,11.0,7176000.0,3319000.0,816680.0,8.79,4.06,2025-08-01,2025-08-31,monthly,31,False,397.8,299000.0,26344.52,0.774,spire,ef0f42ee999c7397a1106fd8d366430c,INKANO_Monthly_Ads_-_SHOPEE.csv
"InKano - Crest - Pleated dress wanita sleeveless, dress wanita plisket tanpa lengan",Berjalan,Iklan Produk,24238660941,GMV Max ROAS,Semua Penempatan,25/11/2024 00:00:00,51477.0,1634.0,0.0317,29.0,9.0,0.0177,0.0055000000000000005,26449.68,29.0,9.0,8467100.0,3051000.0,767041.0,11.04,3.98,2025-08-01,2025-08-31,monthly,31,False,469.43,291968.97,24743.26,0.935,crest,7cf9b9e1390044d3c447ac8fe6b3f52b,INKANO_Monthly_Ads_-_SHOPEE.csv
InKano Faye - Sleeveless midi dress wanita 100% katun dengan details ikat,Berjalan,Iklan Produk,28884663826,GMV Max ROAS,Semua Penempatan,24/04/2025 00:00:00,51167.0,1845.0,0.0361,18.0,5.0,0.0098,0.0027,45580.69,18.0,5.0,5072000.0,1545000.0,820452.0,6.18,1.88,2025-08-01,2025-08-31,monthly,31,False,444.69,281777.78,26466.19,0.581,faye,dea2c51ca48ef96de6ef17ccc92e1960,INKANO_Monthly_Ads_-_SHOPEE.csv
"InKano Seville - Sleeveless midi dress wanita bahan katun warna beige coklat muda, navy blue, pearl ivory, peanut coklat tua [6]",Berjalan,Iklan Produk,5418636273,GMV Max ROAS,Semua Penempatan,08/06/2024 00:00:00,50076.0,1910.0,0.0381,31.0,16.0,0.016200000000000003,0.0084,22925.34,31.0,16.0,7057600.0,3524000.0,710686.0,9.93,4.96,2025-08-01,2025-08-31,monthly,31,False,372.09,227664.52,22925.35,1.0,seville,4c4b7a499e4453816536db20df2cea91,INKANO_Monthly_Ads_-_SHOPEE.csv
"InKano Cycle Jacket - See through jacket texturized fabric jaket wanita dengan hoodie warna beige, dusty pink, coklat [6]",Berjalan,Iklan Produk,22619901508,GMV Max ROAS,Semua Penempatan,11/06/2024 00:00:00,50029.0,2780.0,0.0556,30.0,25.0,0.0108,0.009000000000000001,20474.57,30.0,25.0,6240200.0,4935200.0,614237.0,10.16,8.03,2025-08-01,2025-08-31,monthly,31,False,220.95,208006.67,19814.1,0.968,cycle,3aabd80b7ea01c0c979999a5e616c6da,INKANO_Monthly_Ads_-_SHOPEE.csv
InKano Fleur - Kemeja sleeveless wanita dengan details flare di pinggang,Berjalan,Iklan Produk,42957848178,GMV Max ROAS,Semua Penempatan,09/07/2025 00:00:00,48822.0,1952.0,0.04,40.0,21.0,0.020499999999999997,0.0108,21281.78,43.0,24.0,8747000.0,4466000.0,851271.0,10.28,5.25,2025-08-01,2025-08-31,monthly,31,False,436.1,203418.6,27460.35,1.387,fleur,2ed07162f27c09cfc043a0c985e25868,INKANO_Monthly_Ads_-_SHOPEE.csv
InKano Elmore - Basic cardigan wanita rajut full kancing dengan bahan viscose yang lembut dan halus,Berjalan,Iklan Produk,24046286517,GMV Max ROAS,Semua Penempatan,08/08/2025 00:00:00,48482.0,2448.0,0.050499999999999996,17.0,9.0,0.0069,0.0037,30300.16,18.0,10.0,4772000.0,2890000.0,515103.0,9.26,5.61,2025-08-01,2025-08-31,monthly,31,False,210.42,265111.11,16616.23,0.581,elmore,5e44516e5f66fa1ef9fddae93a5e722d,INKANO_Monthly_Ads_-_SHOPEE.csv
"InKano River - Sleeveless maxi cotton knit dress / Dress rajut katun panjang warna beige coklat susu, cloud grey abu muda, stone, asphalt abu tua [5]",Berjalan,Iklan Produk,9066211366,GMV Max ROAS,Semua Penempatan,18/07/2024 00:00:00,48134.0,1901.0,0.0395,31.0,15.0,0.0163,0.0079,26372.55,32.0,15.0,8696400.0,4185000.0,817549.0,10.64,5.12,2025-08-01,2025-08-31,monthly,31,False,430.06,271762.5,26372.55,1.032,river,3596868859fa7cca4fcecd03b196ee1f,INKANO_Monthly_Ads_-_SHOPEE.csv
"InKano Bree - Sleeveless midi dress rayon warna putih, coklat beige, hijau olive, hijau sage, hitam [4]",Berjalan,Iklan Produk,8012587266,GMV Max ROAS,Semua Penempatan,26/10/2024 00:00:00,47636.0,2045.0,0.0429,26.0,13.0,0.0127,0.0064,32168.46,27.0,13.0,7023000.0,3547000.0,836380.0,8.4,4.24,2025-08-01,2025-08-31,monthly,31,False,408.99,260111.11,26980.0,0.871,bree,ab8de8db2492dc91a6a4ba50bd99d032,INKANO_Monthly_Ads_-_SHOPEE.csv
InKano Acacia - Outerwear wanita dengan details bordir dan kain bertekstur linen,Berjalan,Iklan Produk,24593052285,GMV Max ROAS,Semua Penempatan,14/04/2025 00:00:00,47318.0,2225.0,0.047,21.0,11.0,0.009399999999999999,0.0049,26132.91,22.0,11.0,5858000.0,2939000.0,548791.0,10.67,5.36,2025-08-01,2025-08-31,monthly,31,False,246.65,266272.73,17702.94,0.71,acacia,ff36608c86289e30bb2cb3e63c0a9b09,INKANO_Monthly_Ads_-_SHOPEE.csv
InKano Eiro - Rok wanita dengan pinggang karet dan details plisket crinkled fabric,Berjalan,Iklan Produk,29389584649,GMV Max ROAS,Semua Penempatan,08/08/2025 00:00:00,47190.0,1932.0,0.0409,26.0,10.0,0.013500000000000002,0.0052,31710.6,26.0,10.0,6754000.0,2980000.0,824475.0,8.19,3.61,2025-08-01,2025-08-31,monthly,31,False,426.75,259769.23,26595.97,0.839,eiro,f1849a45912704799163c6861e8ef512,INKANO_Monthly_Ads_-_SHOPEE.csv
InKano Tessera - Kemeja rajut lengan panjang dengan details tekstur untuk atasan maupun outerwear,Berjalan,Iklan Produk,27612634424,GMV Max ROAS,Semua Penempatan,02/10/2024 00:00:00,47140.0,1704.0,0.0361,18.0,3.0,0.0106,0.0018,26113.34,19.0,3.0,4913200.0,1077000.0,470040.0,10.45,2.29,2025-08-01,2025-08-31,monthly,31,False,275.85,258589.47,15162.58,0.613,tessera,3a4e7b549e071212a1ec1c5dddc3429a,INKANO_Monthly_Ads_-_SHOPEE.csv
InKano Flow - Kemeja sleeveless wanita dengan bahan polyester linen dan relaxed fit,Berjalan,Iklan Produk,29362642841,GMV Max ROAS,Semua Penempatan,02/10/2024 00:00:00,46302.0,2185.0,0.0472,50.0,35.0,0.0229,0.016,18606.66,57.0,41.0,9842100.0,6113100.0,930333.0,10.58,6.57,2025-08-01,2025-08-31,monthly,31,False,425.78,172668.42,30010.74,1.839,flow,e0ce4f9ea458e6a3911d135d07b57cd1,INKANO_Monthly_Ads_-_SHOPEE.csv
"InKano Paige - Kemeja rayon wanita full kancing warna putih, coklat muda, hitam, olive, hijau sage, biru tua, biru muda [4]",Berjalan,Iklan Produk,4216455466,GMV Max ROAS,Semua Penempatan,08/06/2024 00:00:00,45531.0,1674.0,0.0368,40.0,24.0,0.0239,0.0143,20025.06,43.0,26.0,7867300.0,4102200.0,801002.0,9.82,5.12,2025-08-01,2025-08-31,monthly,31,False,478.5,182960.47,25838.77,1.387,paige,01b9fd6dd317881b8805fb855cbf502c,INKANO_Monthly_Ads_-_SHOPEE.csv
InKano Carra Pleated Dress - Sleeveless dress wanita midi dress plisket wanita [4],Berjalan,Iklan Produk,24325590048,GMV Max ROAS,Semua Penempatan,08/06/2024 00:00:00,45234.0,1694.0,0.0374,29.0,12.0,0.0171,0.0070999999999999995,27726.32,29.0,12.0,7881300.0,3548000.0,804063.0,9.8,4.41,2025-08-01,2025-08-31,monthly,31,False,474.65,271768.97,25937.52,0.935,carra,65dbad6bb7f4b63fe75f033427ddcb8a,INKANO_Monthly_Ads_-_SHOPEE.csv
InKano Adair - Kemeja wanita oversized dengan contast stitching details,Berjalan,Iklan Produk,43607402621,GMV Max ROAS,Semua Penempatan,07/07/2025 00:00:00,43725.0,2317.0,0.053,29.0,9.0,0.0125,0.0039000000000000003,24614.93,29.0,9.0,7155200.0,2421000.0,713833.0,10.02,3.39,2025-08-01,2025-08-31,monthly,31,False,308.09,246731.03,23026.87,0.935,adair,6fb673088a7bbad886a0c4a13488c26c,INKANO_Monthly_Ads_-_SHOPEE.csv
"InKano Dill - Outerwear daily wanita bahan rayon texture crinkle warna muted pink mauve, hijau sage, coklat coffee [6]",Berjalan,Iklan Produk,16770157482,GMV Max ROAS,Semua Penempatan,09/06/2024 00:00:00,41945.0,2278.0,0.054299999999999994,32.0,15.0,0.013999999999999999,0.0066,22909.35,34.0,15.0,7488100.0,2667100.0,733099.0,10.21,3.64,2025-08-01,2025-08-31,monthly,31,False,321.82,220238.24,23648.35,1.097,dill,f8f37fe62b58c15ba545211029795ca0,INKANO_Monthly_Ads_-_SHOPEE.csv
"InKano Basic Shirt - Kemeja basic rayon full kancing warna putih, hitam dan biru navy [4]",Berjalan,Iklan Produk,4654707139,GMV Max ROAS,Semua Penempatan,11/06/2024 00:00:00,41609.0,2093.0,0.050300000000000004,36.0,31.0,0.0172,0.0148,20121.76,36.0,31.0,6330200.0,5205200.0,724383.0,8.74,7.19,2025-08-01,2025-08-31,monthly,31,False,346.1,175838.89,23367.19,1.161,shirt,18a164e95756af2905d5f946217297a5,INKANO_Monthly_Ads_-_SHOPEE.csv
InKano Gale - Rok satin wanita warna bw creme dan hitam,Berjalan,Iklan Produk,28364865828,GMV Max ROAS,Semua Penempatan,24/10/2024 00:00:00,41104.0,2282.0,0.0555,42.0,27.0,0.0184,0.0118,23074.77,43.0,28.0,9280300.0,5235300.0,969141.0,9.58,5.4,2025-08-01,2025-08-31,monthly,31,False,424.69,215820.93,31262.61,1.387,gale,7648246b9b897ccc83710f92259cf89b,INKANO_Monthly_Ads_-_SHOPEE.csv
InKano Soleil - Rok wanita dengan pinggang karet dan details kerut,Berjalan,Iklan Produk,25641348214,GMV Max ROAS,Semua Penempatan,15/02/2025 00:00:00,39100.0,1495.0,0.0382,34.0,16.0,0.0227,0.010700000000000001,21056.92,38.0,16.0,9602000.0,4084000.0,715935.0,13.41,5.7,2025-08-01,2025-08-31,monthly,31,False,478.89,252684.21,23094.68,1.226,soleil,b22f2994462715d45956f784bf4005a7,INKANO_Monthly_Ads_-_SHOPEE.csv
InKano Sable - Linen outer wanita unfinished details and contrast stitching,Berjalan,Iklan Produk,41511942583,GMV Max ROAS,Semua Penempatan,08/08/2025 00:00:00,38816.0,1649.0,0.0425,14.0,6.0,0.0085,0.0036,37738.77,14.0,6.0,3021000.0,1214000.0,528343.0,5.72,2.3,2025-08-01,2025-08-31,monthly,31,False,320.4,215785.71,17043.32,0.452,sable,30151b8a4f0ca685d00deb438e0e9e48,INKANO_Monthly_Ads_-_SHOPEE.csv
InKano Hawthorn - Atasan rajut knitwear wanita dengan details zipper dan tekstur,Berjalan,Iklan Produk,43807397639,GMV Max ROAS,Semua Penempatan,07/07/2025 00:00:00,38748.0,1313.0,0.0339,16.0,5.0,0.012199999999999999,0.0038,45422.42,18.0,5.0,5667200.0,1995000.0,726759.0,7.8,2.75,2025-08-01,2025-08-31,monthly,31,False,553.51,314844.44,23443.84,0.581,hawthorn,7eacd2f9774913f287ca9f2b62e09bca,INKANO_Monthly_Ads_-_SHOPEE.csv
"InKano Waves - Midi dress bahan katun warna Putih (berfuring), Beige, Biru tua, Coklat tua, Hitam [5]",Berjalan,Iklan Produk,3537453641,GMV Max ROAS,Semua Penempatan,19/03/2025 00:00:00,38408.0,1373.0,0.035699999999999996,31.0,19.0,0.0226,0.0138,21001.72,33.0,19.0,7137000.0,3921000.0,651053.0,10.96,6.02,2025-08-01,2025-08-31,monthly,31,False,474.18,216272.73,21001.71,1.065,waves,dc05e9bd042d5cddcc4fb202f2e718e2,INKANO_Monthly_Ads_-_SHOPEE.csv
InKano Skylet - Sleeveless dress wanita minimalist maxi dress wanita dengan details crinkle texture dan straight cut,Berjalan,Iklan Produk,27176054532,GMV Max ROAS,Semua Penempatan,15/02/2025 00:00:00,37252.0,1612.0,0.0433,22.0,7.0,0.013600000000000001,0.0043,28747.01,22.0,7.0,5268000.0,1593000.0,632434.0,8.33,2.52,2025-08-01,2025-08-31,monthly,31,False,392.33,239454.55,20401.1,0.71,skylet,15dbfafd0eb312bec1f5f965ad2c20d5,INKANO_Monthly_Ads_-_SHOPEE.csv
InKano Tether - Rok midi wanita dengan serat bahan tencel rok kerja wanita casual,Berjalan,Iklan Produk,29220727488,GMV Max ROAS,Semua Penempatan,16/12/2024 00:00:00,36658.0,1457.0,0.0397,37.0,16.0,0.0254,0.011000000000000001,22702.02,37.0,16.0,9403000.0,4944000.0,839975.0,11.19,5.89,2025-08-01,2025-08-31,monthly,31,False,576.51,254135.14,27095.97,1.194,tether,277f3b584517ca8ea286ab73d9127d43,INKANO_Monthly_Ads_-_SHOPEE.csv
"InKano Gianna - Dress rayon dengan details ikat warna hitam, coklat muda, hijau olive dan soft pink [5]",Berjalan,Iklan Produk,4520695814,GMV Max ROAS,Semua Penempatan,08/06/2024 00:00:00,35291.0,1629.0,0.0462,6.0,5.0,0.0037,0.0031,38997.79,6.0,5.0,1374000.0,1145000.0,233987.0,5.87,4.89,2025-08-01,2025-08-31,monthly,31,False,143.64,229000.0,7547.97,0.194,gianna,3613ad95951398450b221867e89221ff,INKANO_Monthly_Ads_-_SHOPEE.csv
InKano Fall Trousers - Celana panjang wanita full karet kulow wanita dengan teksur garis warna putih bw abu dan hitam [4],Berjalan,Iklan Produk,21695149050,GMV Max ROAS,Semua Penempatan,10/07/2024 00:00:00,34885.0,1942.0,0.0557,39.0,25.0,0.020099999999999996,0.0129,22588.22,41.0,26.0,8263100.0,4914000.0,880941.0,9.38,5.58,2025-08-01,2025-08-31,monthly,31,False,453.63,201539.02,28417.45,1.323,fall,fd239e85df81a0f3b554c76adf1d4703,INKANO_Monthly_Ads_-_SHOPEE.csv
InKano Linnea - Atasan wanita lengan panjang bahan soft rib rajut,Berjalan,Iklan Produk,41811937665,GMV Max ROAS,Semua Penempatan,08/08/2025 00:00:00,34285.0,1536.0,0.044800000000000006,19.0,14.0,0.0124,0.0091,27091.1,22.0,17.0,3688000.0,2513000.0,514731.0,7.16,4.88,2025-08-01,2025-08-31,monthly,31,False,335.11,167636.36,16604.23,0.71,linnea,ea9ac7b327d8db3e70ef82b0fb3a8ac3,INKANO_Monthly_Ads_-_SHOPEE.csv
"InKano Terrain Skirt - Rok wanita plisket dengan resliting belakang warna dusty pink, dark grey, dan hitam black [4]",Berjalan,Iklan Produk,19176939583,GMV Max ROAS,Semua Penempatan,08/06/2024 00:00:00,33139.0,1380.0,0.0416,22.0,13.0,0.0159,0.009399999999999999,25077.6,23.0,13.0,6067000.0,3757000.0,551707.0,11.0,6.81,2025-08-01,2025-08-31,monthly,31,False,399.79,263782.61,17797.0,0.742,terrain,2c8725f8edfa43052300712a6b7f683c,INKANO_Monthly_Ads_-_SHOPEE.csv
InKano Alpine - Celana denim wanita relaxed fit dengan elastic di bagian belakang,Berjalan,Iklan Produk,29777681282,GMV Max ROAS,Semua Penempatan,01/03/2025 00:00:00,32742.0,1100.0,0.0336,15.0,8.0,0.013600000000000001,0.0073,43368.81,18.0,8.0,5006100.0,2836100.0,650532.0,7.7,4.36,2025-08-01,2025-08-31,monthly,31,False,591.39,278116.67,20984.9,0.581,alpine,e85356a571554427dedf1a70132f9a07,INKANO_Monthly_Ads_-_SHOPEE.csv
InKano Saffron - Rok Midi A Line wanita bahan katun dengan pinggang karet dan kantong samping,Berjalan,Iklan Produk,29638461726,GMV Max ROAS,Semua Penempatan,08/07/2025 00:00:00,32717.0,1201.0,0.036699999999999997,24.0,14.0,0.02,0.011699999999999999,31563.54,27.0,15.0,6673000.0,4365000.0,757525.0,8.81,5.76,2025-08-01,2025-08-31,monthly,31,False,630.75,247148.15,24436.29,0.871,saffron,3679533e9d8560901533f24093e3c728,INKANO_Monthly_Ads_-_SHOPEE.csv
InKano Call Dress - Mini dress wanita sleeveless dress with texturized fabric [4],Berjalan,Iklan Produk,21495899405,GMV Max ROAS,Semua Penempatan,17/06/2024 00:00:00,31779.0,1041.0,0.032799999999999996,15.0,8.0,0.0144,0.0077,25028.5,15.0,8.0,3425000.0,1972000.0,375427.0,9.12,5.25,2025-08-01,2025-08-31,monthly,31,False,360.64,228333.33,12110.55,0.484,call,29571ef0ed78d3642b4db695eebcd7ea,INKANO_Monthly_Ads_-_SHOPEE.csv
"InKano Float - 2 ways blouse wanita sleeveless bahan crinkle reversible square and v neck warna coklat,biru abu,biru tua muda [5]",Berjalan,Iklan Produk,18804681664,GMV Max ROAS,Semua Penempatan,09/06/2024 00:00:00,31583.0,1314.0,0.0416,32.0,16.0,0.024399999999999998,0.012199999999999999,22452.13,38.0,21.0,5822000.0,2709000.0,718468.0,8.1,3.77,2025-08-01,2025-08-31,monthly,31,False,546.78,153210.53,23176.39,1.226,float,b6d701da3a034a21d8e30f9400572d73,INKANO_Monthly_Ads_-_SHOPEE.csv
InKano Nash -Sleeveless atasan blouse wanita dengan neckline tinggi dan tekstur kain,Berjalan,Iklan Produk,40157398753,GMV Max ROAS,Semua Penempatan,07/07/2025 00:00:00,29978.0,1064.0,0.0355,27.0,16.0,0.0254,0.015,24863.14,34.0,20.0,5579100.0,2700000.0,671305.0,8.31,4.02,2025-08-01,2025-08-31,monthly,31,False,630.93,164091.18,21655.0,1.097,nash,cdc2696e2f35fa1b4f80f1f8d3548120,INKANO_Monthly_Ads_-_SHOPEE.csv
"InKano Slate Skirt - Rok wanita plisket dengan pinggang karet warna coklat, abu, dan hitam black [4]",Berjalan,Iklan Produk,23772418038,GMV Max ROAS,Semua Penempatan,08/06/2024 00:00:00,29673.0,1096.0,0.0369,26.0,20.0,0.023700000000000002,0.0182,27516.51,28.0,20.0,6892000.0,5380000.0,715429.0,9.63,7.52,2025-08-01,2025-08-31,monthly,31,False,652.76,246142.86,23078.35,0.903,slate,37f6488efbb9d1488ac56cc2c6501ada,INKANO_Monthly_Ads_-_SHOPEE.csv
"InKano Fig Skirt - Rok wanita structured flare skirt warna offwhite, coksu, hitam [7]",Berjalan,Iklan Produk,22444569998,GMV Max ROAS,Semua Penempatan,08/06/2024 00:00:00,29423.0,843.0,0.0287,22.0,8.0,0.026099999999999998,0.0095,20018.83,24.0,8.0,5226000.0,2152000.0,440414.0,11.87,4.89,2025-08-01,2025-08-31,monthly,31,False,522.44,217750.0,14206.9,0.774,fig,92d61952d05daf1d6d49ff45b03c6a74,INKANO_Monthly_Ads_-_SHOPEE.csv
InKano Caise Skirt - Rok midi wanita straight midi slim skirt warna abu dan hitam [4],Berjalan,Iklan Produk,22959279323,GMV Max ROAS,Semua Penempatan,09/06/2024 00:00:00,28101.0,1132.0,0.0403,24.0,18.0,0.0212,0.0159,14578.49,26.0,20.0,4354000.0,3180000.0,349884.0,12.44,9.09,2025-08-01,2025-08-31,monthly,31,False,309.08,167461.54,11286.58,0.839,caise,116baf0661f4e115c13216884fe9feb0,INKANO_Monthly_Ads_-_SHOPEE.csv
InKano Leif - Atasan Blouse wanita basic atasan sleeveless wanita,Berjalan,Iklan Produk,40607295073,GMV Max ROAS,Semua Penempatan,07/07/2025 00:00:00,26522.0,851.0,0.0321,25.0,18.0,0.0294,0.0212,19836.39,27.0,18.0,3373000.0,1962000.0,495910.0,6.8,3.96,2025-08-01,2025-08-31,monthly,31,False,582.74,124925.93,15997.1,0.871,leif,219e1bbab2286c1b4e3d3c277110d123,INKANO_Monthly_Ads_-_SHOPEE.csv
InKano Arbor - Outer wanita blazer wanita bahan soft suede,Berjalan,Iklan Produk,26439584864,GMV Max ROAS,Semua Penempatan,08/08/2025 00:00:00,24704.0,1368.0,0.0554,16.0,6.0,0.011699999999999999,0.0044,37567.43,16.0,6.0,4694000.0,1794000.0,601079.0,7.81,2.98,2025-08-01,2025-08-31,monthly,31,False,439.39,293375.0,19389.65,0.516,arbor,837020282cc785a7a319dc2a46d0434e,INKANO_Monthly_Ads_-_SHOPEE.csv
InKano Fray - Celana wanita high waist relaxed fit,Berjalan,Iklan Produk,24991420380,GMV Max ROAS,Semua Penempatan,15/02/2025 00:00:00,24503.0,1341.0,0.0547,22.0,8.0,0.016399999999999998,0.006,24619.39,22.0,8.0,5120200.0,1552100.0,541627.0,9.45,2.87,2025-08-01,2025-08-31,monthly,31,False,403.9,232736.36,17471.84,0.71,fray,2d08d0fc24db1f626d42545e715b1049,INKANO_Monthly_Ads_-_SHOPEE.csv
InKano Solin - Atasan wanita dengan details plisket crinkled fabric,Berjalan,Iklan Produk,40611870614,GMV Max ROAS,Semua Penempatan,08/08/2025 00:00:00,23767.0,818.0,0.0344,7.0,2.0,0.0086,0.0024,42975.99,7.0,2.0,1520100.0,458000.0,300832.0,5.05,1.52,2025-08-01,2025-08-31,monthly,31,False,367.77,217157.14,9704.26,0.226,solin,7b33075a1d6a4c5a7b753b21ed03374e,INKANO_Monthly_Ads_-_SHOPEE.csv
InKano Palmer - Celana pendek wanita dengan pinggang karet,Berjalan,Iklan Produk,43161943121,GMV Max ROAS,Semua Penempatan,08/08/2025 00:00:00,22960.0,1048.0,0.045599999999999995,16.0,12.0,0.015300000000000001,0.0115,27152.4,16.0,12.0,3153100.0,2438000.0,434438.0,7.26,5.61,2025-08-01,2025-08-31,monthly,31,False,414.54,197068.75,14014.13,0.516,palmer,0cd0a2f9fb8edb03a52acb85ded45218,INKANO_Monthly_Ads_-_SHOPEE.csv
"InKano Roue Tanktop & Roue Line - Tanktop rajut wanita knit crop top wanita basic warna putih, mauve, grey, hitam [6]",Berjalan,Iklan Produk,25256768865,GMV Max ROAS,Semua Penempatan,03/06/2025 00:00:00,18177.0,727.0,0.04,15.0,10.0,0.0206,0.0138,23900.08,15.0,10.0,3015000.0,1750000.0,358501.0,8.41,4.88,2025-08-01,2025-08-31,monthly,31,False,493.12,201000.0,11564.55,0.484,roue,71f910de8eb5c495a68a91ec4f7dc89c,INKANO_Monthly_Ads_-_SHOPEE.csv
InKano Alwyn -Outerwear rajut knitwear wanita dengan details contrast stitching,Berjalan,Iklan Produk,44007408047,GMV Max ROAS,Semua Penempatan,07/07/2025 00:00:00,17689.0,468.0,0.0265,8.0,4.0,0.0171,0.0085,39916.69,8.0,4.0,2562000.0,1516000.0,319333.0,8.02,4.75,2025-08-01,2025-08-31,monthly,31,False,682.34,320250.0,10301.06,0.258,alwyn,553c98b54966c1d11df40a03becaf65c,INKANO_Monthly_Ads_-_SHOPEE.csv
InKano Peony - Atasan peplum rajut wanita dengan kancing depan,Berjalan,Iklan Produk,43711849136,GMV Max ROAS,Semua Penempatan,08/08/2025 00:00:00,15318.0,437.0,0.0285,9.0,3.0,0.0206,0.0069,28138.56,10.0,3.0,2660000.0,1287000.0,253247.0,10.5,5.08,2025-08-01,2025-08-31,monthly,31,False,579.51,266000.0,8169.26,0.323,peony,4922d327b8f74a90257f1daa1e4c2cca,INKANO_Monthly_Ads_-_SHOPEE.csv
InKano Hearth - Minimalist sleeveless dress wanita dengan details drape dan natural tone,Berjalan,Iklan Produk,29128168295,GMV Max ROAS,Semua Penempatan,04/03/2025 00:00:00,12025.0,581.0,0.0483,5.0,2.0,0.0086,0.0034000000000000002,38493.44,5.0,2.0,1415000.0,478000.0,192467.0,7.35,2.48,2025-08-01,2025-08-31,monthly,31,False,331.27,283000.0,6208.61,0.161,hearth,585008d68fcfaf01de2c0c55e64a46a5,INKANO_Monthly_Ads_-_SHOPEE.csv
InKano Selka - Jaket wanita sheer dengan details floral embroidery,Berjalan,Iklan Produk,43261933019,GMV Max ROAS,Semua Penempatan,08/08/2025 00:00:00,11048.0,380.0,0.0344,9.0,2.0,0.023700000000000002,0.0053,35540.95,9.0,2.0,2101100.0,518000.0,319869.0,6.57,1.62,2025-08-01,2025-08-31,monthly,31,False,841.76,233455.56,10318.35,0.29,selka,9065a88890ae63acf548731b6dd48d4d,INKANO_Monthly_Ads_-_SHOPEE.csv
InKano Acker - Atasan wanita dengan bahan soft rib rajut dan contrasting fabric,Berjalan,Iklan Produk,42561854974,GMV Max ROAS,Semua Penempatan,08/08/2025 00:00:00,10992.0,399.0,0.0363,11.0,7.0,0.0276,0.0175,27267.58,11.0,7.0,2239000.0,1263000.0,299943.0,7.46,4.21,2025-08-01,2025-08-31,monthly,31,False,751.74,203545.45,9675.58,0.355,acker,04b8f76902c446a9077d83ec72ae78a6,INKANO_Monthly_Ads_-_SHOPEE.csv
"InKano Hill - Celana panjang rayon wanita dengan kantong dan pinggang karet warna sand coklat susu, hitam, muted blush soft pink, dusty blue, space blue indigo, marsala brick, hijau olive [6]",Berjalan,Iklan Produk,4846833586,GMV Max ROAS,Semua Penempatan,08/02/2025 00:00:00,1304.0,66.0,0.0506,1.0,1.0,0.0152,0.0152,25796.93,1.0,1.0,219000.0,219000.0,25797.0,8.49,8.49,2025-08-01,2025-08-31,monthly,31,False,390.86,219000.0,832.16,0.032,hill,e9e6ead2b3318adb68b825320ecaeb30,INKANO_Monthly_Ads_-_SHOPEE.csv
InKano Amary - Sleeveless dress wanita dengan details rok plisket,Dijeda,Iklan Produk,29075945430,GMV Max ROAS,Semua Penempatan,15/02/2025 00:00:00,40601.0,2612.0,0.0643,37.0,17.0,0.014199999999999999,0.006500000000000001,24166.49,38.0,17.0,11060300.0,6723000.0,894160.0,12.37,7.52,2025-08-01,2025-08-31,monthly,31,False,342.33,291060.53,28843.87,1.226,amary,e312b1b556ad54a60d2fcb6826590308,INKANO_Monthly_Ads_-_SHOPEE.csv
InKano Fern - Rok wanita rok midi katun chinos dengan details ikat [3],Dijeda,Iklan Produk,27001676065,GMV Max ROAS,Semua Penempatan,11/06/2024 00:00:00,21402.0,748.0,0.035,20.0,3.0,0.026699999999999998,0.004,24724.56,20.0,3.0,4140000.0,707000.0,494491.0,8.37,1.43,2025-08-01,2025-08-31,monthly,31,False,661.08,207000.0,15951.32,0.645,fern,9df4e2bb45315a1c45878d6a965fe0ba,INKANO_Monthly_Ads_-_SHOPEE.csv
InKano Glint Skirt - Rok wanita semi formal dengan pinggang karet elastis warna abu [4],Dijeda,Iklan Produk,21358379617,GMV Max ROAS,Semua Penempatan,11/06/2024 00:00:00,6079.0,241.0,0.039599999999999996,8.0,3.0,0.0332,0.0124,20632.3,10.0,3.0,2020000.0,567000.0,165058.0,12.24,3.44,2025-08-01,2025-08-31,monthly,31,False,684.89,202000.0,5324.45,0.323,glint,46c36724ae37ac7eba09b11e5c94d802,INKANO_Monthly_Ads_-_SHOPEE.csv
"InKano Ridge - Sleeveless maxi dress terbaru dengan style korea dan bahan rayon premium warna hitam, dusty lilac ungu muda, pink shades [4]",Dijeda,Iklan Produk,10979039292,GMV Max ROAS,Semua Penempatan,10/07/2024 00:00:00,4816.0,219.0,0.0455,2.0,1.0,0.0091,0.0046,35515.98,2.0,1.0,458000.0,249000.0,71032.0,6.45,3.51,2025-08-01,2025-08-31,monthly,31,False,324.35,229000.0,2291.35,0.065,ridge,e4275fd8d9d6f8ae3f979d5119d8c3e8,INKANO_Monthly_Ads_-_SHOPEE.csv
"InKano Oak - Rok midi dengan pinggang karet dan drawstring bahan katun warna ivory, coklat [7]",Dijeda,Iklan Produk,12963277331,GMV Max ROAS,Semua Penempatan,09/06/2024 00:00:00,1249.0,78.0,0.062400000000000004,2.0,1.0,0.0256,0.0128,3187.47,2.0,1.0,368000.0,179000.0,6375.0,57.73,28.08,2025-08-01,2025-08-31,monthly,31,False,81.73,184000.0,205.65,0.065,oak,4e2b4959d01582a7705ed4625203c5b0,INKANO_Monthly_Ads_-_SHOPEE.csv
InKano Loop - Rok wanita rok midi dengan bahan cotton lyocell dan pinggang karet,Dijeda,Iklan Produk,26388381173,GMV Max ROAS,Semua Penempatan,07/07/2025 00:00:00,297.0,5.0,0.0168,0.0,0.0,0.0,0.0,0.0,0.0,0.0,0.0,0.0,1025.0,0.0,0.0,2025-08-01,2025-08-31,monthly,31,False,205.0,,33.06,,loop,e1a1a9f3269bd5a5c4ef001a04986f23,INKANO_Monthly_Ads_-_SHOPEE.csv
"InKano Dales Cargo Pants - Cargo pants wanita celana panjang cargo wanita pinggang full karet warna beige, light grey, khaki [2]",Dijeda,Iklan Produk,25506769709,GMV Max ROAS,Semua Penempatan,17/06/2024 00:00:00,0.0,0.0,0.0,1.0,0.0,0.0,0.0,0.0,1.0,0.0,359000.0,0.0,0.0,0.0,0.0,2025-08-01,2025-08-31,monthly,31,False,,359000.0,,0.032,dales,977a30aa7c87e0e63a0de78b9c948b34,INKANO_Monthly_Ads_-_SHOPEE.csv
InKano Spire Dress - Sleeveless dress korea wanita katun warna coklat dan hitam black [7],Berjalan,Iklan Produk,19970359270,GMV Max ROAS,Semua Penempatan,26/10/2024 00:00:00,753306.0,22931.0,0.0304,292.0,205.0,0.0127,0.0089,29510.29,296.0,206.0,85220250.0,64978200.0,8617006.0,9.89,7.54,2025-09-01,2025-09-30,monthly,30,False,375.78,287906.25,287233.53,9.867,spire,eb2ee988b1f92ba32f3132dc44c3edb2,INKANO_Monthly_Ads_-_SHOPEE.csv
InKano Thames Outer - Outerwear wanita knit cardigan wanita dengan details dash dan kancing,Berjalan,Iklan Produk,29273185813,GMV Max ROAS,Semua Penempatan,11/01/2025 00:00:00,411516.0,14885.0,0.0362,210.0,127.0,0.0141,0.0085,34136.65,210.0,127.0,74375900.0,53213000.0,7168697.0,10.38,7.42,2025-09-01,2025-09-30,monthly,30,False,481.61,354170.95,238956.57,7.0,thames,621ad6e6e2cebb79c5bc21d265dfff33,INKANO_Monthly_Ads_-_SHOPEE.csv
InKano Cassia - Outer knit wanita lengan panjang dengan scallop hemming outerwear rajut wanita,Berjalan,Iklan Produk,27062867019,GMV Max ROAS,Semua Penempatan,04/11/2024 00:00:00,374852.0,15059.0,0.04019999999999999,164.0,105.0,0.0109,0.006999999999999999,28530.34,167.0,106.0,49493240.0,36084900.0,4678976.0,10.58,7.71,2025-09-01,2025-09-30,monthly,30,False,310.71,296366.71,155965.87,5.567,cassia,c039fbf8540374283b56af47ea2a544e,INKANO_Monthly_Ads_-_SHOPEE.csv
InKano Cirrus - Dress wanita sleeveless midi dress wanita dengan details rok balloon,Berjalan,Iklan Produk,25390328930,GMV Max ROAS,Semua Penempatan,11/01/2025 00:00:00,329958.0,10440.0,0.0316,180.0,102.0,0.0172,0.0098,24688.54,194.0,106.0,49853400.0,30838300.0,4443938.0,11.22,6.94,2025-09-01,2025-09-30,monthly,30,False,425.66,256976.29,148131.27,6.467,cirrus,99bde04e80576d33c719083d79749d86,INKANO_Monthly_Ads_-_SHOPEE.csv
InKano Thames Outer - Outerwear wanita knit cardigan wanita dengan details dash dan kancing [4],Berjalan,Iklan Produk,22787969197,GMV Max ROAS,Semua Penempatan,17/06/2024 00:00:00,324181.0,10150.0,0.0313,155.0,75.0,0.015300000000000001,0.0074,38555.77,158.0,76.0,54474300.0,31844000.0,5976144.0,9.12,5.33,2025-09-01,2025-09-30,monthly,30,False,588.78,344774.05,199204.8,5.267,thames,5a9cc449a43fd41df9d77ebab91b509c,INKANO_Monthly_Ads_-_SHOPEE.csv
InKano  Spire Dress Maxi - Sleeveless dress korea wanita katun warna coklat dan hitam black,Berjalan,Iklan Produk,27923231189,GMV Max ROAS,Semua Penempatan,11/01/2025 00:00:00,226735.0,7455.0,0.0329,74.0,44.0,0.009899999999999999,0.0059,34675.28,76.0,46.0,23711050.0,15749300.0,2565971.0,9.24,6.14,2025-09-01,2025-09-30,monthly,30,False,344.19,311987.5,85532.37,2.533,spire,6a867fd4f60350419a18a25cd2389c99,INKANO_Monthly_Ads_-_SHOPEE.csv
InKano Haze - Atasan rajut basic wanita dengan bahan full katun inner basic wanita lengan panjang,Berjalan,Iklan Produk,26214700605,GMV Max ROAS,Semua Penempatan,22/10/2024 00:00:00,223268.0,8370.0,0.0375,139.0,96.0,0.0166,0.0115,23668.34,159.0,115.0,37085250.0,27865000.0,3289899.0,11.27,8.47,2025-09-01,2025-09-30,monthly,30,False,393.06,233240.57,109663.3,5.3,haze,9284d3c0e3b0e094bb6f22d96d721bfe,INKANO_Monthly_Ads_-_SHOPEE.csv
InKano Cassia - Outer knit wanita lengan panjang dengan scallop hemming outerwear rajut wanita,Berjalan,Iklan Produk,40556691928,GMV Max ROAS,Semua Penempatan,30/06/2025 00:00:00,203130.0,7492.0,0.0369,82.0,47.0,0.0109,0.0063,33245.92,84.0,48.0,25657010.0,16672000.0,2726166.0,9.41,6.12,2025-09-01,2025-09-30,monthly,30,False,363.88,305440.6,90872.2,2.8,cassia,9dc0a830137a3db2878da10604901e5c,INKANO_Monthly_Ads_-_SHOPEE.csv
InKano Basic Tee - Kaos wanita full katun atasan wanita basic lengan pendek,Berjalan,Iklan Produk,26124817232,GMV Max ROAS,Semua Penempatan,12/04/2025 00:00:00,190275.0,6511.0,0.0342,227.0,178.0,0.0349,0.0273,10873.44,265.0,210.0,28587950.0,20780100.0,2468272.0,11.58,8.42,2025-09-01,2025-09-30,monthly,30,False,379.09,107879.06,82275.73,8.833,kaos,3af281325e41f9ec84ac48093310bffe,INKANO_Monthly_Ads_-_SHOPEE.csv
InKano Rene Cardigan - Everyday cardigan wanita outerwear wanita knit cardigan cotton viscose [4],Berjalan,Iklan Produk,24571129042,GMV Max ROAS,Semua Penempatan,11/06/2024 00:00:00,172546.0,5279.0,0.030600000000000002,74.0,35.0,0.013999999999999999,0.0066,39483.81,79.0,35.0,24470500.0,12915000.0,2921802.0,8.38,4.42,2025-09-01,2025-09-30,monthly,30,False,553.48,309753.16,97393.4,2.633,rene,85c8d322131c5e63d59e71b4d9a9115b,INKANO_Monthly_Ads_-_SHOPEE.csv
InKano Marri Longsleeves - Cropped top knitted top with embossed pattern in long sleeves. [6],Berjalan,Iklan Produk,24369177837,GMV Max ROAS,Semua Penempatan,17/06/2024 00:00:00,160201.0,9561.0,0.059699999999999996,88.0,39.0,0.0092,0.0040999999999999995,25242.39,98.0,44.0,23339100.0,13126100.0,2221330.0,10.51,5.91,2025-09-01,2025-09-30,monthly,30,False,232.33,238154.08,74044.33,3.267,marri,fd581ed25baeb9780326f74a8bc2871d,INKANO_Monthly_Ads_-_SHOPEE.csv
InKano Ann Cardie - Cadigan wanita katun outer rajut korean style [9],Berjalan,Iklan Produk,21486955097,GMV Max ROAS,Semua Penempatan,10/07/2024 00:00:00,154503.0,6305.0,0.0408,125.0,76.0,0.019799999999999998,0.0121,22977.24,128.0,76.0,34556450.0,22634300.0,2872156.0,12.03,7.88,2025-09-01,2025-09-30,monthly,30,False,455.54,269972.27,95738.53,4.267,ann,6d3652bdbcc982b273d8dc16fabba44c,INKANO_Monthly_Ads_-_SHOPEE.csv
InKano Basic Tee - Kaos wanita full katun atasan wanita basic lengan pendek,Berjalan,Iklan Produk,41504095124,GMV Max ROAS,Semua Penempatan,11/06/2025 00:00:00,152663.0,5758.0,0.0377,199.0,135.0,0.0346,0.023399999999999997,13244.81,250.0,176.0,28394950.0,17404200.0,2635716.0,10.77,6.6,2025-09-01,2025-09-30,monthly,30,False,457.75,113579.8,87857.2,8.333,kaos,082fafb4c82c810a5b25493adab4565d,INKANO_Monthly_Ads_-_SHOPEE.csv
InKano Stripes Union - Oversized stripes cotton knit top with long sleeve bahan katun korean style [5],Berjalan,Iklan Produk,18680549695,GMV Max ROAS,Semua Penempatan,08/06/2024 00:00:00,148560.0,5796.0,0.039,80.0,37.0,0.0138,0.0064,22910.55,84.0,39.0,20436350.0,11631100.0,1832844.0,11.15,6.35,2025-09-01,2025-09-30,monthly,30,False,316.23,243289.88,61094.8,2.8,stripes,e2be4faf5cafd3833742e2e307da2b9d,INKANO_Monthly_Ads_-_SHOPEE.csv
"InKano Waves - Midi dress bahan katun warna Putih (berfuring), Beige, Biru tua, Coklat tua, Hitam [7]",Berjalan,Iklan Produk,6137355964,GMV Max ROAS,Semua Penempatan,08/06/2024 00:00:00,134561.0,4275.0,0.0318,91.0,57.0,0.0213,0.013300000000000001,18255.27,101.0,63.0,17799000.0,12693700.0,1661230.0,10.71,7.64,2025-09-01,2025-09-30,monthly,30,False,388.59,176227.72,55374.33,3.367,waves,75ff30f88dfbb7fe8a7da5fee7b01152,INKANO_Monthly_Ads_-_SHOPEE.csv
InKano Plume Sol - Sleeveless dress wanita dengan details texture fabric and tier silouette,Berjalan,Iklan Produk,28074783892,GMV Max ROAS,Semua Penempatan,30/01/2025 00:00:00,132359.0,5342.0,0.0404,79.0,54.0,0.0148,0.0101,21804.68,80.0,54.0,18794300.0,13387200.0,1722570.0,10.91,7.77,2025-09-01,2025-09-30,monthly,30,False,322.46,234928.75,57419.0,2.667,plume,65dc98e5bef4ec90793234d6f4d2d60c,INKANO_Monthly_Ads_-_SHOPEE.csv
InKano Lyn - Atasan wanita tanpa lengan sleveless top wanita dengan bahan ironless dan flowy dan details drape di pundak,Berjalan,Iklan Produk,28753233081,GMV Max ROAS,Semua Penempatan,24/06/2024 00:00:00,123795.0,3950.0,0.0319,85.0,54.0,0.0215,0.0137,16710.19,89.0,57.0,15111650.0,9616100.0,1420366.0,10.64,6.77,2025-09-01,2025-09-30,monthly,30,False,359.59,169793.82,47345.53,2.967,lyn,ed0a24b60cb4c3fa240b64d0d0586baa,INKANO_Monthly_Ads_-_SHOPEE.csv
"InKano Meadow - Cardigan rajut wanita bahan full katun, knit cardigan wanita",Berjalan,Iklan Produk,26670732939,GMV Max ROAS,Semua Penempatan,16/12/2024 00:00:00,122559.0,4678.0,0.0382,56.0,29.0,0.012,0.0062,32456.1,57.0,30.0,19204450.0,11592200.0,1817542.0,10.57,6.38,2025-09-01,2025-09-30,monthly,30,False,388.53,336920.18,60584.73,1.9,meadow,13c9f29019594ee36842499d47f539cc,INKANO_Monthly_Ads_-_SHOPEE.csv
"InKano Linen Dress - Sleeveless dress linen, midi dress wanita warna offwhite stripes dan navy [5]",Berjalan,Iklan Produk,23870069126,GMV Max ROAS,Semua Penempatan,21/04/2025 00:00:00,117937.0,6373.0,0.054000000000000006,111.0,22.0,0.0174,0.0034999999999999996,25887.48,115.0,22.0,28874750.0,7970400.0,2873511.0,10.05,2.77,2025-09-01,2025-09-30,monthly,30,False,450.89,251084.78,95783.7,3.833,linen,da155204e78d29f349b36c68a97e9b96,INKANO_Monthly_Ads_-_SHOPEE.csv
InKano Cascade - Everyday sleeveless top wanita atasan wanita sleevelss bahan parasut,Berjalan,Iklan Produk,29802573288,GMV Max ROAS,Semua Penempatan,13/06/2024 00:00:00,117682.0,5161.0,0.043899999999999995,104.0,59.0,0.0202,0.011399999999999999,17838.29,118.0,66.0,18344550.0,9774400.0,1855183.0,9.89,5.27,2025-09-01,2025-09-30,monthly,30,False,359.46,155462.29,61839.43,3.933,cascade,ba1268c84725201ce96e13892ed66ea0,INKANO_Monthly_Ads_-_SHOPEE.csv
InKano Briette - Crop top wanita crop top outerwear wanita dengan details tali ikat [4],Berjalan,Iklan Produk,25575584031,GMV Max ROAS,Semua Penempatan,08/06/2024 00:00:00,111119.0,4246.0,0.0382,65.0,34.0,0.015300000000000001,0.008,22371.31,67.0,34.0,12573750.0,6176000.0,1454135.0,8.65,4.25,2025-09-01,2025-09-30,monthly,30,False,342.47,187667.91,48471.17,2.233,briette,ad39a54d82bc778a90681e47248c3975,INKANO_Monthly_Ads_-_SHOPEE.csv
InKano Thyme - Atasan rajut wanita dengan floral details untuk layering,Berjalan,Iklan Produk,25339467342,GMV Max ROAS,Semua Penempatan,16/12/2024 00:00:00,104659.0,3941.0,0.0377,50.0,21.0,0.0127,0.0053,27224.54,51.0,22.0,13805600.0,7898000.0,1361227.0,10.14,5.8,2025-09-01,2025-09-30,monthly,30,False,345.4,270698.04,45374.23,1.7,thyme,3428ff9f06ede3d955b3547fc2cfa494,INKANO_Monthly_Ads_-_SHOPEE.csv
InKano Solstice Dress - Dress maxi wanita dengan tali spaghetti strap,Berjalan,Iklan Produk,43350410595,GMV Max ROAS,Semua Penempatan,15/05/2025 00:00:00,104163.0,4075.0,0.0391,75.0,55.0,0.0184,0.013500000000000002,19060.86,79.0,59.0,15660300.0,11253200.0,1429564.0,10.95,7.87,2025-09-01,2025-09-30,monthly,30,False,350.81,198231.65,47652.13,2.633,solstice,da2f15bebe790f870032421b2b521d20,INKANO_Monthly_Ads_-_SHOPEE.csv
InKano Vine - Kemeja wanita stripes bahan full katun,Berjalan,Iklan Produk,27774742340,GMV Max ROAS,Semua Penempatan,30/01/2025 00:00:00,97187.0,4231.0,0.0435,69.0,39.0,0.0163,0.0092,20045.77,71.0,39.0,14217350.0,9099400.0,1383158.0,10.28,6.58,2025-09-01,2025-09-30,monthly,30,False,326.91,200244.37,46105.27,2.367,vine,0d89b60eb7810f791fdf5b04d567db10,INKANO_Monthly_Ads_-_SHOPEE.csv
InKano Brisa - Outerwear rajut wanita knitwear cardigan dengan details unfinished,Berjalan,Iklan Produk,43061856720,GMV Max ROAS,Semua Penempatan,08/08/2025 00:00:00,96744.0,3474.0,0.0359,36.0,15.0,0.0104,0.0043,61849.97,37.0,16.0,11452900.0,6704000.0,2226599.0,5.14,3.01,2025-09-01,2025-09-30,monthly,30,False,640.93,309537.84,74219.97,1.233,brisa,d84558a048119f3020d68ab43d24c84e,INKANO_Monthly_Ads_-_SHOPEE.csv
"InKano Bree - Sleeveless midi dress rayon warna putih, coklat beige, hijau olive, hijau sage, hitam [4]",Berjalan,Iklan Produk,8012587266,GMV Max ROAS,Semua Penempatan,26/10/2024 00:00:00,92153.0,3109.0,0.0337,53.0,32.0,0.017,0.0103,27426.62,55.0,34.0,14355700.0,9485300.0,1453611.0,9.88,6.53,2025-09-01,2025-09-30,monthly,30,False,467.55,261012.73,48453.7,1.833,bree,555906050304ec491d2085dd878bcef1,INKANO_Monthly_Ads_-_SHOPEE.csv
"InKano Acre Dress - Sleeveless dress katun maxi dress sleeveless hitam, navy, dan gingham [3]",Berjalan,Iklan Produk,26150443050,GMV Max ROAS,Semua Penempatan,08/06/2024 00:00:00,86084.0,3219.0,0.0374,42.0,24.0,0.013000000000000001,0.0075,30862.1,43.0,24.0,11749900.0,7686000.0,1296208.0,9.06,5.93,2025-09-01,2025-09-30,monthly,30,False,402.67,273253.49,43206.93,1.433,acre,9b353af887e17675e6e6ec9c00258feb,INKANO_Monthly_Ads_-_SHOPEE.csv
InKano Mallow - Knit top rajut jaket wanita dengan twi way zipper.,Berjalan,Iklan Produk,27226014984,GMV Max ROAS,Semua Penempatan,15/02/2025 00:00:00,83901.0,3428.0,0.0409,30.0,14.0,0.0088,0.0040999999999999995,35182.38,30.0,14.0,10325000.0,5963100.0,1055471.0,9.78,5.65,2025-09-01,2025-09-30,monthly,30,False,307.9,344166.67,35182.37,1.0,mallow,e45ca603a5601ec50adda51fdc2dc519,INKANO_Monthly_Ads_-_SHOPEE.csv
"InKano Sparrow - Sleeveless maxi dress dengan texture plisket berfuring warna putih gading, abu muda, pink, coklat [4]",Berjalan,Iklan Produk,8150225187,GMV Max ROAS,Semua Penempatan,10/07/2024 00:00:00,81748.0,2769.0,0.0339,47.0,26.0,0.017,0.009399999999999999,27488.75,50.0,27.0,11219070.0,6623400.0,1291971.0,8.68,5.13,2025-09-01,2025-09-30,monthly,30,False,466.58,224381.4,43065.7,1.667,sparrow,e5ffd976b348b9df6eb1322e46541ba2,INKANO_Monthly_Ads_-_SHOPEE.csv
InKano Spire Dress - Sleeveless dress korea wanita katun warna coklat dan hitam black,Berjalan,Iklan Produk,29640723036,GMV Max ROAS,Semua Penempatan,30/08/2025 00:00:00,80528.0,2590.0,0.0322,50.0,26.0,0.019299999999999998,0.01,28908.13,52.0,26.0,13314370.0,8514000.0,1445407.0,9.21,5.89,2025-09-01,2025-09-30,monthly,30,False,558.07,256045.58,48180.23,1.733,spire,933a14044da70558f9e75e8815678ea2,INKANO_Monthly_Ads_-_SHOPEE.csv
InKano Flow - Kemeja sleeveless wanita dengan bahan polyester linen dan relaxed fit,Berjalan,Iklan Produk,29362642841,GMV Max ROAS,Semua Penempatan,02/10/2024 00:00:00,79984.0,3059.0,0.0382,87.0,65.0,0.028399999999999998,0.0212,17087.74,99.0,76.0,15228550.0,11339100.0,1486634.0,10.24,7.63,2025-09-01,2025-09-30,monthly,30,False,485.99,153823.74,49554.47,3.3,flow,ab6ec5fddd421c063095d82acbcb51f7,INKANO_Monthly_Ads_-_SHOPEE.csv
InKano Sable - Linen outer wanita unfinished details and contrast stitching,Berjalan,Iklan Produk,41511942583,GMV Max ROAS,Semua Penempatan,08/08/2025 00:00:00,70697.0,2796.0,0.0395,49.0,23.0,0.0175,0.008199999999999999,31487.94,50.0,24.0,10873100.0,4836000.0,1542909.0,7.05,3.13,2025-09-01,2025-09-30,monthly,30,False,551.83,217462.0,51430.3,1.667,sable,86fb00f3687a247fd09fd2ae8eca268f,INKANO_Monthly_Ads_-_SHOPEE.csv
InKano Basic Tee - Kaos wanita full katun atasan wanita basic lengan pendek,Berjalan,Iklan Produk,26514706880,GMV Max ROAS,Semua Penempatan,22/10/2024 00:00:00,66952.0,2329.0,0.0348,89.0,73.0,0.0382,0.0313,11319.6,112.0,92.0,11595200.0,9108000.0,1007445.0,11.51,9.04,2025-09-01,2025-09-30,monthly,30,False,432.57,103528.57,33581.5,3.733,kaos,bc8227535cbf3b4a3cc8b39c261196ab,INKANO_Monthly_Ads_-_SHOPEE.csv
InKano Arbor - Outer wanita blazer wanita bahan soft suede,Berjalan,Iklan Produk,26439584864,GMV Max ROAS,Semua Penempatan,08/08/2025 00:00:00,65300.0,3373.0,0.051699999999999996,42.0,21.0,0.0125,0.0062,33337.96,43.0,21.0,11203800.0,6269000.0,1400194.0,8.0,4.48,2025-09-01,2025-09-30,monthly,30,False,415.12,260553.49,46673.13,1.433,arbor,b7b294fd234a3d615faaf227bc7d11d1,INKANO_Monthly_Ads_-_SHOPEE.csv
"InKano Seville - Sleeveless midi dress wanita bahan katun warna beige coklat muda, navy blue, pearl ivory, peanut coklat tua [6]",Berjalan,Iklan Produk,5418636273,GMV Max ROAS,Semua Penempatan,08/06/2024 00:00:00,64110.0,2183.0,0.0341,40.0,24.0,0.0183,0.011000000000000001,22714.53,43.0,26.0,8902600.0,5734000.0,908581.0,9.8,6.31,2025-09-01,2025-09-30,monthly,30,False,416.21,207037.21,30286.03,1.433,seville,8292c78e784a01840054c1c2be233a7a,INKANO_Monthly_Ads_-_SHOPEE.csv
"InKano Cycle Jacket - See through jacket texturized fabric jaket wanita dengan hoodie warna beige, dusty pink, coklat [6]",Berjalan,Iklan Produk,22619901508,GMV Max ROAS,Semua Penempatan,11/06/2024 00:00:00,62361.0,2699.0,0.0433,37.0,24.0,0.0137,0.0089,20797.31,37.0,24.0,8237400.0,4756100.0,769500.0,10.7,6.18,2025-09-01,2025-09-30,monthly,30,False,285.11,222632.43,25650.0,1.233,cycle,fedf3bbeac09b6e572c26b1cf43615f6,INKANO_Monthly_Ads_-_SHOPEE.csv
InKano Eyre Drawstring Dress - sleeveless dress wanita midi dress wanita dengan drawstring pinggang [4],Berjalan,Iklan Produk,25022052499,GMV Max ROAS,Semua Penempatan,11/07/2024 00:00:00,58811.0,2368.0,0.0403,30.0,21.0,0.0127,0.0089,26571.64,32.0,22.0,6793600.0,4662300.0,797149.0,8.52,5.85,2025-09-01,2025-09-30,monthly,30,False,336.63,212300.0,26571.63,1.067,eyre,1baf78cc5bcfa7a5803d8b1d3982b6ba,INKANO_Monthly_Ads_-_SHOPEE.csv
InKano Nash - Sleeveless atasan blouse wanita dengan neckline tinggi dan tekstur kain,Berjalan,Iklan Produk,40157398753,GMV Max ROAS,Semua Penempatan,07/07/2025 00:00:00,58600.0,2161.0,0.0369,73.0,41.0,0.0338,0.019,18724.83,79.0,44.0,11639050.0,5996000.0,1366913.0,8.51,4.39,2025-09-01,2025-09-30,monthly,30,False,632.54,147329.75,45563.77,2.633,nash,7e42a13284f1b22bbcb9c8e4380e53c0,INKANO_Monthly_Ads_-_SHOPEE.csv
InKano Rilys - Rok wanita rayon premium dengan details tier dan pinggang elastic,Berjalan,Iklan Produk,28738367414,GMV Max ROAS,Semua Penempatan,07/07/2025 00:00:00,58346.0,2643.0,0.0453,47.0,29.0,0.0178,0.011000000000000001,24177.81,48.0,30.0,10204250.0,6788100.0,1136357.0,8.98,5.97,2025-09-01,2025-09-30,monthly,30,False,429.95,212588.54,37878.57,1.6,rilys,2dc0e085f43f710b6aedeeec2fe34d84,INKANO_Monthly_Ads_-_SHOPEE.csv
InKano Barrel Pants - Celana panjang wanita dengan cutting barrel dan bahan katun,Berjalan,Iklan Produk,27738375792,GMV Max ROAS,Semua Penempatan,07/07/2025 00:00:00,56066.0,2991.0,0.0533,53.0,38.0,0.0177,0.0127,21509.43,56.0,40.0,13779000.0,10900300.0,1140000.0,12.09,9.56,2025-09-01,2025-09-30,monthly,30,False,381.14,246053.57,38000.0,1.867,barrel,5a9309ebcf7cd9f864b92d1d74e82227,INKANO_Monthly_Ads_-_SHOPEE.csv
InKano Echo - Celana pendek parasut wanita full pinggang karet,Berjalan,Iklan Produk,27703225497,GMV Max ROAS,Semua Penempatan,24/06/2024 00:00:00,55030.0,2006.0,0.0365,43.0,19.0,0.021400000000000002,0.0095,23998.01,45.0,20.0,8668900.0,3380000.0,1031915.0,8.4,3.28,2025-09-01,2025-09-30,monthly,30,False,514.41,192642.22,34397.17,1.5,echo,cbb813a5d1409405971ee1bc933cc39b,INKANO_Monthly_Ads_-_SHOPEE.csv
InKano Carra Pleated Dress - Sleeveless dress wanita midi dress plisket wanita [4],Berjalan,Iklan Produk,24325590048,GMV Max ROAS,Semua Penempatan,08/06/2024 00:00:00,54464.0,2169.0,0.0398,28.0,11.0,0.0129,0.0051,40064.06,36.0,12.0,10314000.0,3588000.0,1121794.0,9.19,3.2,2025-09-01,2025-09-30,monthly,30,False,517.19,286500.0,37393.13,1.2,carra,f9cf239c9888533e8e55c474b809ca43,INKANO_Monthly_Ads_-_SHOPEE.csv
InKano Ripple - Rok plisket wanita flowy pinggang karet [2],Berjalan,Iklan Produk,25439467291,GMV Max ROAS,Semua Penempatan,16/12/2024 00:00:00,54011.0,1947.0,0.036000000000000004,32.0,16.0,0.016399999999999998,0.008199999999999999,30743.75,34.0,17.0,9634300.0,6135300.0,983800.0,9.79,6.24,2025-09-01,2025-09-30,monthly,30,False,505.29,283361.76,32793.33,1.133,ripple,365edf6c04036fb39d4018e5bde50625,INKANO_Monthly_Ads_-_SHOPEE.csv
"InKano Waves - Midi dress bahan katun warna Putih (berfuring), Beige, Biru tua, Coklat tua, Hitam [5]",Berjalan,Iklan Produk,3537453641,GMV Max ROAS,Semua Penempatan,19/03/2025 00:00:00,53255.0,1632.0,0.030600000000000002,35.0,19.0,0.021400000000000002,0.0116,20467.25,36.0,20.0,7409700.0,4100000.0,716354.0,10.34,5.72,2025-09-01,2025-09-30,monthly,30,False,438.94,205825.0,23878.47,1.2,waves,d2fca747448ac1105cc2600be3c7d0bb,INKANO_Monthly_Ads_-_SHOPEE.csv
InKano Elmore - Basic cardigan wanita rajut full kancing dengan bahan viscose yang lembut dan halus,Berjalan,Iklan Produk,24046286517,GMV Max ROAS,Semua Penempatan,08/08/2025 00:00:00,50832.0,2454.0,0.0483,27.0,11.0,0.011000000000000001,0.0045000000000000005,35357.15,27.0,11.0,7106200.0,3179000.0,954643.0,7.44,3.33,2025-09-01,2025-09-30,monthly,30,False,389.02,263192.59,31821.43,0.9,elmore,7d2c9d4711605ff261ff2b4b3dc168ac,INKANO_Monthly_Ads_-_SHOPEE.csv
InKano Saffron - Rok Midi A Line wanita bahan katun dengan pinggang karet dan kantong samping,Berjalan,Iklan Produk,29638461726,GMV Max ROAS,Semua Penempatan,08/07/2025 00:00:00,50170.0,1914.0,0.0382,43.0,17.0,0.0225,0.0089,29234.85,46.0,18.0,11565400.0,5292000.0,1257098.0,9.2,4.21,2025-09-01,2025-09-30,monthly,30,False,656.79,251421.74,41903.27,1.533,saffron,fa45a1906869b8dbc90bb3a2a8a5b815,INKANO_Monthly_Ads_-_SHOPEE.csv
"InKano Dill - Outerwear daily wanita bahan rayon texture crinkle warna muted pink mauve, hijau sage, coklat coffee [6]",Berjalan,Iklan Produk,16770157482,GMV Max ROAS,Semua Penempatan,09/06/2024 00:00:00,49837.0,2759.0,0.0554,52.0,19.0,0.018799999999999997,0.0069,15435.47,56.0,19.0,8815870.0,3329400.0,802644.0,10.98,4.15,2025-09-01,2025-09-30,monthly,30,False,290.92,157426.25,26754.8,1.867,dill,b00dbec9cfdd8b9fcb307ff126c4dfe9,INKANO_Monthly_Ads_-_SHOPEE.csv
InKano Acker  - Atasan wanita dengan bahan soft rib rajut dan contrasting fabric,Berjalan,Iklan Produk,42561854974,GMV Max ROAS,Semua Penempatan,08/08/2025 00:00:00,49596.0,1843.0,0.037200000000000004,35.0,19.0,0.019,0.0103,27287.14,37.0,20.0,6880950.0,3950000.0,955050.0,7.2,4.14,2025-09-01,2025-09-30,monthly,30,False,518.2,185971.62,31835.0,1.233,acker,e111884885fb7e5669e85c95d54e2bd7,INKANO_Monthly_Ads_-_SHOPEE.csv
InKano Gale - Rok satin wanita warna bw creme dan hitam,Berjalan,Iklan Produk,28364865828,GMV Max ROAS,Semua Penempatan,24/10/2024 00:00:00,47737.0,2562.0,0.0537,46.0,20.0,0.018000000000000002,0.0078000000000000005,21136.61,48.0,20.0,8368550.0,3752200.0,972284.0,8.61,3.86,2025-09-01,2025-09-30,monthly,30,False,379.5,174344.79,32409.47,1.6,gale,b7593ff422c357ce82f4ed5e0616dc0f,INKANO_Monthly_Ads_-_SHOPEE.csv
"InKano Pane Jacket - jaket wanita tipis dengan serat kain bertekstur, kancing depan, dan kantong [4]",Berjalan,Iklan Produk,25450648574,GMV Max ROAS,Semua Penempatan,17/06/2024 00:00:00,47434.0,2402.0,0.0506,40.0,16.0,0.0167,0.0067,25569.83,43.0,17.0,8723050.0,3638000.0,1022793.0,8.53,3.56,2025-09-01,2025-09-30,monthly,30,False,425.81,202861.63,34093.1,1.433,pane,806654b747a39694c6d2f44b8ccea718,INKANO_Monthly_Ads_-_SHOPEE.csv
InKano Linnea - Atasan wanita lengan panjang bahan soft rib rajut,Berjalan,Iklan Produk,41811937665,GMV Max ROAS,Semua Penempatan,08/08/2025 00:00:00,47404.0,2342.0,0.049400000000000006,36.0,15.0,0.0154,0.0064,22854.79,36.0,15.0,5792050.0,2195000.0,822772.0,7.04,2.67,2025-09-01,2025-09-30,monthly,30,False,351.31,160890.28,27425.73,1.2,linnea,fa5d3fb6cfb53ce239d05e1a52125744,INKANO_Monthly_Ads_-_SHOPEE.csv
"InKano Gianna - Dress rayon dengan details ikat warna hitam, coklat muda, hijau olive dan soft pink [5]",Berjalan,Iklan Produk,4520695814,GMV Max ROAS,Semua Penempatan,08/06/2024 00:00:00,47380.0,1266.0,0.026699999999999998,21.0,15.0,0.0166,0.0118,22826.95,21.0,15.0,4633300.0,3435000.0,479366.0,9.67,7.17,2025-09-01,2025-09-30,monthly,30,False,378.65,220633.33,15978.87,0.7,gianna,8b36d8cf8bf420825089c2aae1454be1,INKANO_Monthly_Ads_-_SHOPEE.csv
"InKano River - Sleeveless maxi cotton knit dress / Dress rajut katun panjang warna beige coklat susu, cloud grey abu muda, stone, asphalt abu tua [5]",Berjalan,Iklan Produk,9066211366,GMV Max ROAS,Semua Penempatan,18/07/2024 00:00:00,42776.0,1629.0,0.0381,29.0,16.0,0.0178,0.0098,25726.88,29.0,16.0,7706500.0,4464000.0,746080.0,10.33,5.98,2025-09-01,2025-09-30,monthly,30,False,458.0,265741.38,24869.33,0.967,river,42334be873594e32c7a8c9f5b5d9bbc9,INKANO_Monthly_Ads_-_SHOPEE.csv
InKano Fleur - Kemeja sleeveless wanita dengan details flare di pinggang,Berjalan,Iklan Produk,42957848178,GMV Max ROAS,Semua Penempatan,09/07/2025 00:00:00,42073.0,1601.0,0.0381,43.0,23.0,0.0269,0.0144,17630.5,47.0,25.0,9109400.0,4565000.0,758112.0,12.02,6.02,2025-09-01,2025-09-30,monthly,30,False,473.52,193817.02,25270.4,1.567,fleur,d6bb84d5506a3b5ee6d153f0a3c412cf,INKANO_Monthly_Ads_-_SHOPEE.csv
InKano Alpine - Celana denim wanita relaxed fit dengan elastic di bagian belakang,Berjalan,Iklan Produk,29777681282,GMV Max ROAS,Semua Penempatan,01/03/2025 00:00:00,41645.0,1361.0,0.0327,49.0,8.0,0.036000000000000004,0.0059,18067.53,50.0,8.0,8854060.0,2836100.0,885309.0,10.0,3.2,2025-09-01,2025-09-30,monthly,30,False,650.48,177081.2,29510.3,1.667,alpine,f325296a0c1f97a67bbf56cb2dc53d2c,INKANO_Monthly_Ads_-_SHOPEE.csv
InKano Skylet - Sleeveless dress wanita minimalist maxi dress wanita dengan details crinkle texture dan straight cut,Berjalan,Iklan Produk,27176054532,GMV Max ROAS,Semua Penempatan,15/02/2025 00:00:00,40786.0,1764.0,0.0433,51.0,18.0,0.028900000000000002,0.0102,16241.39,52.0,18.0,8804200.0,4062000.0,828311.0,10.63,4.9,2025-09-01,2025-09-30,monthly,30,False,469.56,169311.54,27610.37,1.733,skylet,b800756c0412338d5e25d8f83b190752,INKANO_Monthly_Ads_-_SHOPEE.csv
InKano Willow - Sleeveless dress satin wanita dengan details floral dress semi formal wanita untuk occasion [2],Berjalan,Iklan Produk,27970724615,GMV Max ROAS,Semua Penempatan,16/12/2024 00:00:00,40353.0,1297.0,0.0321,21.0,6.0,0.016200000000000003,0.0046,32067.14,21.0,6.0,5906450.0,2114000.0,673410.0,8.77,3.14,2025-09-01,2025-09-30,monthly,30,False,519.21,281259.52,22447.0,0.7,willow,8c005b72d755bdbb47d629d6a5e46efe,INKANO_Monthly_Ads_-_SHOPEE.csv
InKano Acacia - Outerwear wanita dengan details bordir dan kain bertekstur linen,Berjalan,Iklan Produk,24593052285,GMV Max ROAS,Semua Penempatan,14/04/2025 00:00:00,39383.0,1553.0,0.0394,25.0,5.0,0.0161,0.0032,24673.74,25.0,5.0,6126550.0,1325000.0,616843.0,9.93,2.15,2025-09-01,2025-09-30,monthly,30,False,397.19,245062.0,20561.43,0.833,acacia,a40889da7982441184f1ad825f384300,INKANO_Monthly_Ads_-_SHOPEE.csv
InKano Tessera - Kemeja rajut lengan panjang dengan details tekstur untuk atasan maupun outerwear,Berjalan,Iklan Produk,27612634424,GMV Max ROAS,Semua Penempatan,02/10/2024 00:00:00,39320.0,1457.0,0.0371,26.0,10.0,0.0178,0.0069,20176.69,26.0,10.0,6675150.0,3590000.0,524594.0,12.72,6.84,2025-09-01,2025-09-30,monthly,30,False,360.05,256736.54,17486.47,0.867,tessera,c2a2f9e3ce725f27af3ab8a913a3137e,INKANO_Monthly_Ads_-_SHOPEE.csv
"InKano Ravine - Sleveless dress wanita ironless crinkle fabric, midi inner dress wanita",Berjalan,Iklan Produk,25532425535,GMV Max ROAS,Semua Penempatan,24/06/2024 00:00:00,38900.0,1351.0,0.0347,31.0,17.0,0.0229,0.0126,23838.44,36.0,22.0,6614850.0,3982200.0,738992.0,8.95,5.39,2025-09-01,2025-09-30,monthly,30,False,547.0,183745.83,24633.07,1.2,ravine,514d6acfe14d74803a0f5164dd0eca3e,INKANO_Monthly_Ads_-_SHOPEE.csv
"InKano Paige - Kemeja rayon wanita full kancing warna putih, coklat muda, hitam, olive, hijau sage, biru tua, biru muda [4]",Berjalan,Iklan Produk,4216455466,GMV Max ROAS,Semua Penempatan,08/06/2024 00:00:00,38631.0,1220.0,0.0316,44.0,21.0,0.0361,0.0172,20444.42,49.0,24.0,7163750.0,3816000.0,899554.0,7.96,4.24,2025-09-01,2025-09-30,monthly,30,False,737.34,146198.98,29985.13,1.633,paige,5bc00ff2cf8b081f4e6ff916d14a43d1,INKANO_Monthly_Ads_-_SHOPEE.csv
InKano Thyme - Atasan rajut wanita dengan floral details untuk layering,Berjalan,Iklan Produk,40651650756,GMV Max ROAS,Semua Penempatan,21/05/2025 00:00:00,38286.0,1227.0,0.032,23.0,7.0,0.0187,0.005699999999999999,32737.93,23.0,7.0,6149050.0,2513000.0,752972.0,8.17,3.34,2025-09-01,2025-09-30,monthly,30,False,613.67,267350.0,25099.07,0.767,thyme,7c61f8054163c008cea8ce5bbf2678ce,INKANO_Monthly_Ads_-_SHOPEE.csv
InKano Fressia - Sleeveless atasan wanita dengan details applikasi floral.,Berjalan,Iklan Produk,26778177709,GMV Max ROAS,Semua Penempatan,04/03/2025 00:00:00,35646.0,1738.0,0.048799999999999996,36.0,21.0,0.0207,0.0121,19255.78,37.0,21.0,7143900.0,4809000.0,693208.0,10.31,6.94,2025-09-01,2025-09-30,monthly,30,False,398.85,193078.38,23106.93,1.233,fressia,2f659131109332df728f1916e2342141,INKANO_Monthly_Ads_-_SHOPEE.csv
"InKano Terrain Skirt - Rok wanita plisket dengan resliting belakang warna dusty pink, dark grey, dan hitam black [4]",Berjalan,Iklan Produk,19176939583,GMV Max ROAS,Semua Penempatan,08/06/2024 00:00:00,35152.0,1339.0,0.0381,25.0,19.0,0.0187,0.014199999999999999,23726.72,25.0,19.0,6945000.0,5491000.0,593168.0,11.71,9.26,2025-09-01,2025-09-30,monthly,30,False,442.99,277800.0,19772.27,0.833,terrain,ebf01de3832d48d24b652186c96b49a0,INKANO_Monthly_Ads_-_SHOPEE.csv
InKano Tether - Rok midi wanita dengan serat bahan tencel rok kerja wanita casual,Berjalan,Iklan Produk,29220727488,GMV Max ROAS,Semua Penempatan,16/12/2024 00:00:00,35066.0,1353.0,0.038599999999999995,42.0,23.0,0.031,0.017,18617.51,44.0,24.0,11140600.0,7416100.0,781935.0,14.25,9.48,2025-09-01,2025-09-30,monthly,30,False,577.93,253195.45,26064.5,1.467,tether,20436cfeba6ff8165377dc94a676d591,INKANO_Monthly_Ads_-_SHOPEE.csv
InKano Call Dress - Mini dress wanita sleeveless dress with texturized fabric [4],Berjalan,Iklan Produk,21495899405,GMV Max ROAS,Semua Penempatan,17/06/2024 00:00:00,34850.0,1074.0,0.0308,23.0,13.0,0.021400000000000002,0.0121,24784.21,23.0,13.0,4946400.0,3201100.0,570037.0,8.68,5.62,2025-09-01,2025-09-30,monthly,30,False,530.76,215060.87,19001.23,0.767,call,91674f93ec5678704a7a07f565cfed74,INKANO_Monthly_Ads_-_SHOPEE.csv
InKano Palmer - Celana pendek wanita,Berjalan,Iklan Produk,43161943121,GMV Max ROAS,Semua Penempatan,08/08/2025 00:00:00,34394.0,1597.0,0.0464,29.0,23.0,0.0182,0.0144,27148.22,33.0,26.0,6077200.0,5264000.0,787298.0,7.72,6.69,2025-09-01,2025-09-30,monthly,30,False,492.99,184157.58,26243.27,1.1,palmer,8b0d2547707f69ec89759d4e17e92ca3,INKANO_Monthly_Ads_-_SHOPEE.csv
InKano Solin - Atasan wanita dengan details plisket crinkled fabric,Berjalan,Iklan Produk,40611870614,GMV Max ROAS,Semua Penempatan,08/08/2025 00:00:00,34302.0,1124.0,0.032799999999999996,21.0,10.0,0.0187,0.0089,33421.31,22.0,10.0,4625200.0,2270000.0,701847.0,6.59,3.23,2025-09-01,2025-09-30,monthly,30,False,624.42,210236.36,23394.9,0.733,solin,26b619e538eaa44ed9b9ff5429dad66f,INKANO_Monthly_Ads_-_SHOPEE.csv
"InKano Crest - Pleated dress wanita sleeveless, dress wanita plisket tanpa lengan",Berjalan,Iklan Produk,24238660941,GMV Max ROAS,Semua Penempatan,25/11/2024 00:00:00,33511.0,1170.0,0.0349,26.0,10.0,0.0222,0.0085,21136.68,27.0,10.0,7336500.0,3390000.0,549554.0,13.35,6.17,2025-09-01,2025-09-30,monthly,30,False,469.7,271722.22,18318.47,0.9,crest,cca92f855b4c9ae0bf3d0440e50fff73,INKANO_Monthly_Ads_-_SHOPEE.csv
Inkano Linden - Celana wanita relaxed celana bahan wanita untuk kantor dan casual,Berjalan,Iklan Produk,29112632697,GMV Max ROAS,Semua Penempatan,02/10/2024 00:00:00,32883.0,1249.0,0.038,24.0,12.0,0.0192,0.0096,22494.02,25.0,12.0,4606000.0,2457100.0,539857.0,8.53,4.55,2025-09-01,2025-09-30,monthly,30,False,432.23,184240.0,17995.23,0.833,linden,b8258039e7b4bd464cf7ac950a43c141,INKANO_Monthly_Ads_-_SHOPEE.csv
"InKano Slate Skirt - Rok wanita plisket dengan pinggang karet warna coklat, abu, dan hitam black [4]",Berjalan,Iklan Produk,23772418038,GMV Max ROAS,Semua Penempatan,08/06/2024 00:00:00,32160.0,1096.0,0.0341,24.0,17.0,0.0219,0.0155,25533.24,25.0,17.0,6376000.0,4573000.0,612798.0,10.4,7.46,2025-09-01,2025-09-30,monthly,30,False,559.12,255040.0,20426.6,0.833,slate,c19bb5e26da8da4c06c4bf1c041c6ab0,INKANO_Monthly_Ads_-_SHOPEE.csv
InKano Faye -  Sleeveless midi dress wanita 100% katun dengan details ikat,Berjalan,Iklan Produk,28884663826,GMV Max ROAS,Semua Penempatan,24/04/2025 00:00:00,31741.0,1209.0,0.0381,29.0,9.0,0.024,0.0074,19499.62,29.0,9.0,7144320.0,2781000.0,565489.0,12.63,4.92,2025-09-01,2025-09-30,monthly,30,False,467.73,246355.86,18849.63,0.967,faye,f11f66add782fccb9c13fdfaa184b97d,INKANO_Monthly_Ads_-_SHOPEE.csv
"InKano Float - 2 ways blouse wanita sleeveless bahan crinkle reversible square and v neck warna coklat,biru abu,biru tua muda [5]",Berjalan,Iklan Produk,18804681664,GMV Max ROAS,Semua Penempatan,09/06/2024 00:00:00,30728.0,1153.0,0.0375,31.0,14.0,0.0269,0.0121,15916.94,31.0,14.0,4529900.0,1806000.0,493425.0,9.18,3.66,2025-09-01,2025-09-30,monthly,30,False,427.95,146125.81,16447.5,1.033,float,98f1090afde643f023c8b7b889551db7,INKANO_Monthly_Ads_-_SHOPEE.csv
InKano Soleil - Rok wanita dengan pinggang karet dan details kerut,Berjalan,Iklan Produk,25641348214,GMV Max ROAS,Semua Penempatan,15/02/2025 00:00:00,29177.0,1403.0,0.0481,20.0,9.0,0.0143,0.0064,23444.6,20.0,9.0,4645500.0,2281000.0,468892.0,9.91,4.86,2025-09-01,2025-09-30,monthly,30,False,334.21,232275.0,15629.73,0.667,soleil,2e2337a8054cf1cc3386bf6caf568298,INKANO_Monthly_Ads_-_SHOPEE.csv
"InKano Basic Shirt - Kemeja basic rayon full kancing warna putih, hitam dan biru navy [4]",Berjalan,Iklan Produk,4654707139,GMV Max ROAS,Semua Penempatan,11/06/2024 00:00:00,28748.0,1195.0,0.0416,24.0,13.0,0.020099999999999996,0.0109,16844.38,27.0,15.0,4141220.0,2535000.0,404265.0,10.24,6.27,2025-09-01,2025-09-30,monthly,30,False,338.3,153378.52,13475.5,0.9,shirt,66fb04b4dbf76a00d7594327a7beb62c,INKANO_Monthly_Ads_-_SHOPEE.csv
InKano Caise Skirt - Rok midi wanita straight midi slim skirt warna abu dan hitam [4],Berjalan,Iklan Produk,22959279323,GMV Max ROAS,Semua Penempatan,09/06/2024 00:00:00,26880.0,1007.0,0.0375,30.0,24.0,0.0298,0.023799999999999998,12348.93,31.0,25.0,5027800.0,3927300.0,370468.0,13.57,10.6,2025-09-01,2025-09-30,monthly,30,False,367.89,162187.1,12348.93,1.033,caise,d9a597c6e386bf7b79ea07dd8777f0e5,INKANO_Monthly_Ads_-_SHOPEE.csv
"InKano Hill - Celana panjang rayon wanita dengan kantong dan pinggang karet warna sand coklat susu, hitam, muted blush soft pink, dusty blue, space blue indigo, marsala brick, hijau olive [6]",Berjalan,Iklan Produk,4846833586,GMV Max ROAS,Semua Penempatan,08/02/2025 00:00:00,22299.0,1050.0,0.0471,31.0,19.0,0.029500000000000002,0.0181,19776.74,33.0,20.0,6279100.0,4380000.0,613079.0,10.24,7.14,2025-09-01,2025-09-30,monthly,30,False,583.88,190275.76,20435.97,1.1,hill,0428e71501150fd9daf783c150e06e2e,INKANO_Monthly_Ads_-_SHOPEE.csv
InKano Neva Tee - Kaos wanita 100% cotton crewneck tee dengan contrastic fabric,Berjalan,Iklan Produk,42817883477,GMV Max ROAS,Semua Penempatan,10/09/2025 00:00:00,21266.0,1111.0,0.052199999999999996,26.0,19.0,0.023399999999999997,0.0171,15837.63,27.0,20.0,3510300.0,2200000.0,411778.0,8.52,5.34,2025-09-01,2025-09-30,monthly,30,False,370.64,130011.11,13725.93,0.9,neva,9ffe23ff24f7cc5e2e9cd0fd0475fe88,INKANO_Monthly_Ads_-_SHOPEE.csv
InKano Nile - Cardigan rajut wanita dengan details floral pattern,Berjalan,Iklan Produk,42867887324,GMV Max ROAS,Semua Penempatan,09/09/2025 00:00:00,20949.0,860.0,0.041100000000000005,14.0,4.0,0.0163,0.004699999999999999,36430.61,14.0,4.0,3558700.0,1476000.0,510029.0,6.98,2.89,2025-09-01,2025-09-30,monthly,30,False,593.06,254192.86,17000.97,0.467,nile,20496e22decd8233239661921a307591,INKANO_Monthly_Ads_-_SHOPEE.csv
InKano Woodly - Set rajut wanita inner tanktop dan outer lengan panjang,Berjalan,Iklan Produk,42367841989,GMV Max ROAS,Semua Penempatan,09/09/2025 00:00:00,20432.0,645.0,0.0316,12.0,4.0,0.018600000000000002,0.0062,34809.81,12.0,4.0,2919600.0,1226000.0,417718.0,6.99,2.93,2025-09-01,2025-09-30,monthly,30,False,647.62,243300.0,13923.93,0.4,woodly,e40fc1ccf823d3149c2a9ab276dc1fba,INKANO_Monthly_Ads_-_SHOPEE.csv
InKano Hearth - Minimalist sleeveless dress wanita dengan details drape dan natural tone,Berjalan,Iklan Produk,29128168295,GMV Max ROAS,Semua Penempatan,04/03/2025 00:00:00,20323.0,979.0,0.0482,15.0,9.0,0.015300000000000001,0.0092,23351.91,15.0,9.0,3511700.0,2141000.0,350279.0,10.03,6.11,2025-09-01,2025-09-30,monthly,30,False,357.79,234113.33,11675.97,0.5,hearth,5e722cdc4a5c2b83635e377aa8a457ac,INKANO_Monthly_Ads_-_SHOPEE.csv
InKano Hawthorn - Atasan rajut knitwear wanita dengan details zipper dan tekstur,Berjalan,Iklan Produk,43807397639,GMV Max ROAS,Semua Penempatan,07/07/2025 00:00:00,19906.0,837.0,0.042,25.0,5.0,0.029900000000000003,0.006,27612.07,26.0,5.0,6931700.0,1995000.0,690302.0,10.04,2.89,2025-09-01,2025-09-30,monthly,30,False,824.73,266603.85,23010.07,0.867,hawthorn,c4ab21fd2a20d52ab4eaf715798d3c56,INKANO_Monthly_Ads_-_SHOPEE.csv
InKano Tharra - Atasan sleeveless wanita katun dengan details bordir bunga,Berjalan,Iklan Produk,42817778717,GMV Max ROAS,Semua Penempatan,09/09/2025 00:00:00,17877.0,620.0,0.0347,17.0,10.0,0.0274,0.0161,31184.27,17.0,10.0,3833000.0,2030000.0,530133.0,7.23,3.83,2025-09-01,2025-09-30,monthly,30,False,855.05,225470.59,17671.1,0.567,tharra,cce55e739a65574087ad82fab7d052d0,INKANO_Monthly_Ads_-_SHOPEE.csv
InKano Peony - Atasan peplum rajut wanita dengan kancing depan,Berjalan,Iklan Produk,43711849136,GMV Max ROAS,Semua Penempatan,08/08/2025 00:00:00,17491.0,604.0,0.0345,15.0,5.0,0.0248,0.0083,31161.77,15.0,5.0,3828720.0,2145000.0,467426.0,8.19,4.59,2025-09-01,2025-09-30,monthly,30,False,773.88,255248.0,15580.87,0.5,peony,eef53f63a32ff4bafac81615a35a1667,INKANO_Monthly_Ads_-_SHOPEE.csv
"InKano Bree - Sleeveless midi dress rayon warna putih, coklat beige, hijau olive, hijau sage, hitam [4]",Berjalan,Iklan Produk,6316156674,GMV Max ROAS,Semua Penempatan,22/09/2025 00:00:00,17307.0,700.0,0.0404,11.0,9.0,0.015700000000000002,0.0129,21873.09,17.0,15.0,4145500.0,3955200.0,240604.0,17.23,16.44,2025-09-01,2025-09-30,monthly,30,False,343.72,243852.94,8020.13,0.567,bree,6b856cb4f8b189be77b59b2d180cccc3,INKANO_Monthly_Ads_-_SHOPEE.csv
InKano Fray - Celana wanita high waist relaxed fit,Berjalan,Iklan Produk,24991420380,GMV Max ROAS,Semua Penempatan,15/02/2025 00:00:00,16636.0,748.0,0.045,22.0,6.0,0.0294,0.008,15738.51,23.0,6.0,3464700.0,1154000.0,346247.0,10.01,3.33,2025-09-01,2025-09-30,monthly,30,False,462.9,150639.13,11541.57,0.767,fray,a1fc34f5f695d015fb3b684eccb1383e,INKANO_Monthly_Ads_-_SHOPEE.csv
InKano Elwood - Semi sheer top outerwear wanita bahan katun voal,Berjalan,Iklan Produk,40817846796,GMV Max ROAS,Semua Penempatan,09/09/2025 00:00:00,14650.0,601.0,0.040999999999999995,9.0,3.0,0.015,0.005,23157.14,9.0,3.0,2040700.0,597000.0,208414.0,9.79,2.86,2025-09-01,2025-09-30,monthly,30,False,346.78,226744.44,6947.13,0.3,elwood,7ddaef5405062f9f013c91fcab212902,INKANO_Monthly_Ads_-_SHOPEE.csv
InKano Clove - Outer wanita rajut dengan details floral pattern lengan panjang,Berjalan,Iklan Produk,40017876563,GMV Max ROAS,Semua Penempatan,09/09/2025 00:00:00,13351.0,373.0,0.0279,9.0,4.0,0.0241,0.010700000000000001,32637.08,9.0,4.0,2765400.0,1436000.0,293734.0,9.41,4.89,2025-09-01,2025-09-30,monthly,30,False,787.49,307266.67,9791.13,0.3,clove,a2b98fee12056335f3d062cdfc41cf10,INKANO_Monthly_Ads_-_SHOPEE.csv
"InKano Roue Tanktop & Roue Line - Tanktop rajut wanita knit crop top wanita basic warna putih, mauve, grey, hitam [6]",Berjalan,Iklan Produk,25256768865,GMV Max ROAS,Semua Penempatan,03/06/2025 00:00:00,10603.0,440.0,0.0415,12.0,9.0,0.0273,0.020499999999999997,13569.98,15.0,10.0,2255000.0,1710000.0,162840.0,13.85,10.5,2025-09-01,2025-09-30,monthly,30,False,370.09,150333.33,5428.0,0.5,roue,db7296a3c3605c3acd7cbd068c29d3b6,INKANO_Monthly_Ads_-_SHOPEE.csv
InKano Orrin Skirt - Rok wanita dengan contrasting stitch details,Berjalan,Iklan Produk,43817851260,GMV Max ROAS,Semua Penempatan,09/09/2025 00:00:00,10345.0,278.0,0.0269,10.0,2.0,0.036000000000000004,0.0072,18812.51,10.0,2.0,1789700.0,728000.0,188125.0,9.51,3.87,2025-09-01,2025-09-30,monthly,30,False,676.71,178970.0,6270.83,0.333,orrin,0d54ec5ee77f4f52bda2d43e9738c284,INKANO_Monthly_Ads_-_SHOPEE.csv
"InKano Cypress - Relaxed-fit blazer with oversized silhouette, blazer wanita oversize untuk acara casual.",Berjalan,Iklan Produk,29668467985,GMV Max ROAS,Semua Penempatan,25/11/2024 00:00:00,8358.0,458.0,0.0548,6.0,5.0,0.0131,0.0109,21618.46,6.0,5.0,1724000.0,1495000.0,129711.0,13.29,11.53,2025-09-01,2025-09-30,monthly,30,False,283.21,287333.33,4323.7,0.2,cypress,d62ed5059e60c22f663348dda8efe99f,INKANO_Monthly_Ads_-_SHOPEE.csv
InKano Haze - Atasan rajut basic wanita dengan bahan full katun inner basic wanita lengan panjang,Berjalan,Iklan Produk,42370553268,GMV Max ROAS,Semua Penempatan,22/09/2025 00:00:00,4048.0,133.0,0.0329,2.0,2.0,0.015,0.015,44921.09,2.0,2.0,488000.0,488000.0,89842.0,5.43,5.43,2025-09-01,2025-09-30,monthly,30,False,675.5,244000.0,2994.73,0.067,haze,feb168c42e9383fcc2e373a807a4493c,INKANO_Monthly_Ads_-_SHOPEE.csv
InKano Cirrus - Dress wanita sleeveless midi dress wanita dengan details rok balloon,Berjalan,Iklan Produk,26391942529,GMV Max ROAS,Semua Penempatan,22/09/2025 00:00:00,3064.0,49.0,0.016,0.0,0.0,0.0,0.0,0.0,0.0,0.0,0.0,0.0,25536.0,0.0,0.0,2025-09-01,2025-09-30,monthly,30,False,521.14,,851.2,,cirrus,4b2ff47c72f146b7629f46c851fc59e6,INKANO_Monthly_Ads_-_SHOPEE.csv
InKano Clive - Celana wanita kantor dengan details pleated,Berjalan,Iklan Produk,41470907573,GMV Max ROAS,Semua Penempatan,25/09/2025 00:00:00,1555.0,96.0,0.0617,6.0,1.0,0.0625,0.0104,23317.89,6.0,1.0,1674000.0,249000.0,139907.0,11.97,1.78,2025-09-01,2025-09-30,monthly,30,False,1457.36,279000.0,4663.57,0.2,clive,7909fcd3596b54fcc670b93ca9fd652c,INKANO_Monthly_Ads_-_SHOPEE.csv
InKano Fable - Kemeja katun wanita shirtdress dengan kancing full depan warna hitam dan abu [4],Dijeda,Iklan Produk,9449724340,GMV Max ROAS,Semua Penempatan,09/06/2024 00:00:00,61810.0,2385.0,0.038599999999999995,50.0,27.0,0.021,0.0113,26188.33,51.0,28.0,11558800.0,7532000.0,1309417.0,8.83,5.75,2025-09-01,2025-09-30,monthly,30,False,549.02,226643.14,43647.23,1.7,fable,9c535bf8171c27d578e00f9f572c7ced,INKANO_Monthly_Ads_-_SHOPEE.csv
InKano Eiro - Rok wanita dengan pinggang karet dan details plisket crinkled fabric,Dijeda,Iklan Produk,29389584649,GMV Max ROAS,Semua Penempatan,08/08/2025 00:00:00,44295.0,1831.0,0.041299999999999996,27.0,11.0,0.0147,0.006,38036.64,29.0,12.0,6525500.0,3558000.0,1026989.0,6.35,3.46,2025-09-01,2025-09-30,monthly,30,False,560.89,225017.24,34232.97,0.967,eiro,f7a81a6a3f10b8107e482d23dbd6894d,INKANO_Monthly_Ads_-_SHOPEE.csv
InKano Spire Plum - Dress wanita sleeveless dengan details rok balon,Dijeda,Iklan Produk,25640328984,GMV Max ROAS,Semua Penempatan,11/01/2025 00:00:00,26434.0,1093.0,0.041299999999999996,14.0,4.0,0.0128,0.0037,30561.31,16.0,4.0,4024000.0,1206000.0,427858.0,9.4,2.82,2025-09-01,2025-09-30,monthly,30,False,391.45,251500.0,14261.93,0.533,spire,11fadddec6d30cc0f91c9300671083e3,INKANO_Monthly_Ads_-_SHOPEE.csv
InKano Fall Trousers - Celana panjang wanita full karet kulow wanita dengan teksur garis warna putih bw abu dan hitam [4],Dijeda,Iklan Produk,21695149050,GMV Max ROAS,Semua Penempatan,10/07/2024 00:00:00,23442.0,1093.0,0.0466,25.0,15.0,0.0229,0.0137,19636.29,26.0,16.0,4375920.0,3024000.0,490907.0,8.91,6.16,2025-09-01,2025-09-30,monthly,30,False,449.14,168304.62,16363.57,0.867,fall,976f6cc4c35110a50ff718f460df96b7,INKANO_Monthly_Ads_-_SHOPEE.csv
InKano Adair - Kemeja wanita oversized dengan contast stitching details,Dijeda,Iklan Produk,43607402621,GMV Max ROAS,Semua Penempatan,07/07/2025 00:00:00,21671.0,1218.0,0.0562,9.0,1.0,0.0074,0.0008,36961.64,9.0,1.0,2026800.0,269000.0,332655.0,6.09,0.81,2025-09-01,2025-09-30,monthly,30,False,273.12,225200.0,11088.5,0.3,adair,dd0ed30683ddac4ba4aab71ed28c6082,INKANO_Monthly_Ads_-_SHOPEE.csv
"InKano Fig Skirt - Rok wanita structured flare skirt warna offwhite, coksu, hitam [7]",Dijeda,Iklan Produk,22444569998,GMV Max ROAS,Semua Penempatan,08/06/2024 00:00:00,20608.0,639.0,0.031,5.0,0.0,0.0078000000000000005,0.0,31970.35,5.0,0.0,985800.0,0.0,159852.0,6.17,0.0,2025-09-01,2025-09-30,monthly,30,False,250.16,197160.0,5328.4,0.167,fig,50ce5595d5e81bea5428090961d6de49,INKANO_Monthly_Ads_-_SHOPEE.csv
InKano Selka - Jaket wanita sheer dengan details floral embroidery,Dijeda,Iklan Produk,43261933019,GMV Max ROAS,Semua Penempatan,08/08/2025 00:00:00,17682.0,607.0,0.034300000000000004,6.0,4.0,0.009899999999999999,0.0066,55338.86,6.0,4.0,1359500.0,1036000.0,332033.0,4.09,3.12,2025-09-01,2025-09-30,monthly,30,False,547.01,226583.33,11067.77,0.2,selka,90c8ca0cb65cce32a172d61f29f8678d,INKANO_Monthly_Ads_-_SHOPEE.csv
InKano Leif -  Atasan Blouse wanita basic atasan sleeveless wanita,Dijeda,Iklan Produk,40607295073,GMV Max ROAS,Semua Penempatan,07/07/2025 00:00:00,17039.0,589.0,0.0346,14.0,12.0,0.023799999999999998,0.0204,27270.94,16.0,14.0,1853300.0,1526000.0,381793.0,4.85,4.0,2025-09-01,2025-09-30,monthly,30,False,648.21,115831.25,12726.43,0.533,leif,b85630f70feedb5ae722c74cfcb1a734,INKANO_Monthly_Ads_-_SHOPEE.csv
InKano Alwyn -Outerwear rajut knitwear wanita dengan details contrast stitching,Dijeda,Iklan Produk,44007408047,GMV Max ROAS,Semua Penempatan,07/07/2025 00:00:00,6758.0,196.0,0.028999999999999998,1.0,1.0,0.0051,0.0051,76735.92,1.0,1.0,379000.0,379000.0,76736.0,4.94,4.94,2025-09-01,2025-09-30,monthly,30,False,391.51,379000.0,2557.87,0.033,alwyn,f03f4549d523fe0bc62cb77df5ebdafd,INKANO_Monthly_Ads_-_SHOPEE.csv
In Kano Arden - Knit cardigan top wanita dengan bahan nylon,Dijeda,Iklan Produk,40367838067,GMV Max ROAS,Semua Penempatan,09/09/2025 00:00:00,5048.0,174.0,0.0345,4.0,0.0,0.023,0.0,28428.2,4.0,0.0,701500.0,0.0,113713.0,6.17,0.0,2025-09-01,2025-09-30,monthly,30,False,653.52,175375.0,3790.43,0.133,kano,2dc9b6d66356331702f28accd8296a6f,INKANO_Monthly_Ads_-_SHOPEE.csv
Grup Iklan 25/10/2025 - 1,Dijeda,Iklan Produk,0,GMV Max ROAS,0,25/10/2025 00:00:00,803.0,29.0,0.0361,4.0,1.0,0.1379,0.0345,1597.59,4.0,1.0,876500.0,159500.0,6390.0,137.16,24.96,2025-10-01,2025-10-31,monthly,31,True,220.34,219125.0,206.13,0.129,grup,e475918b4ce6673a080a0ad222850b89,INKANO_Monthly_Ads_-_SHOPEE.csv
InKano Spire Dress - Sleeveless dress korea wanita katun warna coklat dan hitam black [7],Berjalan,Iklan Produk,19970359270,GMV Max ROAS,Semua Penempatan,26/10/2024 00:00:00,633999.0,18848.0,0.0297,221.0,168.0,0.011699999999999999,0.0089,29810.31,224.0,169.0,66820150.0,54120100.0,6588078.0,10.14,8.21,2025-10-01,2025-10-31,monthly,31,False,349.54,298304.24,212518.65,7.226,spire,abc3bb259bdc49c13b1219bb9d9d7ee4,INKANO_Monthly_Ads_-_SHOPEE.csv
InKano Cassia - Outer knit wanita lengan panjang dengan scallop hemming outerwear rajut wanita,Berjalan,Iklan Produk,27062867019,GMV Max ROAS,Semua Penempatan,04/11/2024 00:00:00,364476.0,15167.0,0.0416,153.0,86.0,0.0101,0.005699999999999999,28676.01,158.0,87.0,47497700.0,29473400.0,4387430.0,10.83,6.72,2025-10-01,2025-10-31,monthly,31,False,289.27,300618.35,141530.0,5.097,cassia,c333b015def8cab40427c2c556fbc2d5,INKANO_Monthly_Ads_-_SHOPEE.csv
InKano Thames Outer - Outerwear wanita knit cardigan wanita dengan details dash dan kancing [4],Berjalan,Iklan Produk,22787969197,GMV Max ROAS,Semua Penempatan,17/06/2024 00:00:00,359855.0,10748.0,0.029900000000000003,128.0,82.0,0.011899999999999999,0.0076,39942.69,136.0,87.0,51352900.0,36453000.0,5112665.0,10.04,7.13,2025-10-01,2025-10-31,monthly,31,False,475.69,377594.85,164924.68,4.387,thames,242af2da79cc5e2506bde5aa83f35071,INKANO_Monthly_Ads_-_SHOPEE.csv
InKano Thames Outer - Outerwear wanita knit cardigan wanita dengan details dash dan kancing,Berjalan,Iklan Produk,29273185813,GMV Max ROAS,Semua Penempatan,11/01/2025 00:00:00,344965.0,11536.0,0.0334,156.0,109.0,0.013500000000000002,0.009399999999999999,36468.07,162.0,112.0,60214500.0,46928000.0,5689019.0,10.58,8.25,2025-10-01,2025-10-31,monthly,31,False,493.15,371694.44,183516.74,5.226,thames,4e00ec594fb76056cbb0d349b7bdfc83,INKANO_Monthly_Ads_-_SHOPEE.csv
InKano Basic Tee - Kaos wanita full katun atasan wanita basic lengan pendek,Berjalan,Iklan Produk,26124817232,GMV Max ROAS,Semua Penempatan,12/04/2025 00:00:00,285333.0,8982.0,0.0315,300.0,226.0,0.0334,0.0252,11477.47,359.0,278.0,38608000.0,27562200.0,3443241.0,11.21,8.0,2025-10-01,2025-10-31,monthly,31,False,383.35,107543.18,111072.29,11.581,kaos,84a0640a2fb1d9d76f1e3a6a62c1a72e,INKANO_Monthly_Ads_-_SHOPEE.csv
InKano Fressia - Sleeveless atasan wanita dengan details applikasi floral.,Berjalan,Iklan Produk,26778177709,GMV Max ROAS,Semua Penempatan,04/03/2025 00:00:00,274441.0,11591.0,0.042199999999999994,213.0,130.0,0.0184,0.011200000000000002,23341.33,218.0,132.0,48242900.0,29976100.0,4971704.0,9.7,6.03,2025-10-01,2025-10-31,monthly,31,False,428.93,221297.71,160377.55,7.032,fressia,28e5290bbd512e6f6c716859ab66bc0a,INKANO_Monthly_Ads_-_SHOPEE.csv
InKano Cirrus - Dress wanita sleeveless midi dress wanita dengan details rok balloon,Berjalan,Iklan Produk,25390328930,GMV Max ROAS,Semua Penempatan,11/01/2025 00:00:00,263516.0,8283.0,0.031400000000000004,121.0,85.0,0.0146,0.0103,24795.1,126.0,89.0,33176400.0,26053400.0,3000207.0,11.06,8.68,2025-10-01,2025-10-31,monthly,31,False,362.21,263304.76,96780.87,4.065,cirrus,02483a72c734ca2993cfb5ac4f66722d,INKANO_Monthly_Ads_-_SHOPEE.csv
InKano Haze - Atasan rajut basic wanita dengan bahan full katun inner basic wanita lengan panjang,Berjalan,Iklan Produk,26214700605,GMV Max ROAS,Semua Penempatan,22/10/2024 00:00:00,236447.0,8145.0,0.0344,112.0,73.0,0.0138,0.009000000000000001,21355.72,119.0,76.0,26499600.0,18124000.0,2391841.0,11.08,7.58,2025-10-01,2025-10-31,monthly,31,False,293.66,222685.71,77156.16,3.839,haze,a82dbcc86d006395d141989d7d95bf6a,INKANO_Monthly_Ads_-_SHOPEE.csv
InKano Spire Dress Maxi - Sleeveless dress korea wanita katun warna coklat dan hitam black,Berjalan,Iklan Produk,27923231189,GMV Max ROAS,Semua Penempatan,11/01/2025 00:00:00,217308.0,6826.0,0.031400000000000004,66.0,30.0,0.0097,0.0044,33910.83,68.0,31.0,19264300.0,9929000.0,2238115.0,8.61,4.44,2025-10-01,2025-10-31,monthly,31,False,327.88,283298.53,72197.26,2.194,spire,666e5b65940c60fcdfc15738f60300ca,INKANO_Monthly_Ads_-_SHOPEE.csv
InKano Plume Sol - Sleeveless dress wanita dengan details texture fabric and tier silouette,Berjalan,Iklan Produk,28074783892,GMV Max ROAS,Semua Penempatan,30/01/2025 00:00:00,185238.0,8819.0,0.047599999999999996,108.0,59.0,0.012199999999999999,0.0067,23656.2,109.0,59.0,27090350.0,14627100.0,2554869.0,10.6,5.73,2025-10-01,2025-10-31,monthly,31,False,289.7,248535.32,82415.13,3.516,plume,8cf37a13b3d3d527b23665b6452963e1,INKANO_Monthly_Ads_-_SHOPEE.csv
InKano Basic Tee - Kaos wanita full katun atasan wanita basic lengan pendek,Berjalan,Iklan Produk,41504095124,GMV Max ROAS,Semua Penempatan,11/06/2025 00:00:00,173838.0,5900.0,0.0339,180.0,128.0,0.0305,0.0217,14886.05,251.0,185.0,27660200.0,18305400.0,2679488.0,10.32,6.83,2025-10-01,2025-10-31,monthly,31,False,454.15,110200.0,86435.1,8.097,kaos,0ef0ecaed3982abc6efece24a663cc86,INKANO_Monthly_Ads_-_SHOPEE.csv
InKano Stripes Union - Oversized stripes cotton knit top with long sleeve bahan katun korean style [5],Berjalan,Iklan Produk,18680549695,GMV Max ROAS,Semua Penempatan,08/06/2024 00:00:00,171850.0,6104.0,0.0355,82.0,53.0,0.0134,0.0087,26873.99,87.0,55.0,23325400.0,16445000.0,2203667.0,10.58,7.46,2025-10-01,2025-10-31,monthly,31,False,361.02,268108.05,71086.03,2.806,stripes,7648b84ce831afdbb643ba7f720578ef,INKANO_Monthly_Ads_-_SHOPEE.csv
InKano Barrel Pants - Celana panjang wanita dengan cutting barrel dan bahan katun,Berjalan,Iklan Produk,27738375792,GMV Max ROAS,Semua Penempatan,07/07/2025 00:00:00,169371.0,8252.0,0.0487,119.0,83.0,0.0144,0.0101,28313.12,124.0,87.0,29950100.0,23484300.0,3369261.0,8.89,6.97,2025-10-01,2025-10-31,monthly,31,False,408.3,241533.06,108685.84,4.0,barrel,bd19c651d65b5d28a751eb97cf08d59d,INKANO_Monthly_Ads_-_SHOPEE.csv
InKano Spire Dress - Sleeveless dress korea wanita katun warna coklat dan hitam black,Berjalan,Iklan Produk,29640723036,GMV Max ROAS,Semua Penempatan,30/08/2025 00:00:00,161244.0,5336.0,0.0331,82.0,53.0,0.0154,0.009899999999999999,34422.07,84.0,53.0,24900800.0,17567000.0,2822610.0,8.82,6.22,2025-10-01,2025-10-31,monthly,31,False,528.97,296438.1,91051.94,2.71,spire,87bb50b8b6541ad5de0a7d17ce3ae886,INKANO_Monthly_Ads_-_SHOPEE.csv
InKano Cascade - Everyday sleeveless top wanita atasan wanita sleevelss bahan parasut,Berjalan,Iklan Produk,29802573288,GMV Max ROAS,Semua Penempatan,13/06/2024 00:00:00,160978.0,6265.0,0.038900000000000004,140.0,64.0,0.0223,0.0102,17076.75,146.0,68.0,23531600.0,10117100.0,2390745.0,9.84,4.23,2025-10-01,2025-10-31,monthly,31,False,381.6,161175.34,77120.81,4.71,cascade,4638a623dbffdbf60d02d0528ebcc74d,INKANO_Monthly_Ads_-_SHOPEE.csv
InKano Rene Cardigan - Everyday cardigan wanita outerwear wanita knit cardigan cotton viscose [4],Berjalan,Iklan Produk,24571129042,GMV Max ROAS,Semua Penempatan,11/06/2024 00:00:00,158916.0,5567.0,0.035,86.0,55.0,0.0154,0.009899999999999999,37191.97,87.0,55.0,30676600.0,20295000.0,3198509.0,9.59,6.35,2025-10-01,2025-10-31,monthly,31,False,574.55,352604.6,103177.71,2.806,rene,3394c2986fd48fe81204ec57200c6d4a,INKANO_Monthly_Ads_-_SHOPEE.csv
InKano Ann Cardie - Cadigan wanita katun outer rajut korean style [9],Berjalan,Iklan Produk,21486955097,GMV Max ROAS,Semua Penempatan,10/07/2024 00:00:00,153480.0,6073.0,0.039599999999999996,84.0,56.0,0.0138,0.0092,27834.42,85.0,57.0,24649800.0,17013100.0,2338091.0,10.54,7.28,2025-10-01,2025-10-31,monthly,31,False,385.0,289997.65,75422.29,2.742,ann,3a555f9d7111569848539de35c10fa64,INKANO_Monthly_Ads_-_SHOPEE.csv
"InKano Meadow - Cardigan rajut wanita bahan full katun, knit cardigan wanita",Berjalan,Iklan Produk,26670732939,GMV Max ROAS,Semua Penempatan,16/12/2024 00:00:00,139435.0,4699.0,0.0337,45.0,24.0,0.0096,0.0051,32960.92,45.0,24.0,14885150.0,9141500.0,1483241.0,10.04,6.16,2025-10-01,2025-10-31,monthly,31,False,315.65,330781.11,47846.48,1.452,meadow,5dd0258266f62804e5a63316a6852b1f,INKANO_Monthly_Ads_-_SHOPEE.csv
InKano Marri Longsleeves - Cropped top knitted top with embossed pattern in long sleeves. [6],Berjalan,Iklan Produk,24369177837,GMV Max ROAS,Semua Penempatan,17/06/2024 00:00:00,136947.0,8344.0,0.060899999999999996,73.0,39.0,0.0087,0.004699999999999999,27875.03,76.0,39.0,20757500.0,11661000.0,2034877.0,10.2,5.73,2025-10-01,2025-10-31,monthly,31,False,243.87,273125.0,65641.19,2.452,marri,be307947dfddaa16929b6fdecc2c013a,INKANO_Monthly_Ads_-_SHOPEE.csv
InKano Briette - Crop top wanita crop top outerwear wanita dengan details tali ikat [4],Berjalan,Iklan Produk,25575584031,GMV Max ROAS,Semua Penempatan,08/06/2024 00:00:00,133730.0,5262.0,0.0393,87.0,53.0,0.0165,0.0101,20681.38,89.0,54.0,16277400.0,9866000.0,1799280.0,9.05,5.48,2025-10-01,2025-10-31,monthly,31,False,341.94,182892.13,58041.29,2.871,briette,f974640b1d244d175bf5e36d28f19464,INKANO_Monthly_Ads_-_SHOPEE.csv
"InKano Waves - Midi dress bahan katun warna Putih (berfuring), Beige, Biru tua, Coklat tua, Hitam [7]",Berjalan,Iklan Produk,6137355964,GMV Max ROAS,Semua Penempatan,08/06/2024 00:00:00,128187.0,4078.0,0.0318,73.0,56.0,0.0179,0.0137,22439.72,84.0,64.0,16177600.0,12932400.0,1638100.0,9.88,7.89,2025-10-01,2025-10-31,monthly,31,False,401.69,192590.48,52841.94,2.71,waves,94a70871d7544da8041d5df8f7fcc449,INKANO_Monthly_Ads_-_SHOPEE.csv
InKano Vine - Kemeja wanita stripes bahan full katun,Berjalan,Iklan Produk,27774742340,GMV Max ROAS,Semua Penempatan,30/01/2025 00:00:00,117376.0,4505.0,0.0384,75.0,45.0,0.0166,0.01,21215.65,76.0,45.0,16800000.0,10633400.0,1591174.0,10.56,6.68,2025-10-01,2025-10-31,monthly,31,False,353.2,221052.63,51328.19,2.452,vine,e2219054fba397036a846879229483b0,INKANO_Monthly_Ads_-_SHOPEE.csv
InKano Lyn - Atasan wanita tanpa lengan sleveless top wanita dengan bahan ironless dan flowy dan details drape di pundak,Berjalan,Iklan Produk,28753233081,GMV Max ROAS,Semua Penempatan,24/06/2024 00:00:00,115846.0,3736.0,0.0322,74.0,45.0,0.019799999999999998,0.012,17344.55,76.0,47.0,13653050.0,7926100.0,1283496.0,10.64,6.18,2025-10-01,2025-10-31,monthly,31,False,343.55,179645.39,41403.1,2.452,lyn,039ba1e7ef6019a73b9fc704c1295be9,INKANO_Monthly_Ads_-_SHOPEE.csv
InKano Elmore - Basic cardigan wanita rajut full kancing dengan bahan viscose yang lembut dan halus,Berjalan,Iklan Produk,24046286517,GMV Max ROAS,Semua Penempatan,08/08/2025 00:00:00,115794.0,4988.0,0.0431,71.0,35.0,0.014199999999999999,0.006999999999999999,35619.16,76.0,40.0,20391600.0,11560000.0,2528960.0,8.06,4.57,2025-10-01,2025-10-31,monthly,31,False,507.01,268310.53,81579.35,2.452,elmore,ac98207eafedd5fdf4b67828cdc840a0,INKANO_Monthly_Ads_-_SHOPEE.csv
InKano Thyme - Atasan rajut wanita dengan floral details untuk layering,Berjalan,Iklan Produk,25339467342,GMV Max ROAS,Semua Penempatan,16/12/2024 00:00:00,112151.0,4034.0,0.036000000000000004,43.0,18.0,0.010700000000000001,0.0045000000000000005,29607.19,45.0,18.0,13334150.0,6462000.0,1273109.0,10.47,5.08,2025-10-01,2025-10-31,monthly,31,False,315.59,296314.44,41068.03,1.452,thyme,b9958fb29e7188f4e22724592dd715f1,INKANO_Monthly_Ads_-_SHOPEE.csv
InKano Flow - Kemeja sleeveless wanita dengan bahan polyester linen dan relaxed fit,Berjalan,Iklan Produk,29362642841,GMV Max ROAS,Semua Penempatan,02/10/2024 00:00:00,111691.0,3781.0,0.0339,116.0,80.0,0.030699999999999998,0.0212,18349.53,131.0,95.0,21034000.0,14175000.0,2128545.0,9.88,6.66,2025-10-01,2025-10-31,monthly,31,False,562.96,160564.89,68662.74,4.226,flow,a425b98a8b8ab13e697f323c4083262d,INKANO_Monthly_Ads_-_SHOPEE.csv
"InKano Sparrow - Sleeveless maxi dress dengan texture plisket berfuring warna putih gading, abu muda, pink, coklat [4]",Berjalan,Iklan Produk,8150225187,GMV Max ROAS,Semua Penempatan,10/07/2024 00:00:00,109682.0,3616.0,0.033,79.0,54.0,0.0218,0.0149,24910.05,84.0,58.0,20733100.0,14367300.0,1967894.0,10.54,7.3,2025-10-01,2025-10-31,monthly,31,False,544.22,246822.62,63480.45,2.71,sparrow,18233e66fcf8b2eb1ff25c257545fc02,INKANO_Monthly_Ads_-_SHOPEE.csv
"InKano Bree - Sleeveless midi dress rayon warna putih, coklat beige, hijau olive, hijau sage, hitam [4]",Berjalan,Iklan Produk,8012587266,GMV Max ROAS,Semua Penempatan,26/10/2024 00:00:00,104313.0,3034.0,0.0291,59.0,43.0,0.0194,0.014199999999999999,27716.16,61.0,45.0,15709700.0,12107300.0,1635253.0,9.61,7.4,2025-10-01,2025-10-31,monthly,31,False,538.98,257536.07,52750.1,1.968,bree,e086f2fbed2d56d0a0d33126ceef56ef,INKANO_Monthly_Ads_-_SHOPEE.csv
InKano Basic Tee - Kaos wanita full katun atasan wanita basic lengan pendek,Berjalan,Iklan Produk,26514706880,GMV Max ROAS,Semua Penempatan,22/10/2024 00:00:00,98289.0,2851.0,0.028999999999999998,118.0,96.0,0.0414,0.0337,13091.95,160.0,131.0,16597950.0,12939600.0,1544850.0,10.74,8.38,2025-10-01,2025-10-31,monthly,31,False,541.86,103737.19,49833.87,5.161,kaos,43137bdaee4d807d882a88a086d94b71,INKANO_Monthly_Ads_-_SHOPEE.csv
InKano Hawthorn - Atasan rajut knitwear wanita dengan details zipper dan tekstur,Berjalan,Iklan Produk,43807397639,GMV Max ROAS,Semua Penempatan,07/07/2025 00:00:00,98247.0,5015.0,0.051,88.0,55.0,0.0175,0.011000000000000001,31120.15,95.0,58.0,30127200.0,23102100.0,2738573.0,11.0,8.44,2025-10-01,2025-10-31,monthly,31,False,546.08,317128.42,88341.06,3.065,hawthorn,14607a66735a69a87edcdddd16dec5a0,INKANO_Monthly_Ads_-_SHOPEE.csv
"InKano Linen Dress - Sleeveless dress linen, midi dress wanita warna offwhite stripes dan navy [5]",Berjalan,Iklan Produk,23870069126,GMV Max ROAS,Semua Penempatan,21/04/2025 00:00:00,93601.0,5371.0,0.0574,73.0,19.0,0.013600000000000001,0.0034999999999999996,26863.26,76.0,19.0,19619500.0,6863400.0,1961018.0,10.0,3.5,2025-10-01,2025-10-31,monthly,31,False,365.11,258151.32,63258.65,2.452,linen,95d6dd132886c00faf6f25dd4a0ff0e3,INKANO_Monthly_Ads_-_SHOPEE.csv
InKano Arbor - Outer wanita blazer wanita bahan soft suede,Berjalan,Iklan Produk,26439584864,GMV Max ROAS,Semua Penempatan,08/08/2025 00:00:00,91670.0,4702.0,0.0513,49.0,23.0,0.0104,0.0049,30973.97,49.0,23.0,13030500.0,6788100.0,1517724.0,8.59,4.47,2025-10-01,2025-10-31,monthly,31,False,322.78,265928.57,48958.84,1.581,arbor,f5808f4b00a13fe28aee6c4315dd1f08,INKANO_Monthly_Ads_-_SHOPEE.csv
InKano Neva Tee - Kaos wanita 100% cotton crewneck tee dengan contrastic fabric,Berjalan,Iklan Produk,42817883477,GMV Max ROAS,Semua Penempatan,10/09/2025 00:00:00,91220.0,3954.0,0.0433,75.0,38.0,0.019,0.0096,19387.66,84.0,42.0,11199500.0,4738000.0,1454074.0,7.7,3.26,2025-10-01,2025-10-31,monthly,31,False,367.75,133327.38,46905.61,2.71,neva,8d268bd387db99b9ae23b53a84746bc5,INKANO_Monthly_Ads_-_SHOPEE.csv
InKano Solstice Dress - Dress maxi wanita dengan tali spaghetti strap,Berjalan,Iklan Produk,43350410595,GMV Max ROAS,Semua Penempatan,15/05/2025 00:00:00,90936.0,3560.0,0.0391,62.0,44.0,0.0174,0.0124,17749.18,62.0,44.0,11621300.0,8397100.0,1100449.0,10.56,7.63,2025-10-01,2025-10-31,monthly,31,False,309.11,187440.32,35498.35,2.0,solstice,eee8994cc90ad0b878619dd139cf3f10,INKANO_Monthly_Ads_-_SHOPEE.csv
InKano Cassia - Outer knit wanita lengan panjang dengan scallop hemming outerwear rajut wanita,Berjalan,Iklan Produk,40556691928,GMV Max ROAS,Semua Penempatan,30/06/2025 00:00:00,88913.0,3833.0,0.0431,51.0,26.0,0.013300000000000001,0.0068000000000000005,32942.95,51.0,26.0,15355800.0,8954000.0,1680091.0,9.14,5.33,2025-10-01,2025-10-31,monthly,31,False,438.32,301094.12,54196.48,1.645,cassia,0cd2440d2fa256f8a8a272428cc68b31,INKANO_Monthly_Ads_-_SHOPEE.csv
"InKano Cycle Jacket - See through jacket texturized fabric jaket wanita dengan hoodie warna beige, dusty pink, coklat [6]",Berjalan,Iklan Produk,22619901508,GMV Max ROAS,Semua Penempatan,11/06/2024 00:00:00,88741.0,3158.0,0.0356,43.0,24.0,0.013600000000000001,0.0076,19774.31,44.0,25.0,9113400.0,4895400.0,850295.0,10.72,5.76,2025-10-01,2025-10-31,monthly,31,False,269.25,207122.73,27428.87,1.419,cycle,b593cade2a129f37f02135bf2b32fb64,INKANO_Monthly_Ads_-_SHOPEE.csv
InKano Eyre Drawstring Dress - sleeveless dress wanita midi dress wanita dengan drawstring pinggang [4],Berjalan,Iklan Produk,25022052499,GMV Max ROAS,Semua Penempatan,11/07/2024 00:00:00,86937.0,3236.0,0.037200000000000004,71.0,38.0,0.0219,0.011699999999999999,20677.26,71.0,38.0,14895250.0,8108200.0,1468085.0,10.15,5.52,2025-10-01,2025-10-31,monthly,31,False,453.67,209792.25,47357.58,2.29,eyre,a76dc12e15a0ca70a15620571049157e,INKANO_Monthly_Ads_-_SHOPEE.csv
"InKano Acre Dress - Sleeveless dress katun maxi dress sleeveless hitam, navy, dan gingham [3]",Berjalan,Iklan Produk,26150443050,GMV Max ROAS,Semua Penempatan,08/06/2024 00:00:00,82403.0,2806.0,0.0341,32.0,22.0,0.011399999999999999,0.0078000000000000005,30652.15,33.0,23.0,9615150.0,7457000.0,980869.0,9.8,7.6,2025-10-01,2025-10-31,monthly,31,False,349.56,291368.18,31640.94,1.065,acre,bd1ce2a5d3d89a5195e5e6a6bd2c9ae4,INKANO_Monthly_Ads_-_SHOPEE.csv
InKano Mallow - Knit top rajut jaket wanita dengan twi way zipper.,Berjalan,Iklan Produk,27226014984,GMV Max ROAS,Semua Penempatan,15/02/2025 00:00:00,79800.0,3067.0,0.0384,25.0,11.0,0.008199999999999999,0.0036,33298.43,25.0,11.0,7904200.0,4676100.0,832461.0,9.49,5.62,2025-10-01,2025-10-31,monthly,31,False,271.43,316168.0,26853.58,0.806,mallow,1e8725d0eeba14351ecc87d8088248c1,INKANO_Monthly_Ads_-_SHOPEE.csv
"InKano Paige - Kemeja rayon wanita full kancing warna putih, coklat muda, hitam, olive, hijau sage, biru tua, biru muda [4]",Berjalan,Iklan Produk,4216455466,GMV Max ROAS,Semua Penempatan,08/06/2024 00:00:00,74712.0,2575.0,0.0345,69.0,43.0,0.0268,0.0167,18956.66,79.0,52.0,12607000.0,8236200.0,1308010.0,9.64,6.3,2025-10-01,2025-10-31,monthly,31,False,507.97,159582.28,42193.87,2.548,paige,02be2fa63db2dd3a219c6ec932ebf518,INKANO_Monthly_Ads_-_SHOPEE.csv
InKano Rilys - Rok wanita rayon premium dengan details tier dan pinggang elastic,Berjalan,Iklan Produk,28738367414,GMV Max ROAS,Semua Penempatan,07/07/2025 00:00:00,71613.0,3091.0,0.0432,68.0,45.0,0.022000000000000002,0.0146,25091.73,71.0,46.0,15591800.0,10405300.0,1706238.0,9.14,6.1,2025-10-01,2025-10-31,monthly,31,False,552.0,219602.82,55039.94,2.29,rilys,f765697c4843be6be27800815f789084,INKANO_Monthly_Ads_-_SHOPEE.csv
InKano Tether - Rok midi wanita dengan serat bahan tencel rok kerja wanita casual,Berjalan,Iklan Produk,29220727488,GMV Max ROAS,Semua Penempatan,16/12/2024 00:00:00,70141.0,2402.0,0.0342,67.0,28.0,0.0279,0.011699999999999999,22158.23,73.0,28.0,18566450.0,8649200.0,1484601.0,12.51,5.83,2025-10-01,2025-10-31,monthly,31,False,618.07,254334.93,47890.35,2.355,tether,563a7163003978dba84e63472cf5bea8,INKANO_Monthly_Ads_-_SHOPEE.csv
"InKano Dill - Outerwear daily wanita bahan rayon texture crinkle warna muted pink mauve, hijau sage, coklat coffee [6]",Berjalan,Iklan Produk,16770157482,GMV Max ROAS,Semua Penempatan,09/06/2024 00:00:00,70046.0,3495.0,0.0499,58.0,28.0,0.0166,0.008,19686.89,61.0,29.0,11944200.0,5119400.0,1141840.0,10.46,4.48,2025-10-01,2025-10-31,monthly,31,False,326.71,195806.56,36833.55,1.968,dill,7044bc96e36a78842dd04c84ea0253b6,INKANO_Monthly_Ads_-_SHOPEE.csv
InKano Carra Pleated Dress - Sleeveless dress wanita midi dress plisket wanita [4],Berjalan,Iklan Produk,24325590048,GMV Max ROAS,Semua Penempatan,08/06/2024 00:00:00,69085.0,2336.0,0.0338,49.0,26.0,0.021,0.0111,26712.6,50.0,26.0,13503000.0,7793100.0,1308917.0,10.32,5.95,2025-10-01,2025-10-31,monthly,31,False,560.32,270060.0,42223.13,1.613,carra,37d8051adec8695255f5f0fbda76dbd4,INKANO_Monthly_Ads_-_SHOPEE.csv
"InKano Seville - Sleeveless midi dress wanita bahan katun warna beige coklat muda, navy blue, pearl ivory, peanut coklat tua [6]",Berjalan,Iklan Produk,5418636273,GMV Max ROAS,Semua Penempatan,08/06/2024 00:00:00,66693.0,2106.0,0.0316,30.0,17.0,0.014199999999999999,0.008100000000000001,22879.53,32.0,19.0,6868000.0,4177200.0,686386.0,10.01,6.09,2025-10-01,2025-10-31,monthly,31,False,325.92,214625.0,22141.48,1.032,seville,9e236837cd1bc31a29df22c7c5271f75,INKANO_Monthly_Ads_-_SHOPEE.csv
InKano Acker - Atasan wanita dengan bahan soft rib rajut dan contrasting fabric,Berjalan,Iklan Produk,42561854974,GMV Max ROAS,Semua Penempatan,08/08/2025 00:00:00,63907.0,2082.0,0.0326,41.0,25.0,0.0197,0.012,27562.17,45.0,26.0,8017300.0,4982200.0,1130049.0,7.09,4.41,2025-10-01,2025-10-31,monthly,31,False,542.77,178162.22,36453.19,1.452,acker,0b47a6ea5c98b31d0ee3ea6549a83725,INKANO_Monthly_Ads_-_SHOPEE.csv
InKano Nash - Sleeveless atasan blouse wanita dengan neckline tinggi dan tekstur kain,Berjalan,Iklan Produk,40157398753,GMV Max ROAS,Semua Penempatan,07/07/2025 00:00:00,61997.0,2339.0,0.0377,95.0,54.0,0.0406,0.0231,17106.83,106.0,61.0,15641450.0,8309000.0,1625149.0,9.62,5.11,2025-10-01,2025-10-31,monthly,31,False,694.81,147560.85,52424.16,3.419,nash,7383117c0a0b670eea6a0d0fc51a86ab,INKANO_Monthly_Ads_-_SHOPEE.csv
InKano Sable - Linen outer wanita unfinished details and contrast stitching,Berjalan,Iklan Produk,41511942583,GMV Max ROAS,Semua Penempatan,08/08/2025 00:00:00,58851.0,2541.0,0.0432,35.0,16.0,0.0138,0.0063,22509.16,35.0,16.0,7230950.0,3234000.0,787820.0,9.18,4.1,2025-10-01,2025-10-31,monthly,31,False,310.04,206598.57,25413.55,1.129,sable,be460a3f6c5fe4a369ded40ce1dd3841,INKANO_Monthly_Ads_-_SHOPEE.csv
"InKano Gianna - Dress rayon dengan details ikat warna hitam, coklat muda, hijau olive dan soft pink [5]",Berjalan,Iklan Produk,4520695814,GMV Max ROAS,Semua Penempatan,08/06/2024 00:00:00,56361.0,2075.0,0.0368,28.0,13.0,0.013500000000000002,0.0063,19490.5,29.0,14.0,5204100.0,3183100.0,545734.0,9.54,5.83,2025-10-01,2025-10-31,monthly,31,False,263.0,179451.72,17604.32,0.935,gianna,8a48b54e99139b37d69cee46cd7c2d61,INKANO_Monthly_Ads_-_SHOPEE.csv
Inkano Linden - Celana wanita relaxed celana bahan wanita untuk kantor dan casual,Berjalan,Iklan Produk,29112632697,GMV Max ROAS,Semua Penempatan,02/10/2024 00:00:00,55403.0,2619.0,0.0473,49.0,24.0,0.0187,0.0092,20298.91,51.0,24.0,9013200.0,4996000.0,994647.0,9.06,5.02,2025-10-01,2025-10-31,monthly,31,False,379.78,176729.41,32085.39,1.645,linden,036bc2d9536dda6e7b41c9b5f9cde22b,INKANO_Monthly_Ads_-_SHOPEE.csv
"InKano Basic Shirt - Kemeja basic rayon full kancing warna putih, hitam dan biru navy [4]",Berjalan,Iklan Produk,4654707139,GMV Max ROAS,Semua Penempatan,11/06/2024 00:00:00,54595.0,2129.0,0.039,53.0,38.0,0.024900000000000002,0.0178,17269.25,60.0,45.0,9540900.0,7605000.0,915270.0,10.42,8.31,2025-10-01,2025-10-31,monthly,31,False,429.91,159015.0,29524.84,1.935,shirt,1900803b79d529ec62e98aad266092aa,INKANO_Monthly_Ads_-_SHOPEE.csv
InKano Tessera - Kemeja rajut lengan panjang dengan details tekstur untuk atasan maupun outerwear,Berjalan,Iklan Produk,27612634424,GMV Max ROAS,Semua Penempatan,02/10/2024 00:00:00,53959.0,2025.0,0.0375,25.0,11.0,0.0123,0.0054,24565.02,25.0,11.0,7748200.0,3913100.0,614126.0,12.62,6.37,2025-10-01,2025-10-31,monthly,31,False,303.27,309928.0,19810.52,0.806,tessera,af3928e41ca55d5fc490dbcb129f3126,INKANO_Monthly_Ads_-_SHOPEE.csv
"InKano River - Sleeveless maxi cotton knit dress / Dress rajut katun panjang warna beige coklat susu, cloud grey abu muda, stone, asphalt abu tua [5]",Berjalan,Iklan Produk,9066211366,GMV Max ROAS,Semua Penempatan,18/07/2024 00:00:00,52069.0,1836.0,0.0353,28.0,8.0,0.015300000000000001,0.0044,26617.4,28.0,8.0,6460750.0,2232000.0,745287.0,8.67,2.99,2025-10-01,2025-10-31,monthly,31,False,405.93,230741.07,24041.52,0.903,river,086e7a65a65436e7ebd60689c13e346a,INKANO_Monthly_Ads_-_SHOPEE.csv
InKano Clove - Outer wanita rajut dengan details floral pattern lengan panjang,Berjalan,Iklan Produk,40017876563,GMV Max ROAS,Semua Penempatan,09/09/2025 00:00:00,50356.0,1762.0,0.035,23.0,16.0,0.0131,0.0091,53482.36,25.0,17.0,7787200.0,6103000.0,1230094.0,6.33,4.96,2025-10-01,2025-10-31,monthly,31,False,698.12,311488.0,39680.45,0.806,clove,eaf0bf007491bd939c40756d78a37949,INKANO_Monthly_Ads_-_SHOPEE.csv
InKano Willow - Sleeveless dress satin wanita dengan details floral dress semi formal wanita untuk occasion [2],Berjalan,Iklan Produk,27970724615,GMV Max ROAS,Semua Penempatan,16/12/2024 00:00:00,49254.0,2243.0,0.0455,29.0,19.0,0.0129,0.0085,32268.62,29.0,19.0,8847100.0,6497100.0,935790.0,9.45,6.94,2025-10-01,2025-10-31,monthly,31,False,417.2,305072.41,30186.77,0.935,willow,7308942536e841d5527486ca85011950,INKANO_Monthly_Ads_-_SHOPEE.csv
"InKano Waves - Midi dress bahan katun warna Putih (berfuring), Beige, Biru tua, Coklat tua, Hitam [5]",Berjalan,Iklan Produk,3537453641,GMV Max ROAS,Semua Penempatan,19/03/2025 00:00:00,48108.0,1611.0,0.0335,26.0,22.0,0.0161,0.0137,22515.23,26.0,22.0,5304000.0,4458000.0,585396.0,9.06,7.62,2025-10-01,2025-10-31,monthly,31,False,363.37,204000.0,18883.74,0.839,waves,e43ca8086261fc10a708883ea2017538,INKANO_Monthly_Ads_-_SHOPEE.csv
InKano Skylet - Sleeveless dress wanita minimalist maxi dress wanita dengan details crinkle texture dan straight cut,Berjalan,Iklan Produk,27176054532,GMV Max ROAS,Semua Penempatan,15/02/2025 00:00:00,46466.0,1871.0,0.0403,39.0,25.0,0.0208,0.0134,21393.15,41.0,26.0,8847800.0,5805300.0,834333.0,10.6,6.96,2025-10-01,2025-10-31,monthly,31,False,445.93,215800.0,26913.97,1.323,skylet,a08de7aaf63a77d3defb3e0d4a463cc5,INKANO_Monthly_Ads_-_SHOPEE.csv
"InKano Cypress - Relaxed-fit blazer with oversized silhouette, blazer wanita oversize untuk acara casual.",Berjalan,Iklan Produk,29668467985,GMV Max ROAS,Semua Penempatan,25/11/2024 00:00:00,44194.0,2430.0,0.055,37.0,26.0,0.0152,0.010700000000000001,34269.18,38.0,26.0,10616100.0,7774000.0,1267960.0,8.37,6.13,2025-10-01,2025-10-31,monthly,31,False,521.79,279371.05,40901.94,1.226,cypress,5168552536cf46e002225f8b31903c2f,INKANO_Monthly_Ads_-_SHOPEE.csv
InKano Ripple - Rok plisket wanita flowy pinggang karet [2],Berjalan,Iklan Produk,25439467291,GMV Max ROAS,Semua Penempatan,16/12/2024 00:00:00,43095.0,1528.0,0.0355,22.0,8.0,0.0144,0.0052,31036.18,22.0,8.0,6336600.0,2962000.0,682796.0,9.28,4.34,2025-10-01,2025-10-31,monthly,31,False,446.86,288027.27,22025.68,0.71,ripple,77273772fbee9507c0ee962dc5272663,INKANO_Monthly_Ads_-_SHOPEE.csv
InKano Thyme - Atasan rajut wanita dengan floral details untuk layering,Berjalan,Iklan Produk,40651650756,GMV Max ROAS,Semua Penempatan,21/05/2025 00:00:00,40009.0,1167.0,0.0292,14.0,4.0,0.012,0.0034000000000000002,40837.96,16.0,4.0,4468200.0,1436000.0,571731.0,7.82,2.51,2025-10-01,2025-10-31,monthly,31,False,489.92,279262.5,18442.94,0.516,thyme,32c3245c0d45f123fdd030614b7d5dda,INKANO_Monthly_Ads_-_SHOPEE.csv
"InKano Crest - Pleated dress wanita sleeveless, dress wanita plisket tanpa lengan",Berjalan,Iklan Produk,24238660941,GMV Max ROAS,Semua Penempatan,25/11/2024 00:00:00,38807.0,1282.0,0.033,25.0,19.0,0.0195,0.0148,21249.36,25.0,19.0,7825800.0,6373200.0,531234.0,14.73,12.0,2025-10-01,2025-10-31,monthly,31,False,414.38,313032.0,17136.58,0.806,crest,33e532e8810c3ef062790438461caece,INKANO_Monthly_Ads_-_SHOPEE.csv
InKano Saffron - Rok Midi A Line wanita bahan katun dengan pinggang karet dan kantong samping,Berjalan,Iklan Produk,29638461726,GMV Max ROAS,Semua Penempatan,08/07/2025 00:00:00,37934.0,1566.0,0.041299999999999996,32.0,19.0,0.0204,0.0121,26374.57,32.0,19.0,8630000.0,5551000.0,843986.0,10.23,6.58,2025-10-01,2025-10-31,monthly,31,False,538.94,269687.5,27225.35,1.032,saffron,3acbfaedd81cb27dd247c3f2ded5a582,INKANO_Monthly_Ads_-_SHOPEE.csv
"InKano Float - 2 ways blouse wanita sleeveless bahan crinkle reversible square and v neck warna coklat,biru abu,biru tua muda [5]",Berjalan,Iklan Produk,18804681664,GMV Max ROAS,Semua Penempatan,09/06/2024 00:00:00,37215.0,1434.0,0.0385,45.0,28.0,0.031400000000000004,0.0195,15880.4,48.0,30.0,7318900.0,3844200.0,714618.0,10.24,5.38,2025-10-01,2025-10-31,monthly,31,False,498.34,152477.08,23052.19,1.548,float,b7af79e1fa8d79fc8df17397a61218d4,INKANO_Monthly_Ads_-_SHOPEE.csv
InKano Caise Skirt - Rok midi wanita straight midi slim skirt warna abu dan hitam [4],Berjalan,Iklan Produk,22959279323,GMV Max ROAS,Semua Penempatan,09/06/2024 00:00:00,34271.0,1109.0,0.032400000000000005,34.0,28.0,0.030699999999999998,0.0252,13966.94,35.0,28.0,6145000.0,4452000.0,474876.0,12.94,9.38,2025-10-01,2025-10-31,monthly,31,False,428.2,175571.43,15318.58,1.129,caise,87fa8cd04bbd9bed0bddde9e0ec2effb,INKANO_Monthly_Ads_-_SHOPEE.csv
InKano Echo - Celana pendek parasut wanita full pinggang karet,Berjalan,Iklan Produk,27703225497,GMV Max ROAS,Semua Penempatan,24/06/2024 00:00:00,32074.0,1242.0,0.0387,25.0,20.0,0.020099999999999996,0.0161,17200.69,28.0,22.0,4502000.0,3718000.0,430017.0,10.47,8.65,2025-10-01,2025-10-31,monthly,31,False,346.23,160785.71,13871.52,0.903,echo,38ffb9aa5e0ec177e8da003848ef1516,INKANO_Monthly_Ads_-_SHOPEE.csv
"InKano Slate Skirt - Rok wanita plisket dengan pinggang karet warna coklat, abu, dan hitam black [4]",Berjalan,Iklan Produk,23772418038,GMV Max ROAS,Semua Penempatan,08/06/2024 00:00:00,30961.0,1041.0,0.0336,18.0,14.0,0.0173,0.0134,28130.37,19.0,14.0,4807500.0,3766000.0,506347.0,9.49,7.44,2025-10-01,2025-10-31,monthly,31,False,486.4,253026.32,16333.77,0.613,slate,36a85b67c757b97739c8325f3a61ca8a,INKANO_Monthly_Ads_-_SHOPEE.csv
InKano Haze - Atasan rajut basic wanita dengan bahan full katun inner basic wanita lengan panjang,Berjalan,Iklan Produk,42370553268,GMV Max ROAS,Semua Penempatan,22/09/2025 00:00:00,30730.0,1152.0,0.0375,34.0,16.0,0.029500000000000002,0.0139,30915.44,36.0,16.0,8194750.0,3934000.0,1051125.0,7.8,3.74,2025-10-01,2025-10-31,monthly,31,False,912.43,227631.94,33907.26,1.161,haze,73aa58652021a1a1fc58cf65818ebbec,INKANO_Monthly_Ads_-_SHOPEE.csv
InKano Gale - Rok satin wanita warna bw creme dan hitam,Berjalan,Iklan Produk,28364865828,GMV Max ROAS,Semua Penempatan,24/10/2024 00:00:00,30537.0,1709.0,0.055999999999999994,26.0,18.0,0.0152,0.0105,19293.71,27.0,18.0,4961400.0,3403100.0,501636.0,9.89,6.78,2025-10-01,2025-10-31,monthly,31,False,293.53,183755.56,16181.81,0.871,gale,464fb140c906cc5d89b9c76a48d3aaaf,INKANO_Monthly_Ads_-_SHOPEE.csv
"InKano Ravine - Sleveless dress wanita ironless crinkle fabric, midi inner dress wanita",Berjalan,Iklan Produk,25532425535,GMV Max ROAS,Semua Penempatan,24/06/2024 00:00:00,28677.0,1013.0,0.0353,16.0,11.0,0.0158,0.0109,20951.67,16.0,11.0,2979900.0,2001100.0,335227.0,8.89,5.97,2025-10-01,2025-10-31,monthly,31,False,330.92,186243.75,10813.77,0.516,ravine,ba03a78adeca712efa2afa71e0caf367,INKANO_Monthly_Ads_-_SHOPEE.csv
InKano Fleur - Kemeja sleeveless wanita dengan details flare di pinggang,Berjalan,Iklan Produk,42957848178,GMV Max ROAS,Semua Penempatan,09/07/2025 00:00:00,27741.0,1044.0,0.037599999999999995,27.0,16.0,0.0259,0.015300000000000001,21566.89,28.0,17.0,5511800.0,3076300.0,582306.0,9.47,5.28,2025-10-01,2025-10-31,monthly,31,False,557.76,196850.0,18784.06,0.903,fleur,70826a16a0e11bea45079b2770564eaa,INKANO_Monthly_Ads_-_SHOPEE.csv
InKano Clive - Celana wanita kantor dengan details pleated,Berjalan,Iklan Produk,41470907573,GMV Max ROAS,Semua Penempatan,25/09/2025 00:00:00,27389.0,982.0,0.0359,20.0,9.0,0.0204,0.0092,39156.13,25.0,11.0,4926600.0,2689000.0,783123.0,6.29,3.43,2025-10-01,2025-10-31,monthly,31,False,797.48,197064.0,25262.03,0.806,clive,448ca14c72ff7482d0fc3983ce66d240,INKANO_Monthly_Ads_-_SHOPEE.csv
InKano Woodly - Set rajut wanita inner tanktop dan outer lengan panjang,Berjalan,Iklan Produk,42367841989,GMV Max ROAS,Semua Penempatan,09/09/2025 00:00:00,27064.0,884.0,0.0327,14.0,11.0,0.0158,0.0124,32679.88,15.0,12.0,4495000.0,3708000.0,457518.0,9.82,8.1,2025-10-01,2025-10-31,monthly,31,False,517.55,299666.67,14758.65,0.484,woodly,2f729de9db3633648fa20a88078b416c,INKANO_Monthly_Ads_-_SHOPEE.csv
InKano Cirrus - Dress wanita sleeveless midi dress wanita dengan details rok balloon,Berjalan,Iklan Produk,26391942529,GMV Max ROAS,Semua Penempatan,22/09/2025 00:00:00,26970.0,875.0,0.032400000000000005,12.0,8.0,0.0137,0.0091,37082.34,13.0,8.0,2969200.0,2352000.0,444988.0,6.67,5.29,2025-10-01,2025-10-31,monthly,31,False,508.56,228400.0,14354.45,0.419,cirrus,43fa4413918741e34e4eb9f42509e8a0,INKANO_Monthly_Ads_-_SHOPEE.csv
InKano Alpine - Celana denim wanita relaxed fit dengan elastic di bagian belakang,Berjalan,Iklan Produk,29777681282,GMV Max ROAS,Semua Penempatan,01/03/2025 00:00:00,26274.0,899.0,0.0342,28.0,6.0,0.0311,0.0067,16787.64,29.0,6.0,6076100.0,2154000.0,470054.0,12.93,4.58,2025-10-01,2025-10-31,monthly,31,False,522.86,209520.69,15163.03,0.935,alpine,b7b3b726b8b9bc5fca4ddb628af8c150,INKANO_Monthly_Ads_-_SHOPEE.csv
InKano Faye - Sleeveless midi dress wanita 100% katun dengan details ikat,Berjalan,Iklan Produk,28884663826,GMV Max ROAS,Semua Penempatan,24/04/2025 00:00:00,25594.0,833.0,0.0325,12.0,6.0,0.0144,0.0072,22146.53,12.0,6.0,3148000.0,1834000.0,265758.0,11.85,6.9,2025-10-01,2025-10-31,monthly,31,False,319.04,262333.33,8572.84,0.387,faye,08c8a2d0f4949f84393727cc4f514d68,INKANO_Monthly_Ads_-_SHOPEE.csv
"InKano Terrain Skirt - Rok wanita plisket dengan resliting belakang warna dusty pink, dark grey, dan hitam black [4]",Berjalan,Iklan Produk,19176939583,GMV Max ROAS,Semua Penempatan,08/06/2024 00:00:00,25139.0,1073.0,0.042699999999999995,14.0,3.0,0.013000000000000001,0.0028000000000000004,29947.56,15.0,4.0,4165300.0,1156000.0,419266.0,9.93,2.76,2025-10-01,2025-10-31,monthly,31,False,390.74,277686.67,13524.71,0.484,terrain,2edf447535b4497b502fb695bb0d8b65,INKANO_Monthly_Ads_-_SHOPEE.csv
InKano Fray - Celana wanita high waist relaxed fit,Berjalan,Iklan Produk,24991420380,GMV Max ROAS,Semua Penempatan,15/02/2025 00:00:00,24040.0,939.0,0.0391,29.0,19.0,0.030899999999999997,0.0202,16824.04,31.0,21.0,5944050.0,4199000.0,487897.0,12.18,8.61,2025-10-01,2025-10-31,monthly,31,False,519.59,191743.55,15738.61,1.0,fray,2ed46810336556f144ba68d9a5ef043f,INKANO_Monthly_Ads_-_SHOPEE.csv
InKano Elwood - Semi sheer top outerwear wanita bahan katun voal,Berjalan,Iklan Produk,40817846796,GMV Max ROAS,Semua Penempatan,09/09/2025 00:00:00,21289.0,1018.0,0.0478,8.0,5.0,0.0079,0.0049,35224.82,8.0,5.0,1512600.0,995000.0,281799.0,5.37,3.53,2025-10-01,2025-10-31,monthly,31,False,276.82,189075.0,9090.29,0.258,elwood,19bf5f80e118682ad258e934d1c37886,INKANO_Monthly_Ads_-_SHOPEE.csv
InKano Soleil - Rok wanita dengan pinggang karet dan details kerut,Berjalan,Iklan Produk,25641348214,GMV Max ROAS,Semua Penempatan,15/02/2025 00:00:00,18976.0,904.0,0.047599999999999996,5.0,5.0,0.0055000000000000005,0.0055000000000000005,38338.96,5.0,5.0,1275000.0,1275000.0,191695.0,6.65,6.65,2025-10-01,2025-10-31,monthly,31,False,212.05,255000.0,6183.71,0.161,soleil,6075fa24d7d8d8606413920b2fbfbefc,INKANO_Monthly_Ads_-_SHOPEE.csv
InKano Orrin Skirt - Rok wanita dengan contrasting stitch details,Berjalan,Iklan Produk,43817851260,GMV Max ROAS,Semua Penempatan,09/09/2025 00:00:00,18622.0,781.0,0.04190000000000001,8.0,7.0,0.0102,0.009000000000000001,69334.11,8.0,7.0,2792000.0,2533000.0,554673.0,5.03,4.57,2025-10-01,2025-10-31,monthly,31,False,710.21,349000.0,17892.68,0.258,orrin,e34fe23eba1ee3905bb069f814e41646,INKANO_Monthly_Ads_-_SHOPEE.csv
"InKano Roue Tanktop & Roue Line - Tanktop rajut wanita knit crop top wanita basic warna putih, mauve, grey, hitam [6]",Berjalan,Iklan Produk,25256768865,GMV Max ROAS,Semua Penempatan,03/06/2025 00:00:00,17316.0,675.0,0.039,19.0,10.0,0.0281,0.0148,18919.61,21.0,11.0,3736200.0,1829000.0,359473.0,10.39,5.09,2025-10-01,2025-10-31,monthly,31,False,532.55,177914.29,11595.9,0.677,roue,8459da015d493c924dc1c01d0358d4be,INKANO_Monthly_Ads_-_SHOPEE.csv
"InKano Pane Jacket - jaket wanita tipis dengan serat kain bertekstur, kancing depan, dan kantong [4]",Berjalan,Iklan Produk,25450648574,GMV Max ROAS,Semua Penempatan,17/06/2024 00:00:00,9841.0,572.0,0.0581,6.0,6.0,0.0105,0.0105,22208.68,6.0,6.0,1284000.0,1284000.0,133252.0,9.64,9.64,2025-10-01,2025-10-31,monthly,31,False,232.96,214000.0,4298.45,0.194,pane,5a379cbc338dcf127ebbca4d54cc949a,INKANO_Monthly_Ads_-_SHOPEE.csv
InKano Ann Cardie - Cadigan wanita katun outer rajut korean style,Berjalan,Iklan Produk,27924789216,GMV Max ROAS,Semua Penempatan,04/07/2025 00:00:00,2606.0,78.0,0.029900000000000003,3.0,3.0,0.0385,0.0385,24194.76,3.0,3.0,897000.0,897000.0,72584.0,12.36,12.36,2025-10-01,2025-10-31,monthly,31,False,930.56,299000.0,2341.42,0.097,ann,89062368eda84d744273f9c4cfa69253,INKANO_Monthly_Ads_-_SHOPEE.csv
InKano Adair - Kemeja wanita oversized dengan contast stitching details,Berjalan,Iklan Produk,43607402621,GMV Max ROAS,Semua Penempatan,07/07/2025 00:00:00,2186.0,108.0,0.049400000000000006,2.0,2.0,0.018500000000000003,0.018500000000000003,18942.3,2.0,2.0,538000.0,538000.0,37885.0,14.2,14.2,2025-10-01,2025-10-31,monthly,31,False,350.79,269000.0,1222.1,0.065,adair,3cabeb1564bafa8a5ae0fc157073f643,INKANO_Monthly_Ads_-_SHOPEE.csv
InKano Plume Sol - Sleeveless dress wanita dengan details texture fabric and tier silouette,Berjalan,Iklan Produk,55550137369,GMV Max ROAS,Semua Penempatan,25/10/2025 00:00:00,1214.0,43.0,0.0354,1.0,0.0,0.0233,0.0,30574.94,1.0,0.0,86700.0,0.0,30575.0,2.84,0.0,2025-10-01,2025-10-31,monthly,31,False,711.05,86700.0,986.29,0.032,plume,119d839bc5d21d34783d4efef46c7c06,INKANO_Monthly_Ads_-_SHOPEE.csv
InKano Fressia - Sleeveless atasan wanita dengan details applikasi floral.,Berjalan,Iklan Produk,54450142578,GMV Max ROAS,Semua Penempatan,27/10/2025 00:00:00,1041.0,19.0,0.0183,0.0,0.0,0.0,0.0,0.0,0.0,0.0,0.0,0.0,14745.0,0.0,0.0,2025-10-01,2025-10-31,monthly,31,False,776.05,,475.65,,fressia,ddbdf7488f9dff5d9ae17cddad8de388,INKANO_Monthly_Ads_-_SHOPEE.csv
InKano Leif - Atasan Blouse wanita basic atasan sleeveless wanita,Berjalan,Iklan Produk,40607295073,GMV Max ROAS,Semua Penempatan,07/07/2025 00:00:00,651.0,24.0,0.0369,1.0,1.0,0.0417,0.0417,2755.69,3.0,3.0,327000.0,327000.0,2756.0,118.66,118.66,2025-10-01,2025-10-31,monthly,31,False,114.83,109000.0,88.9,0.097,leif,4834ab61b4362d2e811ea19968139aa6,INKANO_Monthly_Ads_-_SHOPEE.csv
InKano Basic Tee - Kaos wanita full katun atasan wanita basic lengan pendek,Berjalan,Iklan Produk,55250147702,GMV Max ROAS,Semua Penempatan,25/10/2025 00:00:00,524.0,21.0,0.0401,0.0,0.0,0.0,0.0,0.0,0.0,0.0,0.0,0.0,22033.0,0.0,0.0,2025-10-01,2025-10-31,monthly,31,False,1049.19,,710.74,,kaos,344855191ec09e63402d5adb6cb40360,INKANO_Monthly_Ads_-_SHOPEE.csv
InKano Nile - Cardigan rajut wanita dengan details floral pattern,Dijeda,Iklan Produk,42867887324,GMV Max ROAS,Semua Penempatan,09/09/2025 00:00:00,79330.0,3938.0,0.0496,48.0,37.0,0.012199999999999999,0.009399999999999999,42041.89,49.0,37.0,15775600.0,13653000.0,2018011.0,7.82,6.77,2025-10-01,2025-10-31,monthly,31,False,512.45,321951.02,65097.13,1.581,nile,65f8a90d1263e7723c0ede07b33c4a2d,INKANO_Monthly_Ads_-_SHOPEE.csv
"InKano Bree - Sleeveless midi dress rayon warna putih, coklat beige, hijau olive, hijau sage, hitam [4]",Dijeda,Iklan Produk,6316156674,GMV Max ROAS,Semua Penempatan,22/09/2025 00:00:00,52572.0,1858.0,0.0353,48.0,27.0,0.0258,0.014499999999999999,28763.85,51.0,29.0,12181550.0,7362200.0,1380665.0,8.82,5.33,2025-10-01,2025-10-31,monthly,31,False,743.09,238853.92,44537.58,1.645,bree,9f8f08704625efe914301aa4079b10df,INKANO_Monthly_Ads_-_SHOPEE.csv
InKano Linnea - Atasan wanita lengan panjang bahan soft rib rajut,Dijeda,Iklan Produk,41811937665,GMV Max ROAS,Semua Penempatan,08/08/2025 00:00:00,48492.0,2298.0,0.047400000000000005,31.0,18.0,0.013500000000000002,0.0078000000000000005,22898.89,32.0,18.0,4956050.0,2592000.0,709866.0,6.98,3.65,2025-10-01,2025-10-31,monthly,31,False,308.91,154876.56,22898.9,1.032,linnea,8cf65093cf0fd6a60f9e0f326780efbd,INKANO_Monthly_Ads_-_SHOPEE.csv
InKano Acacia - Outerwear wanita dengan details bordir dan kain bertekstur linen,Dijeda,Iklan Produk,24593052285,GMV Max ROAS,Semua Penempatan,14/04/2025 00:00:00,41309.0,1411.0,0.0342,11.0,0.0,0.0078000000000000005,0.0,22840.17,11.0,0.0,2719200.0,0.0,251242.0,10.82,0.0,2025-10-01,2025-10-31,monthly,31,False,178.06,247200.0,8104.58,0.355,acacia,30a873d14f1c10c974fc329ecfd4709a,INKANO_Monthly_Ads_-_SHOPEE.csv
InKano Call Dress - Mini dress wanita sleeveless dress with texturized fabric [4],Dijeda,Iklan Produk,21495899405,GMV Max ROAS,Semua Penempatan,17/06/2024 00:00:00,38773.0,1358.0,0.035,32.0,19.0,0.0236,0.013999999999999999,23980.45,32.0,19.0,7303800.0,4661000.0,767374.0,9.52,6.07,2025-10-01,2025-10-31,monthly,31,False,565.08,228243.75,24754.0,1.032,call,754e2c9d0e04ae9ceda725174beb7c07,INKANO_Monthly_Ads_-_SHOPEE.csv
InKano Hearth - Minimalist sleeveless dress wanita dengan details drape dan natural tone,Dijeda,Iklan Produk,29128168295,GMV Max ROAS,Semua Penempatan,04/03/2025 00:00:00,37157.0,1603.0,0.0431,28.0,12.0,0.0175,0.0075,24130.05,30.0,14.0,7164600.0,3326000.0,675641.0,10.6,4.92,2025-10-01,2025-10-31,monthly,31,False,421.49,238820.0,21794.87,0.968,hearth,8e493fbae229886f7b9c0d73028a93ae,INKANO_Monthly_Ads_-_SHOPEE.csv
InKano Palmer - Celana pendek wanita,Dijeda,Iklan Produk,43161943121,GMV Max ROAS,Semua Penempatan,08/08/2025 00:00:00,33350.0,1259.0,0.0378,32.0,15.0,0.0254,0.011899999999999999,29785.79,33.0,15.0,6195350.0,3045000.0,953145.0,6.5,3.19,2025-10-01,2025-10-31,monthly,31,False,757.07,187737.88,30746.61,1.065,palmer,1e25a8293d3ed85076fac0f595e105e0,INKANO_Monthly_Ads_-_SHOPEE.csv
InKano Solin - Atasan wanita dengan details plisket crinkled fabric,Dijeda,Iklan Produk,40611870614,GMV Max ROAS,Semua Penempatan,08/08/2025 00:00:00,32380.0,1149.0,0.0355,22.0,14.0,0.0191,0.012199999999999999,30218.22,22.0,14.0,4679500.0,3166000.0,664801.0,7.04,4.76,2025-10-01,2025-10-31,monthly,31,False,578.59,212704.55,21445.19,0.71,solin,fdbe40f004da2a2867dc8ae51af76e87,INKANO_Monthly_Ads_-_SHOPEE.csv
InKano Brisa - Outerwear rajut wanita knitwear cardigan dengan details unfinished,Dijeda,Iklan Produk,43061856720,GMV Max ROAS,Semua Penempatan,08/08/2025 00:00:00,31007.0,1184.0,0.0382,10.0,9.0,0.0084,0.0076,62104.11,10.0,9.0,4070000.0,3771000.0,621041.0,6.55,6.07,2025-10-01,2025-10-31,monthly,31,False,524.53,407000.0,20033.58,0.323,brisa,9a2d817b8170e7a46c37cb6145b77dfa,INKANO_Monthly_Ads_-_SHOPEE.csv
InKano Tharra - Atasan sleeveless wanita katun dengan details bordir bunga,Dijeda,Iklan Produk,42817778717,GMV Max ROAS,Semua Penempatan,09/09/2025 00:00:00,23451.0,1001.0,0.042699999999999995,20.0,9.0,0.02,0.009000000000000001,17494.9,20.0,9.0,4250600.0,1841000.0,349898.0,12.15,5.26,2025-10-01,2025-10-31,monthly,31,False,349.55,212530.0,11287.03,0.645,tharra,64936c8e41ce7a710c7f30d98cf7f0da,INKANO_Monthly_Ads_-_SHOPEE.csv
InKano Peony - Atasan peplum rajut wanita dengan kancing depan,Dijeda,Iklan Produk,43711849136,GMV Max ROAS,Semua Penempatan,08/08/2025 00:00:00,22236.0,760.0,0.0342,14.0,6.0,0.0184,0.0079,47167.87,14.0,6.0,4378300.0,2574000.0,660350.0,6.63,3.9,2025-10-01,2025-10-31,monthly,31,False,868.88,312735.71,21301.61,0.452,peony,e85988a20b47bcd063d34985f148b40c,INKANO_Monthly_Ads_-_SHOPEE.csv
"InKano Hill - Celana panjang rayon wanita dengan kantong dan pinggang karet warna sand coklat susu, hitam, muted blush soft pink, dusty blue, space blue indigo, marsala brick, hijau olive [6]",Dijeda,Iklan Produk,4846833586,GMV Max ROAS,Semua Penempatan,08/02/2025 00:00:00,20207.0,912.0,0.0451,11.0,6.0,0.0121,0.0066,41719.76,14.0,9.0,3140200.0,1971000.0,458917.0,6.84,4.29,2025-10-01,2025-10-31,monthly,31,False,503.2,224300.0,14803.77,0.452,hill,3a763453518d41f9071668057c0bd49d,INKANO_Monthly_Ads_-_SHOPEE.csv
InKano Fable - Kemeja katun wanita shirtdress dengan kancing full depan warna hitam dan abu [4],Dijeda,Iklan Produk,9449724340,GMV Max ROAS,Semua Penempatan,09/06/2024 00:00:00,10876.0,515.0,0.047400000000000005,8.0,3.0,0.0155,0.0058,21792.71,8.0,3.0,1525800.0,807000.0,174342.0,8.75,4.63,2025-10-01,2025-10-31,monthly,31,False,338.53,190725.0,5623.94,0.258,fable,66fb2fc6dbc1fbebad20b03108302d08,INKANO_Monthly_Ads_-_SHOPEE.csv
InKano Eiro - Rok wanita dengan pinggang karet dan details plisket crinkled fabric,Dijeda,Iklan Produk,29389584649,GMV Max ROAS,Semua Penempatan,08/08/2025 00:00:00,3562.0,150.0,0.0421,7.0,2.0,0.0467,0.013300000000000001,16093.81,7.0,2.0,1813000.0,588000.0,112657.0,16.09,5.22,2025-10-01,2025-10-31,monthly,31,False,751.05,259000.0,3634.1,0.226,eiro,2a527c5cc67740eff8462de759d5cae5,INKANO_Monthly_Ads_-_SHOPEE.csv
InKano Fall Trousers - Celana panjang wanita full karet kulow wanita dengan teksur garis warna putih bw abu dan hitam [4],Dijeda,Iklan Produk,21695149050,GMV Max ROAS,Semua Penempatan,10/07/2024 00:00:00,948.0,41.0,0.0432,1.0,1.0,0.024399999999999998,0.024399999999999998,12757.23,1.0,1.0,189000.0,189000.0,12757.0,14.82,14.82,2025-10-01,2025-10-31,monthly,31,False,311.15,189000.0,411.52,0.032,fall,0d17b853c93c5f6b5ad687f53cbf6403,INKANO_Monthly_Ads_-_SHOPEE.csv
"InKano Fig Skirt - Rok wanita structured flare skirt warna offwhite, coksu, hitam [7]",Dijeda,Iklan Produk,22444569998,GMV Max ROAS,Semua Penempatan,08/06/2024 00:00:00,912.0,32.0,0.0351,0.0,0.0,0.0,0.0,0.0,0.0,0.0,0.0,0.0,5281.0,0.0,0.0,2025-10-01,2025-10-31,monthly,31,False,165.03,,170.35,,fig,97c10f0ed7d910b4e7ae5559eb412d5a,INKANO_Monthly_Ads_-_SHOPEE.csv
InKano Selka - Jaket wanita sheer dengan details floral embroidery,Dijeda,Iklan Produk,43261933019,GMV Max ROAS,Semua Penempatan,08/08/2025 00:00:00,858.0,26.0,0.030299999999999997,0.0,0.0,0.0,0.0,0.0,0.0,0.0,0.0,0.0,6987.0,0.0,0.0,2025-10-01,2025-10-31,monthly,31,False,268.73,,225.39,,selka,c4b7785c20a553035b20e6612f23257a,INKANO_Monthly_Ads_-_SHOPEE.csv
Automatically select products Ad,Berjalan,,0,GMV Max Auto Bidding (Shop),Semua Penempatan,05/11/2025 00:00:00,290097.0,12662.0,0.0436,191.0,104.0,0.0151,0.008199999999999999,21932.85,198.0,107.0,47222950.0,27443400.0,4189174.0,11.27,6.55,2025-11-01,2025-11-30,monthly,30,True,330.85,238499.75,139639.13,6.6,automatically,c8f46c918a03948d7582d90b396cc0a3,INKANO_Monthly_Ads_-_SHOPEE.csv
InKano Clove - Outer wanita rajut dengan details floral pattern lengan panjang,Berakhir,Iklan Produk,40017876563,GMV Max ROAS,Semua Penempatan,09/09/2025 00:00:00,18446.0,676.0,0.0366,10.0,7.0,0.0148,0.0104,35302.85,10.0,7.0,3520000.0,2513000.0,353028.0,9.97,7.12,2025-11-01,2025-11-30,monthly,30,False,522.23,352000.0,11767.6,0.333,clove,76208a8783d83c24873026f7e2664012,INKANO_Monthly_Ads_-_SHOPEE.csv
InKano Spire Dress - Sleeveless dress korea wanita katun warna coklat dan hitam black [7],Berjalan,Iklan Produk,19970359270,GMV Max ROAS,Semua Penempatan,26/10/2024 00:00:00,554373.0,15675.0,0.028300000000000002,197.0,148.0,0.0126,0.009399999999999999,32968.61,203.0,152.0,61208600.0,48672600.0,6494816.0,9.42,7.49,2025-11-01,2025-11-30,monthly,30,False,414.34,301520.2,216493.87,6.767,spire,559a8e2d22ad2a618a70610e102cb47a,INKANO_Monthly_Ads_-_SHOPEE.csv
InKano Thames Outer - Outerwear wanita knit cardigan wanita dengan details dash dan kancing [4],Berjalan,Iklan Produk,22787969197,GMV Max ROAS,Semua Penempatan,17/06/2024 00:00:00,416068.0,11853.0,0.0285,146.0,100.0,0.0123,0.0084,40079.2,150.0,101.0,55991000.0,42319000.0,5851562.0,9.57,7.23,2025-11-01,2025-11-30,monthly,30,False,493.68,373273.33,195052.07,5.0,thames,05b6758183fe0d50ebc011b06151bc30,INKANO_Monthly_Ads_-_SHOPEE.csv
InKano Thames Outer - Outerwear wanita knit cardigan wanita dengan details dash dan kancing,Berjalan,Iklan Produk,29273185813,GMV Max ROAS,Semua Penempatan,11/01/2025 00:00:00,376548.0,13350.0,0.0355,173.0,118.0,0.013000000000000001,0.0088,39050.11,177.0,119.0,66764800.0,49861000.0,6755670.0,9.88,7.38,2025-11-01,2025-11-30,monthly,30,False,506.04,377202.26,225189.0,5.9,thames,f49991b27378737acadc155dd1635d38,INKANO_Monthly_Ads_-_SHOPEE.csv
InKano Cassia - Outer knit wanita lengan panjang dengan scallop hemming outerwear rajut wanita,Berjalan,Iklan Produk,27062867019,GMV Max ROAS,Semua Penempatan,04/11/2024 00:00:00,348680.0,12711.0,0.0365,139.0,89.0,0.0109,0.006999999999999999,31642.88,143.0,91.0,43675650.0,31489000.0,4398361.0,9.93,7.16,2025-11-01,2025-11-30,monthly,30,False,346.03,305424.13,146612.03,4.767,cassia,060abcda878d350267cef127c2bddb9d,INKANO_Monthly_Ads_-_SHOPEE.csv
InKano Haze - Atasan rajut basic wanita dengan bahan full katun inner basic wanita lengan panjang,Berjalan,Iklan Produk,26214700605,GMV Max ROAS,Semua Penempatan,22/10/2024 00:00:00,305049.0,10653.0,0.0349,127.0,95.0,0.011899999999999999,0.0089,26088.95,137.0,105.0,31766600.0,25109200.0,3313297.0,9.59,7.58,2025-11-01,2025-11-30,monthly,30,False,311.02,231872.99,110443.23,4.567,haze,3ebc389f1f483b5b4e875a8ecb4fe081,INKANO_Monthly_Ads_-_SHOPEE.csv
InKano Fressia - Sleeveless atasan wanita dengan details applikasi floral.,Berjalan,Iklan Produk,26778177709,GMV Max ROAS,Semua Penempatan,04/03/2025 00:00:00,293835.0,11820.0,0.04019999999999999,164.0,103.0,0.0139,0.0087,24291.18,169.0,106.0,38285550.0,24090800.0,3983753.0,9.61,6.05,2025-11-01,2025-11-30,monthly,30,False,337.03,226541.72,132791.77,5.633,fressia,f82b79b9311761e2961c2e4b673a028b,INKANO_Monthly_Ads_-_SHOPEE.csv
InKano Plume Sol - Sleeveless dress wanita dengan details texture fabric and tier silouette,Berjalan,Iklan Produk,28074783892,GMV Max ROAS,Semua Penempatan,30/01/2025 00:00:00,281823.0,11760.0,0.0417,182.0,131.0,0.0155,0.0111,24063.58,183.0,132.0,44319000.0,32142100.0,4379572.0,10.12,7.34,2025-11-01,2025-11-30,monthly,30,False,372.41,242180.33,145985.73,6.1,plume,27f50deac312ecaa1256f2c0f5084855,INKANO_Monthly_Ads_-_SHOPEE.csv
InKano Basic Tee - Kaos wanita full katun atasan wanita basic lengan pendek,Berjalan,Iklan Produk,26124817232,GMV Max ROAS,Semua Penempatan,12/04/2025 00:00:00,234710.0,7001.0,0.0298,218.0,178.0,0.0311,0.0254,13833.53,274.0,226.0,29581200.0,22424400.0,3015710.0,9.81,7.44,2025-11-01,2025-11-30,monthly,30,False,430.75,107960.58,100523.67,9.133,kaos,9fa71a2dbb84325e276355456e9957ca,INKANO_Monthly_Ads_-_SHOPEE.csv
InKano Stripes Union - Oversized stripes cotton knit top with long sleeve bahan katun korean style [5],Berjalan,Iklan Produk,18680549695,GMV Max ROAS,Semua Penempatan,08/06/2024 00:00:00,210196.0,7496.0,0.035699999999999996,92.0,77.0,0.0123,0.0103,31669.44,96.0,81.0,27731700.0,24219000.0,2913589.0,9.52,8.31,2025-11-01,2025-11-30,monthly,30,False,388.69,288871.88,97119.63,3.2,stripes,89d40d807576db0e8fa64609c7418244,INKANO_Monthly_Ads_-_SHOPEE.csv
InKano Cirrus - Dress wanita sleeveless midi dress wanita dengan details rok balloon,Berjalan,Iklan Produk,25390328930,GMV Max ROAS,Semua Penempatan,11/01/2025 00:00:00,209315.0,7397.0,0.0353,86.0,63.0,0.0116,0.0085,30251.84,86.0,63.0,24549900.0,18507100.0,2601659.0,9.44,7.11,2025-11-01,2025-11-30,monthly,30,False,351.72,285463.95,86721.97,2.867,cirrus,3075e5414f0ce95f3e382df78626b3ea,INKANO_Monthly_Ads_-_SHOPEE.csv
InKano Barrel Pants - Celana panjang wanita dengan cutting barrel dan bahan katun,Berjalan,Iklan Produk,27738375792,GMV Max ROAS,Semua Penempatan,07/07/2025 00:00:00,207268.0,10164.0,0.049,165.0,128.0,0.016200000000000003,0.0126,27109.06,178.0,136.0,43324700.0,36305900.0,4472995.0,9.69,8.12,2025-11-01,2025-11-30,monthly,30,False,440.08,243397.19,149099.83,5.933,barrel,b136c60032dec5ac5a2a8786e7ae3a82,INKANO_Monthly_Ads_-_SHOPEE.csv
InKano Spire Dress Maxi - Sleeveless dress korea wanita katun warna coklat dan hitam black,Berjalan,Iklan Produk,27923231189,GMV Max ROAS,Semua Penempatan,11/01/2025 00:00:00,194706.0,5588.0,0.0287,53.0,29.0,0.0095,0.0052,30916.73,57.0,32.0,16496550.0,10251100.0,1638587.0,10.07,6.26,2025-11-01,2025-11-30,monthly,30,False,293.23,289413.16,54619.57,1.9,spire,f0ea65f6f308046f18f032d1c3f9e7e2,INKANO_Monthly_Ads_-_SHOPEE.csv
"InKano Meadow - Cardigan rajut wanita bahan full katun, knit cardigan wanita",Berjalan,Iklan Produk,26670732939,GMV Max ROAS,Semua Penempatan,16/12/2024 00:00:00,180326.0,5802.0,0.0322,59.0,32.0,0.0102,0.0055000000000000005,36026.5,61.0,32.0,20285900.0,12370200.0,2125563.0,9.54,5.82,2025-11-01,2025-11-30,monthly,30,False,366.35,332555.74,70852.1,2.033,meadow,5d5e0d7cf817e95d3d4e00fe320322d1,INKANO_Monthly_Ads_-_SHOPEE.csv
InKano Rene Cardigan - Everyday cardigan wanita outerwear wanita knit cardigan cotton viscose [4],Berjalan,Iklan Produk,24571129042,GMV Max ROAS,Semua Penempatan,11/06/2024 00:00:00,166943.0,6290.0,0.0377,83.0,61.0,0.0132,0.0097,36530.77,84.0,62.0,29607450.0,22619700.0,3032054.0,9.76,7.46,2025-11-01,2025-11-30,monthly,30,False,482.04,352469.64,101068.47,2.8,rene,766ab84dfc70656c2afc93f14602ecd0,INKANO_Monthly_Ads_-_SHOPEE.csv
InKano Hawthorn - Atasan rajut knitwear wanita dengan details zipper dan tekstur,Berjalan,Iklan Produk,43807397639,GMV Max ROAS,Semua Penempatan,07/07/2025 00:00:00,158460.0,7721.0,0.0487,106.0,56.0,0.0137,0.0073,34898.55,109.0,57.0,36309700.0,22743000.0,3699246.0,9.82,6.15,2025-11-01,2025-11-30,monthly,30,False,479.11,333116.51,123308.2,3.633,hawthorn,9abc2975c704fd6679f1905350ffca07,INKANO_Monthly_Ads_-_SHOPEE.csv
InKano Lyn - Atasan wanita tanpa lengan sleveless top wanita dengan bahan ironless dan flowy dan details drape di pundak,Berjalan,Iklan Produk,28753233081,GMV Max ROAS,Semua Penempatan,24/06/2024 00:00:00,138296.0,4667.0,0.0337,99.0,62.0,0.0212,0.013300000000000001,18507.26,102.0,64.0,18401000.0,10799100.0,1832219.0,10.04,5.89,2025-11-01,2025-11-30,monthly,30,False,392.59,180401.96,61073.97,3.4,lyn,25ed3d17f07d25e3baef7e3a72339e2d,INKANO_Monthly_Ads_-_SHOPEE.csv
InKano Amary - Sleeveless dress wanita dengan details rok plisket,Berjalan,Iklan Produk,29075945430,GMV Max ROAS,Semua Penempatan,15/02/2025 00:00:00,136321.0,7636.0,0.055999999999999994,111.0,60.0,0.014499999999999999,0.0079,33230.84,113.0,61.0,37440850.0,24061200.0,3688624.0,10.15,6.52,2025-11-01,2025-11-30,monthly,30,False,483.06,331334.96,122954.13,3.767,amary,aaffe539d7ed84f30ab4f133d3975cae,INKANO_Monthly_Ads_-_SHOPEE.csv
InKano Cascade - Everyday sleeveless top wanita atasan wanita sleevelss bahan parasut,Berjalan,Iklan Produk,29802573288,GMV Max ROAS,Semua Penempatan,13/06/2024 00:00:00,136015.0,5294.0,0.038900000000000004,104.0,68.0,0.0196,0.0128,18776.03,119.0,77.0,19377350.0,11458100.0,1952707.0,9.92,5.87,2025-11-01,2025-11-30,monthly,30,False,368.85,162834.87,65090.23,3.967,cascade,563955a7f21e0b0fbc079c2c8292a408,INKANO_Monthly_Ads_-_SHOPEE.csv
InKano Ann Cardie - Cadigan wanita katun outer rajut korean style [9],Berjalan,Iklan Produk,21486955097,GMV Max ROAS,Semua Penempatan,10/07/2024 00:00:00,134967.0,5397.0,0.04,67.0,43.0,0.0124,0.008,29765.32,70.0,45.0,20009450.0,13425100.0,1994276.0,10.03,6.73,2025-11-01,2025-11-30,monthly,30,False,369.52,285849.29,66475.87,2.333,ann,3e89794635959b9365f4716ad5488f9d,INKANO_Monthly_Ads_-_SHOPEE.csv
InKano Mallow - Knit top rajut jaket wanita dengan twi way zipper.,Berjalan,Iklan Produk,27226014984,GMV Max ROAS,Semua Penempatan,15/02/2025 00:00:00,131677.0,4483.0,0.034,50.0,25.0,0.011200000000000002,0.005600000000000001,39443.97,50.0,25.0,17997300.0,10725000.0,1972199.0,9.13,5.44,2025-11-01,2025-11-30,monthly,30,False,439.93,359946.0,65739.97,1.667,mallow,3fbfd2fc641293b4067bcd08705d29c1,INKANO_Monthly_Ads_-_SHOPEE.csv
"InKano Waves - Midi dress bahan katun warna Putih (berfuring), Beige, Biru tua, Coklat tua, Hitam [7]",Berjalan,Iklan Produk,6137355964,GMV Max ROAS,Semua Penempatan,08/06/2024 00:00:00,128408.0,4847.0,0.0377,75.0,58.0,0.0155,0.012,23470.89,79.0,60.0,15410800.0,11934900.0,1760316.0,8.75,6.78,2025-11-01,2025-11-30,monthly,30,False,363.18,195073.42,58677.2,2.633,waves,6b6d89ca42c7e6b5ed567435ab6e37f8,INKANO_Monthly_Ads_-_SHOPEE.csv
"InKano Bree - Sleeveless midi dress rayon warna putih, coklat beige, hijau olive, hijau sage, hitam [4]",Berjalan,Iklan Produk,8012587266,GMV Max ROAS,Semua Penempatan,26/10/2024 00:00:00,126153.0,3725.0,0.029500000000000002,71.0,51.0,0.0191,0.0137,28776.23,72.0,52.0,19188800.0,14437500.0,2043112.0,9.39,7.07,2025-11-01,2025-11-30,monthly,30,False,548.49,266511.11,68103.73,2.4,bree,b123877d23beaf7706b80f5e75f8ab92,INKANO_Monthly_Ads_-_SHOPEE.csv
InKano Cassia - Outer knit wanita lengan panjang dengan scallop hemming outerwear rajut wanita,Berjalan,Iklan Produk,40556691928,GMV Max ROAS,Semua Penempatan,30/06/2025 00:00:00,120447.0,4343.0,0.0361,80.0,59.0,0.0184,0.013600000000000001,35104.64,88.0,64.0,28992500.0,22276000.0,2808371.0,10.32,7.93,2025-11-01,2025-11-30,monthly,30,False,646.64,329460.23,93612.37,2.933,cassia,aa756d4649692530c80ab599b4108b2f,INKANO_Monthly_Ads_-_SHOPEE.csv
InKano Spire Dress - Sleeveless dress korea wanita katun warna coklat dan hitam black,Berjalan,Iklan Produk,29640723036,GMV Max ROAS,Semua Penempatan,30/08/2025 00:00:00,105740.0,3119.0,0.029500000000000002,54.0,35.0,0.0173,0.011200000000000002,37478.44,59.0,38.0,18172200.0,12212000.0,2023836.0,8.98,6.03,2025-11-01,2025-11-30,monthly,30,False,648.87,308003.39,67461.2,1.967,spire,0823ac7b97650a1346dc9eea9984b8b5,INKANO_Monthly_Ads_-_SHOPEE.csv
InKano Briette - Crop top wanita crop top outerwear wanita dengan details tali ikat [4],Berjalan,Iklan Produk,25575584031,GMV Max ROAS,Semua Penempatan,08/06/2024 00:00:00,102233.0,4621.0,0.0452,61.0,42.0,0.0132,0.0091,23229.9,62.0,43.0,12114200.0,7812300.0,1417024.0,8.55,5.51,2025-11-01,2025-11-30,monthly,30,False,306.65,195390.32,47234.13,2.067,briette,49c47c9ad408cc939ffb95733f12168a,INKANO_Monthly_Ads_-_SHOPEE.csv
InKano Flow - Kemeja sleeveless wanita dengan bahan polyester linen dan relaxed fit,Berjalan,Iklan Produk,29362642841,GMV Max ROAS,Semua Penempatan,02/10/2024 00:00:00,102188.0,3737.0,0.0366,111.0,83.0,0.0297,0.0222,18994.39,134.0,104.0,21113700.0,15481300.0,2108378.0,10.01,7.34,2025-11-01,2025-11-30,monthly,30,False,564.19,157564.93,70279.27,4.467,flow,802aa36b7506dc32d11983b72a701222,INKANO_Monthly_Ads_-_SHOPEE.csv
InKano Marri Longsleeves - Cropped top knitted top with embossed pattern in long sleeves. [6],Berjalan,Iklan Produk,24369177837,GMV Max ROAS,Semua Penempatan,17/06/2024 00:00:00,100334.0,5625.0,0.056100000000000004,54.0,26.0,0.0096,0.0046,28471.16,61.0,26.0,15209600.0,7774000.0,1537443.0,9.89,5.06,2025-11-01,2025-11-30,monthly,30,False,273.32,249337.7,51248.1,2.033,marri,e91ae4c9826b15f6e44b16dda20b29db,INKANO_Monthly_Ads_-_SHOPEE.csv
InKano Basic Tee - Kaos wanita full katun atasan wanita basic lengan pendek,Berjalan,Iklan Produk,26514706880,GMV Max ROAS,Semua Penempatan,22/10/2024 00:00:00,95692.0,2733.0,0.0286,127.0,97.0,0.04650000000000001,0.0355,14614.31,178.0,137.0,18239400.0,13493700.0,1856017.0,9.83,7.27,2025-11-01,2025-11-30,monthly,30,False,679.11,102468.54,61867.23,5.933,kaos,39ccc440da203e5904ae79de4f73197d,INKANO_Monthly_Ads_-_SHOPEE.csv
InKano Neva Tee - Kaos wanita 100% cotton crewneck tee dengan contrastic fabric,Berjalan,Iklan Produk,42817883477,GMV Max ROAS,Semua Penempatan,10/09/2025 00:00:00,92448.0,4035.0,0.0436,102.0,72.0,0.0253,0.0178,14591.9,115.0,80.0,13867200.0,9080000.0,1488373.0,9.32,6.1,2025-11-01,2025-11-30,monthly,30,False,368.87,120584.35,49612.43,3.833,neva,253dfe8e779b91a836371a64f6ec9538,INKANO_Monthly_Ads_-_SHOPEE.csv
InKano Basic Tee - Kaos wanita full katun atasan wanita basic lengan pendek,Berjalan,Iklan Produk,41504095124,GMV Max ROAS,Semua Penempatan,11/06/2025 00:00:00,91443.0,3158.0,0.0345,99.0,82.0,0.0313,0.026000000000000002,14147.96,129.0,110.0,13223600.0,10870200.0,1400648.0,9.44,7.76,2025-11-01,2025-11-30,monthly,30,False,443.52,102508.53,46688.27,4.3,kaos,0b4add18c4db2c70f46b7c3280b4a25f,INKANO_Monthly_Ads_-_SHOPEE.csv
InKano Solstice Dress - Dress maxi wanita dengan tali spaghetti strap,Berjalan,Iklan Produk,43350410595,GMV Max ROAS,Semua Penempatan,15/05/2025 00:00:00,88638.0,3752.0,0.042300000000000004,67.0,47.0,0.0179,0.0125,19491.11,69.0,49.0,13357400.0,9304300.0,1305904.0,10.23,7.12,2025-11-01,2025-11-30,monthly,30,False,348.06,193585.51,43530.13,2.3,solstice,5251b6a6aa2b6052927ede619ebeb499,INKANO_Monthly_Ads_-_SHOPEE.csv
"InKano Acre Dress - Sleeveless dress katun maxi dress sleeveless hitam, navy, dan gingham [3]",Berjalan,Iklan Produk,26150443050,GMV Max ROAS,Semua Penempatan,08/06/2024 00:00:00,85681.0,3044.0,0.0355,43.0,20.0,0.0141,0.0066,28122.25,43.0,20.0,11156900.0,6280000.0,1209257.0,9.23,5.19,2025-11-01,2025-11-30,monthly,30,False,397.26,259462.79,40308.57,1.433,acre,8a0c480ece0d48725ea4b00a39ef1252,INKANO_Monthly_Ads_-_SHOPEE.csv
InKano Haze - Atasan rajut basic wanita dengan bahan full katun inner basic wanita lengan panjang,Berjalan,Iklan Produk,42370553268,GMV Max ROAS,Semua Penempatan,22/09/2025 00:00:00,84683.0,2908.0,0.034300000000000004,82.0,50.0,0.0282,0.0172,26005.81,90.0,57.0,20068250.0,14013000.0,2132476.0,9.41,6.57,2025-11-01,2025-11-30,monthly,30,False,733.31,222980.56,71082.53,3.0,haze,6b8ebae9ce760df5f11b0aff4e92446c,INKANO_Monthly_Ads_-_SHOPEE.csv
InKano Elmore - Basic cardigan wanita rajut full kancing dengan bahan viscose yang lembut dan halus,Berjalan,Iklan Produk,24046286517,GMV Max ROAS,Semua Penempatan,08/08/2025 00:00:00,82521.0,3741.0,0.0453,45.0,22.0,0.012,0.0059,29586.5,47.0,23.0,12040000.0,6647000.0,1331392.0,9.04,4.99,2025-11-01,2025-11-30,monthly,30,False,355.89,256170.21,44379.73,1.567,elmore,e2bf7ecd015db542786d53dfdfd506a2,INKANO_Monthly_Ads_-_SHOPEE.csv
"InKano Linen Dress - Sleeveless dress linen, midi dress wanita warna offwhite stripes dan navy [5]",Berjalan,Iklan Produk,23870069126,GMV Max ROAS,Semua Penempatan,21/04/2025 00:00:00,78152.0,4605.0,0.058899999999999994,60.0,15.0,0.013000000000000001,0.0033,27940.58,60.0,15.0,16280400.0,5461200.0,1676435.0,9.71,3.26,2025-11-01,2025-11-30,monthly,30,False,364.05,271340.0,55881.17,2.0,linen,0a11212441eadefdfae2a027837635d7,INKANO_Monthly_Ads_-_SHOPEE.csv
"InKano Cycle Jacket - See through jacket texturized fabric jaket wanita dengan hoodie warna beige, dusty pink, coklat [6]",Berjalan,Iklan Produk,22619901508,GMV Max ROAS,Semua Penempatan,11/06/2024 00:00:00,74203.0,2710.0,0.0365,25.0,17.0,0.0092,0.0063,23274.63,25.0,17.0,4957300.0,3303400.0,581866.0,8.52,5.68,2025-11-01,2025-11-30,monthly,30,False,214.71,198292.0,19395.53,0.833,cycle,0dce48395c73252c5c06d48f9500a061,INKANO_Monthly_Ads_-_SHOPEE.csv
"InKano Sparrow - Sleeveless maxi dress dengan texture plisket berfuring warna putih gading, abu muda, pink, coklat [4]",Berjalan,Iklan Produk,8150225187,GMV Max ROAS,Semua Penempatan,10/07/2024 00:00:00,73461.0,2574.0,0.035,40.0,32.0,0.0155,0.0124,26723.6,42.0,34.0,10283800.0,8391300.0,1068944.0,9.62,7.85,2025-11-01,2025-11-30,monthly,30,False,415.29,244852.38,35631.47,1.4,sparrow,74d87bb3ec5a92613ef214032487ad05,INKANO_Monthly_Ads_-_SHOPEE.csv
InKano Willow - Sleeveless dress satin wanita dengan details floral dress semi formal wanita untuk occasion [2],Berjalan,Iklan Produk,27970724615,GMV Max ROAS,Semua Penempatan,16/12/2024 00:00:00,71083.0,2929.0,0.0412,40.0,17.0,0.0137,0.0058,26219.15,40.0,17.0,11708900.0,5839300.0,1048766.0,11.16,5.57,2025-11-01,2025-11-30,monthly,30,False,358.06,292722.5,34958.87,1.333,willow,f12f862c9c6014d386b9d2993d576a3c,INKANO_Monthly_Ads_-_SHOPEE.csv
InKano Vine - Kemeja wanita stripes bahan full katun,Berjalan,Iklan Produk,27774742340,GMV Max ROAS,Semua Penempatan,30/01/2025 00:00:00,69868.0,2801.0,0.0401,37.0,19.0,0.0132,0.0068000000000000005,25892.01,39.0,19.0,8526600.0,4551000.0,958004.0,8.9,4.75,2025-11-01,2025-11-30,monthly,30,False,342.02,218630.77,31933.47,1.3,vine,6fd4a7252e4f269e5e63c355b950cbc5,INKANO_Monthly_Ads_-_SHOPEE.csv
"InKano Seville - Sleeveless midi dress wanita bahan katun warna beige coklat muda, navy blue, pearl ivory, peanut coklat tua [6]",Berjalan,Iklan Produk,5418636273,GMV Max ROAS,Semua Penempatan,08/06/2024 00:00:00,68500.0,2129.0,0.0311,38.0,23.0,0.0178,0.0108,23336.67,39.0,24.0,8000300.0,5248300.0,886793.0,9.02,5.92,2025-11-01,2025-11-30,monthly,30,False,416.53,205135.9,29559.77,1.3,seville,6e7101269a1a537131a608b109c8efe6,INKANO_Monthly_Ads_-_SHOPEE.csv
"InKano Paige - Kemeja rayon wanita full kancing warna putih, coklat muda, hitam, olive, hijau sage, biru tua, biru muda [4]",Berjalan,Iklan Produk,4216455466,GMV Max ROAS,Semua Penempatan,08/06/2024 00:00:00,66571.0,2423.0,0.0364,50.0,39.0,0.0206,0.0161,19312.68,54.0,43.0,8729400.0,6773400.0,965634.0,9.04,7.01,2025-11-01,2025-11-30,monthly,30,False,398.53,161655.56,32187.8,1.8,paige,60dc3e4cecf09bb7b8e66fd5f1a87ba4,INKANO_Monthly_Ads_-_SHOPEE.csv
InKano Arbor - Outer wanita blazer wanita bahan soft suede,Berjalan,Iklan Produk,26439584864,GMV Max ROAS,Semua Penempatan,08/08/2025 00:00:00,62299.0,3375.0,0.0542,41.0,22.0,0.0121,0.006500000000000001,27116.58,43.0,22.0,11250500.0,6361600.0,1111780.0,10.12,5.72,2025-11-01,2025-11-30,monthly,30,False,329.42,261639.53,37059.33,1.433,arbor,170efaf0aeb0fc855967d11938cb9534,INKANO_Monthly_Ads_-_SHOPEE.csv
"InKano Meadow - Cardigan rajut wanita bahan full katun, knit cardigan wanita [2]",Berjalan,Iklan Produk,41051655502,GMV Max ROAS,Semua Penempatan,05/11/2025 00:00:00,58857.0,1392.0,0.023700000000000002,15.0,3.0,0.0108,0.0022,49101.62,16.0,3.0,5529200.0,1167000.0,736524.0,7.51,1.58,2025-11-01,2025-11-30,monthly,30,False,529.11,345575.0,24550.8,0.533,meadow,d889fae0874d96759feeda1cbf46333d,INKANO_Monthly_Ads_-_SHOPEE.csv
"InKano Waves - Midi dress bahan katun warna Putih (berfuring), Beige, Biru tua, Coklat tua, Hitam [5]",Berjalan,Iklan Produk,3537453641,GMV Max ROAS,Semua Penempatan,19/03/2025 00:00:00,57759.0,1980.0,0.034300000000000004,27.0,23.0,0.013600000000000001,0.0116,26639.09,31.0,27.0,6191050.0,5453000.0,719255.0,8.61,7.58,2025-11-01,2025-11-30,monthly,30,False,363.26,199711.29,23975.17,1.033,waves,be586bd5bb590fce67709a02c7a56eaa,INKANO_Monthly_Ads_-_SHOPEE.csv
"InKano Basic Shirt - Kemeja basic rayon full kancing warna putih, hitam dan biru navy [4]",Berjalan,Iklan Produk,4654707139,GMV Max ROAS,Semua Penempatan,11/06/2024 00:00:00,56915.0,2274.0,0.04,50.0,41.0,0.022000000000000002,0.018000000000000002,22706.66,62.0,53.0,10551600.0,8940100.0,1135333.0,9.29,7.87,2025-11-01,2025-11-30,monthly,30,False,499.27,170187.1,37844.43,2.067,shirt,a2d4696091f774e2ad8e32f10a306cf5,INKANO_Monthly_Ads_-_SHOPEE.csv
"InKano Dill - Outerwear daily wanita bahan rayon texture crinkle warna muted pink mauve, hijau sage, coklat coffee [6]",Berjalan,Iklan Produk,16770157482,GMV Max ROAS,Semua Penempatan,09/06/2024 00:00:00,56733.0,2859.0,0.0504,44.0,24.0,0.0154,0.0084,21787.87,46.0,26.0,9597000.0,4654000.0,958666.0,10.01,4.85,2025-11-01,2025-11-30,monthly,30,False,335.32,208630.43,31955.53,1.533,dill,8e8c29402806a5bbcf8eee0538bc5724,INKANO_Monthly_Ads_-_SHOPEE.csv
"InKano River - Sleeveless maxi cotton knit dress / Dress rajut katun panjang warna beige coklat susu, cloud grey abu muda, stone, asphalt abu tua [5]",Berjalan,Iklan Produk,9066211366,GMV Max ROAS,Semua Penempatan,18/07/2024 00:00:00,56591.0,2065.0,0.0365,26.0,17.0,0.0126,0.008199999999999999,27295.32,27.0,18.0,7452700.0,5022000.0,709678.0,10.5,7.08,2025-11-01,2025-11-30,monthly,30,False,343.67,276025.93,23655.93,0.9,river,b2c9de68f79e1bfda48d122842633d4c,INKANO_Monthly_Ads_-_SHOPEE.csv
"InKano Ravine - Sleveless dress wanita ironless crinkle fabric, midi inner dress wanita",Berjalan,Iklan Produk,25532425535,GMV Max ROAS,Semua Penempatan,24/06/2024 00:00:00,55838.0,1983.0,0.0355,41.0,27.0,0.0207,0.013600000000000001,21823.43,43.0,28.0,7915600.0,5153100.0,894760.0,8.85,5.76,2025-11-01,2025-11-30,monthly,30,False,451.22,184083.72,29825.33,1.433,ravine,abebf6fbb4bd2c31ff74c367789ff8c3,INKANO_Monthly_Ads_-_SHOPEE.csv
InKano Acker - Atasan wanita dengan bahan soft rib rajut dan contrasting fabric,Berjalan,Iklan Produk,42561854974,GMV Max ROAS,Semua Penempatan,08/08/2025 00:00:00,54896.0,1840.0,0.0335,39.0,27.0,0.0212,0.0147,22312.37,42.0,28.0,7814600.0,5242000.0,870183.0,8.98,6.02,2025-11-01,2025-11-30,monthly,30,False,472.93,186061.9,29006.1,1.4,acker,2a3288ec593213f9e2cf9df410f2e8d0,INKANO_Monthly_Ads_-_SHOPEE.csv
InKano Eyre Drawstring Dress - sleeveless dress wanita midi dress wanita dengan drawstring pinggang [4],Berjalan,Iklan Produk,25022052499,GMV Max ROAS,Semua Penempatan,11/07/2024 00:00:00,53436.0,2244.0,0.042,36.0,22.0,0.016,0.0098,22118.62,37.0,22.0,7843400.0,4672300.0,796270.0,9.85,5.87,2025-11-01,2025-11-30,monthly,30,False,354.84,211983.78,26542.33,1.233,eyre,c8091e3e73ca95f4f14b19ef77e9910e,INKANO_Monthly_Ads_-_SHOPEE.csv
"InKano Crest - Pleated dress wanita sleeveless, dress wanita plisket tanpa lengan",Berjalan,Iklan Produk,24238660941,GMV Max ROAS,Semua Penempatan,25/11/2024 00:00:00,50165.0,1551.0,0.030899999999999997,22.0,13.0,0.014199999999999999,0.0084,29756.9,23.0,13.0,7002800.0,4373100.0,654652.0,10.7,6.68,2025-11-01,2025-11-30,monthly,30,False,422.08,304469.57,21821.73,0.767,crest,5e6334a25dc95d51557b438fceb1d17c,INKANO_Monthly_Ads_-_SHOPEE.csv
"InKano Gianna - Dress rayon dengan details ikat warna hitam, coklat muda, hijau olive dan soft pink [5]",Berjalan,Iklan Produk,4520695814,GMV Max ROAS,Semua Penempatan,08/06/2024 00:00:00,50142.0,1613.0,0.0322,14.0,12.0,0.0087,0.0074,26751.76,14.0,12.0,3137300.0,2679300.0,374525.0,8.38,7.15,2025-11-01,2025-11-30,monthly,30,False,232.19,224092.86,12484.17,0.467,gianna,6f6b4ba0b9ccb505bc7c05baf9c80594,INKANO_Monthly_Ads_-_SHOPEE.csv
InKano Lunel - Rayon premium maxi dress with pleated details,Berjalan,Iklan Produk,47150051417,GMV Max ROAS,Semua Penempatan,05/11/2025 00:00:00,50102.0,1844.0,0.0368,36.0,12.0,0.0195,0.006500000000000001,26672.7,36.0,12.0,8830000.0,3508000.0,960217.0,9.2,3.65,2025-11-01,2025-11-30,monthly,30,False,520.73,245277.78,32007.23,1.2,lunel,5eeecab1529cac209616e291a8309918,INKANO_Monthly_Ads_-_SHOPEE.csv
InKano Gale - Rok satin wanita warna bw creme dan hitam,Berjalan,Iklan Produk,28364865828,GMV Max ROAS,Semua Penempatan,24/10/2024 00:00:00,49993.0,3037.0,0.060700000000000004,61.0,36.0,0.020099999999999996,0.011899999999999999,19780.78,62.0,36.0,11708650.0,6796200.0,1206627.0,9.7,5.63,2025-11-01,2025-11-30,monthly,30,False,397.31,188849.19,40220.9,2.067,gale,8fca36ee7a94573f5b58037e5437bda1,INKANO_Monthly_Ads_-_SHOPEE.csv
InKano Echo - Celana pendek parasut wanita full pinggang karet,Berjalan,Iklan Produk,27703225497,GMV Max ROAS,Semua Penempatan,24/06/2024 00:00:00,49398.0,1637.0,0.0331,53.0,34.0,0.032400000000000005,0.0208,20733.12,61.0,38.0,10627800.0,6422000.0,1098856.0,9.67,5.84,2025-11-01,2025-11-30,monthly,30,False,671.26,174226.23,36628.53,2.033,echo,4b5d665c01333627f8243b4e5339609d,INKANO_Monthly_Ads_-_SHOPEE.csv
InKano Plume Sol - Sleeveless dress wanita dengan details texture fabric and tier silouette,Berjalan,Iklan Produk,55550137369,GMV Max ROAS,Semua Penempatan,25/10/2025 00:00:00,45121.0,1740.0,0.038599999999999995,30.0,12.0,0.0172,0.0069,28492.91,32.0,13.0,7720200.0,3177000.0,854787.0,9.03,3.72,2025-11-01,2025-11-30,monthly,30,False,491.26,241256.25,28492.9,1.067,plume,8c9bf17c238e3e404f07d53554fb940f,INKANO_Monthly_Ads_-_SHOPEE.csv
InKano Ripple - Rok plisket wanita flowy pinggang karet [2],Berjalan,Iklan Produk,25439467291,GMV Max ROAS,Semua Penempatan,16/12/2024 00:00:00,45034.0,1649.0,0.0366,24.0,11.0,0.0146,0.0067,33405.86,26.0,13.0,8313300.0,4817000.0,801741.0,10.37,6.01,2025-11-01,2025-11-30,monthly,30,False,486.2,319742.31,26724.7,0.867,ripple,e9173c630a9bc24216801853381f0054,INKANO_Monthly_Ads_-_SHOPEE.csv
InKano Tessera - Kemeja rajut lengan panjang dengan details tekstur untuk atasan maupun outerwear,Berjalan,Iklan Produk,27612634424,GMV Max ROAS,Semua Penempatan,02/10/2024 00:00:00,43783.0,1570.0,0.0359,18.0,5.0,0.0115,0.0032,26592.02,19.0,5.0,4349950.0,1795000.0,478656.0,9.09,3.75,2025-11-01,2025-11-30,monthly,30,False,304.88,228944.74,15955.2,0.633,tessera,cdc99bff933be1d7e9b768c95e6dd875,INKANO_Monthly_Ads_-_SHOPEE.csv
InKano Nash - Sleeveless atasan blouse wanita dengan neckline tinggi dan tekstur kain,Berjalan,Iklan Produk,40157398753,GMV Max ROAS,Semua Penempatan,07/07/2025 00:00:00,43302.0,1706.0,0.0394,58.0,48.0,0.034,0.0281,16794.97,67.0,56.0,9395000.0,7554500.0,974108.0,9.64,7.76,2025-11-01,2025-11-30,monthly,30,False,570.99,140223.88,32470.27,2.233,nash,00deb71a7117bc0ae1ce89c220b8e643,INKANO_Monthly_Ads_-_SHOPEE.csv
InKano Carra Pleated Dress - Sleeveless dress wanita midi dress plisket wanita [4],Berjalan,Iklan Produk,24325590048,GMV Max ROAS,Semua Penempatan,08/06/2024 00:00:00,43082.0,1574.0,0.0365,31.0,22.0,0.0197,0.013999999999999999,28973.39,31.0,22.0,8526100.0,6488000.0,898175.0,9.49,7.22,2025-11-01,2025-11-30,monthly,30,False,570.63,275035.48,29939.17,1.033,carra,43de0a24d306228340643b6c00110de5,INKANO_Monthly_Ads_-_SHOPEE.csv
InKano Cirrus - Dress wanita sleeveless midi dress wanita dengan details rok balloon,Berjalan,Iklan Produk,26391942529,GMV Max ROAS,Semua Penempatan,22/09/2025 00:00:00,42391.0,1397.0,0.033,30.0,12.0,0.0215,0.0086,30607.31,31.0,12.0,8297000.0,3588000.0,918219.0,9.04,3.91,2025-11-01,2025-11-30,monthly,30,False,657.28,267645.16,30607.3,1.033,cirrus,e3d0aeff93ef08a4f9cf0eb1e942c102,INKANO_Monthly_Ads_-_SHOPEE.csv
InKano Rilys - Rok wanita rayon premium dengan details tier dan pinggang elastic,Berjalan,Iklan Produk,28738367414,GMV Max ROAS,Semua Penempatan,07/07/2025 00:00:00,40118.0,2011.0,0.0501,37.0,25.0,0.0184,0.0124,25175.36,39.0,25.0,9374000.0,5659200.0,931488.0,10.06,6.08,2025-11-01,2025-11-30,monthly,30,False,463.2,240358.97,31049.6,1.3,rilys,ba9efc1fc36b7832d61e08c5f3be5a55,INKANO_Monthly_Ads_-_SHOPEE.csv
"InKano Slate Skirt - Rok wanita plisket dengan pinggang karet warna coklat, abu, dan hitam black [4]",Berjalan,Iklan Produk,23772418038,GMV Max ROAS,Semua Penempatan,08/06/2024 00:00:00,39915.0,1529.0,0.0383,26.0,21.0,0.017,0.0137,32176.41,29.0,24.0,7841000.0,6456000.0,836587.0,9.37,7.72,2025-11-01,2025-11-30,monthly,30,False,547.15,270379.31,27886.23,0.967,slate,dbd04a4534598d31b3d382c1457f5dd3,INKANO_Monthly_Ads_-_SHOPEE.csv
InKano Hayes - Sleeveless dress wanita dengan details plisket di bagian depan,Berjalan,Iklan Produk,27029888504,GMV Max ROAS,Semua Penempatan,14/04/2025 00:00:00,39677.0,1466.0,0.0369,24.0,6.0,0.016399999999999998,0.0040999999999999995,32439.13,27.0,9.0,6498700.0,2335100.0,778539.0,8.35,3.0,2025-11-01,2025-11-30,monthly,30,False,531.06,240692.59,25951.3,0.9,hayes,808d3a6bf3435d0f002bd9c832924f65,INKANO_Monthly_Ads_-_SHOPEE.csv
InKano Soleil - Rok wanita dengan pinggang karet dan details kerut,Berjalan,Iklan Produk,25641348214,GMV Max ROAS,Semua Penempatan,15/02/2025 00:00:00,39465.0,1602.0,0.0406,15.0,9.0,0.009399999999999999,0.005600000000000001,35385.3,19.0,12.0,4844800.0,3061100.0,530779.0,9.13,5.77,2025-11-01,2025-11-30,monthly,30,False,331.32,254989.47,17692.63,0.633,soleil,71a7d24f89cb955d41565c9fdcfcd189,INKANO_Monthly_Ads_-_SHOPEE.csv
InKano Tether - Rok midi wanita dengan serat bahan tencel rok kerja wanita casual,Berjalan,Iklan Produk,29220727488,GMV Max ROAS,Semua Penempatan,16/12/2024 00:00:00,38376.0,1502.0,0.0391,34.0,15.0,0.0226,0.01,23492.1,35.0,15.0,9828500.0,4655000.0,798731.0,12.31,5.83,2025-11-01,2025-11-30,monthly,30,False,531.78,280814.29,26624.37,1.167,tether,1dfc67c9ccc29b6d1ebb5e289c6c2a82,INKANO_Monthly_Ads_-_SHOPEE.csv
InKano Adair - Kemeja wanita oversized dengan contast stitching details,Berjalan,Iklan Produk,43607402621,GMV Max ROAS,Semua Penempatan,07/07/2025 00:00:00,37978.0,1912.0,0.050300000000000004,21.0,12.0,0.011000000000000001,0.0063,31375.61,21.0,12.0,5529000.0,3228000.0,658888.0,8.39,4.9,2025-11-01,2025-11-30,monthly,30,False,344.61,263285.71,21962.93,0.7,adair,4b5f62f3c8f64b00706227205341cf30,INKANO_Monthly_Ads_-_SHOPEE.csv
"InKano Terrain Skirt - Rok wanita plisket dengan resliting belakang warna dusty pink, dark grey, dan hitam black [4]",Berjalan,Iklan Produk,19176939583,GMV Max ROAS,Semua Penempatan,08/06/2024 00:00:00,37461.0,1620.0,0.0432,17.0,12.0,0.0105,0.0074,33639.29,18.0,13.0,5082000.0,3757000.0,571868.0,8.89,6.57,2025-11-01,2025-11-30,monthly,30,False,353.0,282333.33,19062.27,0.6,terrain,0d76a02b5e2b265f1a71c5cd7edec72f,INKANO_Monthly_Ads_-_SHOPEE.csv
InKano Sable - Linen outer wanita unfinished details and contrast stitching,Berjalan,Iklan Produk,41511942583,GMV Max ROAS,Semua Penempatan,08/08/2025 00:00:00,35906.0,1866.0,0.052000000000000005,26.0,12.0,0.0139,0.0064,23311.04,27.0,12.0,5773600.0,2458000.0,606087.0,9.53,4.06,2025-11-01,2025-11-30,monthly,30,False,324.81,213837.04,20202.9,0.9,sable,23d2cf5e4a8e8f076e7afe55d6e9b860,INKANO_Monthly_Ads_-_SHOPEE.csv
InKano Fray - Celana wanita high waist relaxed fit,Berjalan,Iklan Produk,24991420380,GMV Max ROAS,Semua Penempatan,15/02/2025 00:00:00,35489.0,1489.0,0.042,38.0,18.0,0.0255,0.0121,25828.22,45.0,21.0,8513350.0,4069000.0,981472.0,8.67,4.15,2025-11-01,2025-11-30,monthly,30,False,659.15,189185.56,32715.73,1.5,fray,2a7f9d2d9ff517ee84da33d034ade060,INKANO_Monthly_Ads_-_SHOPEE.csv
InKano Saffron - Rok Midi A Line wanita bahan katun dengan pinggang karet dan kantong samping,Berjalan,Iklan Produk,29638461726,GMV Max ROAS,Semua Penempatan,08/07/2025 00:00:00,34877.0,1380.0,0.039599999999999996,25.0,11.0,0.0181,0.008,32711.4,25.0,11.0,6228400.0,3199000.0,817785.0,7.62,3.91,2025-11-01,2025-11-30,monthly,30,False,592.6,249136.0,27259.5,0.833,saffron,45162979f2b827c5278d21b4f9a3033c,INKANO_Monthly_Ads_-_SHOPEE.csv
InKano Thames Outer - Outerwear wanita knit cardigan wanita dengan details dash dan kancing,Berjalan,Iklan Produk,51250852825,GMV Max ROAS,Semua Penempatan,05/11/2025 00:00:00,33622.0,1063.0,0.0316,21.0,8.0,0.019799999999999998,0.0075,42852.74,21.0,8.0,7779000.0,3352000.0,899908.0,8.64,3.72,2025-11-01,2025-11-30,monthly,30,False,846.57,370428.57,29996.93,0.7,thames,04280de3917ef2981ee67a25935fad8c,INKANO_Monthly_Ads_-_SHOPEE.csv
"InKano Roue Tanktop & Roue Line - Tanktop rajut wanita knit crop top wanita basic warna putih, mauve, grey, hitam [6]",Berjalan,Iklan Produk,25256768865,GMV Max ROAS,Semua Penempatan,03/06/2025 00:00:00,32300.0,1196.0,0.037000000000000005,30.0,17.0,0.025099999999999997,0.014199999999999999,22423.73,36.0,21.0,6308300.0,3519000.0,672712.0,9.38,5.23,2025-11-01,2025-11-30,monthly,30,False,562.47,175230.56,22423.73,1.2,roue,54f12b6c8a352b5071bd5fb71b5cba6d,INKANO_Monthly_Ads_-_SHOPEE.csv
InKano Fleur - Kemeja sleeveless wanita dengan details flare di pinggang,Berjalan,Iklan Produk,42957848178,GMV Max ROAS,Semua Penempatan,09/07/2025 00:00:00,31369.0,1293.0,0.0412,20.0,18.0,0.0155,0.0139,22182.16,20.0,18.0,3722200.0,3264200.0,443643.0,8.39,7.36,2025-11-01,2025-11-30,monthly,30,False,343.11,186110.0,14788.1,0.667,fleur,83733c7b66a4a122c9b5c8b5ccf60e19,INKANO_Monthly_Ads_-_SHOPEE.csv
InKano Spire Dress - Sleeveless dress korea wanita katun warna coklat dan hitam black,Berjalan,Iklan Produk,49450872502,GMV Max ROAS,Semua Penempatan,05/11/2025 00:00:00,31317.0,1108.0,0.0354,17.0,10.0,0.015300000000000001,0.009000000000000001,36396.8,18.0,11.0,5172000.0,3559000.0,618746.0,8.36,5.75,2025-11-01,2025-11-30,monthly,30,False,558.44,287333.33,20624.87,0.6,spire,c0782a537c9b30188f0d5c6622674dcf,INKANO_Monthly_Ads_-_SHOPEE.csv
InKano Mallow - Knit top rajut jaket wanita dengan twi way zipper.,Berjalan,Iklan Produk,55500851049,GMV Max ROAS,Semua Penempatan,05/11/2025 00:00:00,27861.0,1292.0,0.0464,11.0,5.0,0.0085,0.0039000000000000003,51298.54,12.0,5.0,4132200.0,2145000.0,564284.0,7.32,3.8,2025-11-01,2025-11-30,monthly,30,False,436.75,344350.0,18809.47,0.4,mallow,ddace3494bd9a337ef4c22f1d5c70c40,INKANO_Monthly_Ads_-_SHOPEE.csv
InKano Alpine - Celana denim wanita relaxed fit dengan elastic di bagian belakang,Berjalan,Iklan Produk,29777681282,GMV Max ROAS,Semua Penempatan,01/03/2025 00:00:00,27112.0,892.0,0.0329,15.0,6.0,0.0168,0.0067,32324.94,15.0,6.0,4621300.0,2154000.0,484874.0,9.53,4.44,2025-11-01,2025-11-30,monthly,30,False,543.58,308086.67,16162.47,0.5,alpine,22fcf2046f329b76342c2a8fa9c9c4b6,INKANO_Monthly_Ads_-_SHOPEE.csv
InKano Ann Cardie - Cadigan wanita katun outer rajut korean style,Berjalan,Iklan Produk,27924789216,GMV Max ROAS,Semua Penempatan,04/07/2025 00:00:00,26639.0,852.0,0.032,14.0,10.0,0.016399999999999998,0.011699999999999999,34009.81,14.0,10.0,4066000.0,2990000.0,476137.0,8.54,6.28,2025-11-01,2025-11-30,monthly,30,False,558.85,290428.57,15871.23,0.467,ann,6c56d8625a5fbfd482a9a27a05d022bf,INKANO_Monthly_Ads_-_SHOPEE.csv
InKano Fressia - Sleeveless atasan wanita dengan details applikasi floral.,Berjalan,Iklan Produk,54450142578,GMV Max ROAS,Semua Penempatan,27/10/2025 00:00:00,25304.0,713.0,0.0282,20.0,15.0,0.0281,0.021,32959.57,20.0,15.0,4500000.0,3435000.0,659191.0,6.83,5.21,2025-11-01,2025-11-30,monthly,30,False,924.53,225000.0,21973.03,0.667,fressia,229bbe9bd4002e634150b551cd8c8cfa,INKANO_Monthly_Ads_-_SHOPEE.csv
InKano Caise Skirt - Rok midi wanita straight midi slim skirt warna abu dan hitam [4],Berjalan,Iklan Produk,22959279323,GMV Max ROAS,Semua Penempatan,09/06/2024 00:00:00,25283.0,1024.0,0.0405,20.0,12.0,0.0195,0.011699999999999999,16976.59,21.0,13.0,3474300.0,2067000.0,339532.0,10.23,6.09,2025-11-01,2025-11-30,monthly,30,False,331.57,165442.86,11317.73,0.7,caise,bcf26dc5d4f241863153f2255de1c541,INKANO_Monthly_Ads_-_SHOPEE.csv
InKano Skylet - Sleeveless dress wanita minimalist maxi dress wanita dengan details crinkle texture dan straight cut,Berjalan,Iklan Produk,27176054532,GMV Max ROAS,Semua Penempatan,15/02/2025 00:00:00,24928.0,1112.0,0.0446,15.0,9.0,0.013500000000000002,0.008100000000000001,26452.9,15.0,9.0,3737300.0,2009100.0,396794.0,9.42,5.06,2025-11-01,2025-11-30,monthly,30,False,356.83,249153.33,13226.47,0.5,skylet,e5c145c86dae6235cc7d0aabc24353ef,INKANO_Monthly_Ads_-_SHOPEE.csv
InKano Basic Tee - Kaos wanita full katun atasan wanita basic lengan pendek,Berjalan,Iklan Produk,55250147702,GMV Max ROAS,Semua Penempatan,25/10/2025 00:00:00,24590.0,605.0,0.0246,23.0,17.0,0.038,0.0281,15665.85,27.0,20.0,2807750.0,1980000.0,360314.0,7.79,5.5,2025-11-01,2025-11-30,monthly,30,False,595.56,103990.74,12010.47,0.9,kaos,fcaf3825870b2bb280c9d618b7c062b5,INKANO_Monthly_Ads_-_SHOPEE.csv
"InKano Pane Jacket - jaket wanita tipis dengan serat kain bertekstur, kancing depan, dan kantong [4]",Berjalan,Iklan Produk,25450648574,GMV Max ROAS,Semua Penempatan,17/06/2024 00:00:00,23996.0,1354.0,0.0564,14.0,8.0,0.0103,0.0059,28626.25,15.0,8.0,3467700.0,1690600.0,400767.0,8.65,4.22,2025-11-01,2025-11-30,monthly,30,False,295.99,231180.0,13358.9,0.5,pane,c84a6cfa0f76cc29520ae3bf9020d639,INKANO_Monthly_Ads_-_SHOPEE.csv
InKano Aera - Atasan Wanita dengan bahan rayon spandex dan details asymmetric draping,Berjalan,Iklan Produk,49950037935,GMV Max ROAS,Semua Penempatan,05/11/2025 00:00:00,22940.0,1196.0,0.0521,21.0,16.0,0.0176,0.0134,30320.02,28.0,21.0,5112000.0,3619000.0,636721.0,8.03,5.68,2025-11-01,2025-11-30,monthly,30,False,532.38,182571.43,21224.03,0.933,aera,75df4d5fdb4546a960ea73ee4d635282,INKANO_Monthly_Ads_-_SHOPEE.csv
"InKano Float - 2 ways blouse wanita sleeveless bahan crinkle reversible square and v neck warna coklat,biru abu,biru tua muda [5]",Berjalan,Iklan Produk,18804681664,GMV Max ROAS,Semua Penempatan,09/06/2024 00:00:00,22549.0,930.0,0.0412,22.0,16.0,0.023700000000000002,0.0172,18612.23,24.0,18.0,3291100.0,2322000.0,409469.0,8.04,5.67,2025-11-01,2025-11-30,monthly,30,False,440.29,137129.17,13648.97,0.8,float,dec046c35d4239ad6cee386839f9545e,INKANO_Monthly_Ads_-_SHOPEE.csv
InKano Leif - Atasan Blouse wanita basic atasan sleeveless wanita,Berjalan,Iklan Produk,40607295073,GMV Max ROAS,Semua Penempatan,07/07/2025 00:00:00,22374.0,842.0,0.037599999999999995,27.0,22.0,0.0321,0.026099999999999998,18492.56,35.0,29.0,4001400.0,3117400.0,499299.0,8.01,6.24,2025-11-01,2025-11-30,monthly,30,False,592.99,114325.71,16643.3,1.167,leif,0f3b0838134a8026be881149f9cce397,INKANO_Monthly_Ads_-_SHOPEE.csv
InKano Clive - Celana wanita kantor dengan details pleated,Berjalan,Iklan Produk,41470907573,GMV Max ROAS,Semua Penempatan,25/09/2025 00:00:00,17927.0,685.0,0.0382,18.0,8.0,0.0263,0.011699999999999999,25697.09,19.0,9.0,4166500.0,2181000.0,462548.0,9.01,4.72,2025-11-01,2025-11-30,monthly,30,False,675.25,219289.47,15418.27,0.633,clive,120f057f990a9ba66ab2eb57e0460816,INKANO_Monthly_Ads_-_SHOPEE.csv
InKano Moss - Celana panjang Wanita pleated dengan full pinggang karet,Berjalan,Iklan Produk,54100631082,GMV Max ROAS,Semua Penempatan,05/11/2025 00:00:00,17362.0,492.0,0.028300000000000002,14.0,9.0,0.0285,0.0183,29455.23,14.0,9.0,3386000.0,2311000.0,412373.0,8.21,5.6,2025-11-01,2025-11-30,monthly,30,False,838.16,241857.14,13745.77,0.467,moss,4c9d328329b9090b0e40985bd8a06e83,INKANO_Monthly_Ads_-_SHOPEE.csv
InKano Kora - Knit Set in viscose blend. Camisole with relaxed outer knit with scallop edge in soft breathable fabric,Berjalan,Iklan Produk,55050017076,GMV Max ROAS,Semua Penempatan,05/11/2025 00:00:00,14780.0,335.0,0.0227,5.0,4.0,0.0149,0.011899999999999999,56910.54,5.0,4.0,2105000.0,1876000.0,284553.0,7.4,6.59,2025-11-01,2025-11-30,monthly,30,False,849.41,421000.0,9485.1,0.167,kora,82a69b5a8667a5de6a254896041829f0,INKANO_Monthly_Ads_-_SHOPEE.csv
InKano Elwood - Semi sheer top outerwear wanita bahan katun voal,Berjalan,Iklan Produk,40817846796,GMV Max ROAS,Semua Penempatan,09/09/2025 00:00:00,14162.0,684.0,0.0483,9.0,7.0,0.0132,0.0102,29585.9,9.0,7.0,1906500.0,1393000.0,266273.0,7.16,5.23,2025-11-01,2025-11-30,monthly,30,False,389.29,211833.33,8875.77,0.3,elwood,8386a77930b3495149bba798fa4624f8,INKANO_Monthly_Ads_-_SHOPEE.csv
InKano Orrin Skirt - Rok wanita dengan contrasting stitch details,Berjalan,Iklan Produk,43817851260,GMV Max ROAS,Semua Penempatan,09/09/2025 00:00:00,14014.0,609.0,0.0435,11.0,4.0,0.0181,0.0066,33420.81,11.0,4.0,3194000.0,1456000.0,367629.0,8.69,3.96,2025-11-01,2025-11-30,monthly,30,False,603.66,290363.64,12254.3,0.367,orrin,c09e36e5bc434bc8566ffc87a673a9f5,INKANO_Monthly_Ads_-_SHOPEE.csv
"InKano Naru - Sleveless semi-balloon top, elevated and versative basic top for everyday look",Berjalan,Iklan Produk,51550035702,GMV Max ROAS,Semua Penempatan,05/11/2025 00:00:00,13003.0,453.0,0.0348,19.0,14.0,0.04190000000000001,0.030899999999999997,24144.53,21.0,16.0,4164500.0,3154000.0,458746.0,9.08,6.88,2025-11-01,2025-11-30,monthly,30,False,1012.68,198309.52,15291.53,0.7,naru,36df039debbc4cc46ee98372ce3b61bb,INKANO_Monthly_Ads_-_SHOPEE.csv
InKano Alwyn -Outerwear rajut knitwear wanita dengan details contrast stitching,Berjalan,Iklan Produk,44007408047,GMV Max ROAS,Semua Penempatan,07/07/2025 00:00:00,11683.0,347.0,0.0297,7.0,3.0,0.0202,0.0086,43051.46,7.0,3.0,2263000.0,1137000.0,301360.0,7.51,3.77,2025-11-01,2025-11-30,monthly,30,False,868.47,323285.71,10045.33,0.233,alwyn,7f85468f0898653f1a474bd39d56edf5,INKANO_Monthly_Ads_-_SHOPEE.csv
InKano Iris - Atasan knit Wanita bahan viscose blend dengan details neckline,Berjalan,Iklan Produk,57500013209,GMV Max ROAS,Semua Penempatan,05/11/2025 00:00:00,7246.0,212.0,0.029300000000000003,2.0,1.0,0.009399999999999999,0.004699999999999999,72914.77,2.0,1.0,518000.0,319000.0,145830.0,3.55,2.19,2025-11-01,2025-11-30,monthly,30,False,687.88,259000.0,4861.0,0.067,iris,af8341e59897368d0f44d81747496108,INKANO_Monthly_Ads_-_SHOPEE.csv
InKano Nerra - Rok wanita midi bahan chinos dengan details stitching,Berjalan,Iklan Produk,47300102225,GMV Max ROAS,Semua Penempatan,05/11/2025 00:00:00,7095.0,260.0,0.0366,5.0,3.0,0.0192,0.0115,44307.15,5.0,3.0,1064700.0,707000.0,221536.0,4.81,3.19,2025-11-01,2025-11-30,monthly,30,False,852.06,212940.0,7384.53,0.167,nerra,5e4bbda748df300ed3b1b90bac76b5c8,INKANO_Monthly_Ads_-_SHOPEE.csv
InKano Bluebell - Kemeja wanita dengan details plisket.,Berjalan,Iklan Produk,45301938934,GMV Max ROAS,Semua Penempatan,26/11/2025 00:00:00,1529.0,58.0,0.0379,2.0,2.0,0.0345,0.0345,17851.65,2.0,2.0,578000.0,578000.0,35703.0,16.19,16.19,2025-11-01,2025-11-30,monthly,30,False,615.57,289000.0,1190.1,0.067,bluebell,61e3df3e896f0befd835a694d2ec548f,INKANO_Monthly_Ads_-_SHOPEE.csv
InKano Castor - Atasan wanita dengan details kerut,Berjalan,Iklan Produk,56401919154,GMV Max ROAS,Semua Penempatan,26/11/2025 00:00:00,1133.0,28.0,0.024700000000000003,2.0,1.0,0.07139999999999999,0.035699999999999996,13464.86,2.0,1.0,318000.0,199000.0,26930.0,11.81,7.39,2025-11-01,2025-11-30,monthly,30,False,961.79,159000.0,897.67,0.067,castor,6c0dbc843bc18c7ba64324f44dc068c6,INKANO_Monthly_Ads_-_SHOPEE.csv
"InKano Organic Tee - Organic cotton tee, 100% cotton tee from organic farm certified.",Berjalan,Iklan Produk,27343670002,GMV Max ROAS,Semua Penempatan,26/11/2025 00:00:00,870.0,21.0,0.0241,1.0,1.0,0.047599999999999996,0.047599999999999996,20163.32,1.0,1.0,179000.0,179000.0,20163.0,8.88,8.88,2025-11-01,2025-11-30,monthly,30,False,960.14,179000.0,672.1,0.033,organic,ba91d4814e94c46988cd2b0c449cf33f,INKANO_Monthly_Ads_-_SHOPEE.csv
InKano Thyme Clove - Atasan rajut wanita dengan floral details untuk layering,Dijeda,Iklan Produk,25339467342,GMV Max ROAS,Semua Penempatan,16/12/2024 00:00:00,106012.0,3733.0,0.0352,45.0,23.0,0.0121,0.0062,31784.86,47.0,23.0,13399650.0,8257000.0,1430319.0,9.37,5.77,2025-11-01,2025-11-30,monthly,30,False,383.16,285098.94,47677.3,1.567,thyme,2c152375685c3103a6b26a6ceacd1cd0,INKANO_Monthly_Ads_-_SHOPEE.csv
"InKano Cypress - Relaxed-fit blazer with oversized silhouette, blazer wanita oversize untuk acara casual.",Dijeda,Iklan Produk,29668467985,GMV Max ROAS,Semua Penempatan,25/11/2024 00:00:00,32136.0,1694.0,0.0527,34.0,19.0,0.020099999999999996,0.011200000000000002,29648.84,34.0,19.0,9424050.0,5681000.0,1008061.0,9.35,5.64,2025-11-01,2025-11-30,monthly,30,False,595.08,277177.94,33602.03,1.133,cypress,96bb657501d56376cfc8190f2fdcc2f1,INKANO_Monthly_Ads_-_SHOPEE.csv
InKano Thyme Clove - Atasan rajut wanita dengan floral details untuk layering,Dijeda,Iklan Produk,40651650756,GMV Max ROAS,Semua Penempatan,21/05/2025 00:00:00,28679.0,1067.0,0.037200000000000004,17.0,11.0,0.0159,0.0103,31983.93,18.0,12.0,5982000.0,4308000.0,543727.0,11.0,7.92,2025-11-01,2025-11-30,monthly,30,False,509.58,332333.33,18124.23,0.6,thyme,a643856669b4c0c5451ecfa48b4fe9e7,INKANO_Monthly_Ads_-_SHOPEE.csv
InKano Woodly - Set rajut wanita inner tanktop dan outer lengan panjang,Dijeda,Iklan Produk,42367841989,GMV Max ROAS,Semua Penempatan,09/09/2025 00:00:00,26002.0,881.0,0.0339,27.0,7.0,0.030600000000000002,0.0079,29296.05,29.0,7.0,7984100.0,2223000.0,790993.0,10.09,2.81,2025-11-01,2025-11-30,monthly,30,False,897.84,275313.79,26366.43,0.967,woodly,cfeb791bf5aefce5cc78f0b72ecfc4b5,INKANO_Monthly_Ads_-_SHOPEE.csv
Inkano Linden - Celana wanita relaxed celana bahan wanita untuk kantor dan casual,Dijeda,Iklan Produk,29112632697,GMV Max ROAS,Semua Penempatan,02/10/2024 00:00:00,24779.0,1398.0,0.0564,20.0,5.0,0.0143,0.0036,25247.02,25.0,5.0,4326450.0,1005000.0,504940.0,8.57,1.99,2025-11-01,2025-11-30,monthly,30,False,361.19,173058.0,16831.33,0.833,linden,04c3f31102ce51e80f8c796df4d0ca21,INKANO_Monthly_Ads_-_SHOPEE.csv
InKano Faye - Sleeveless midi dress wanita 100% katun dengan details ikat,Dijeda,Iklan Produk,28884663826,GMV Max ROAS,Semua Penempatan,24/04/2025 00:00:00,24498.0,790.0,0.0322,8.0,2.0,0.0101,0.0025,29533.96,8.0,2.0,2462000.0,598000.0,236272.0,10.42,2.53,2025-11-01,2025-11-30,monthly,30,False,299.08,307750.0,7875.73,0.267,faye,7be628d6307a1f469fca3874d930988e,INKANO_Monthly_Ads_-_SHOPEE.csv
InKano Hearth - Minimalist sleeveless dress wanita dengan details drape dan natural tone,Dijeda,Iklan Produk,29128168295,GMV Max ROAS,Semua Penempatan,04/03/2025 00:00:00,11990.0,498.0,0.0415,2.0,1.0,0.004,0.002,70107.22,2.0,1.0,568000.0,229000.0,140214.0,4.05,1.63,2025-11-01,2025-11-30,monthly,30,False,281.55,284000.0,4673.8,0.067,hearth,a125e834728e21da7573b4b24c806398,INKANO_Monthly_Ads_-_SHOPEE.csv
InKano Call Dress - Mini dress wanita sleeveless dress with texturized fabric [4],Dijeda,Iklan Produk,21495899405,GMV Max ROAS,Semua Penempatan,17/06/2024 00:00:00,9524.0,374.0,0.0393,5.0,3.0,0.0134,0.008,21843.59,5.0,3.0,969700.0,711100.0,109218.0,8.88,6.51,2025-11-01,2025-11-30,monthly,30,False,292.03,193940.0,3640.6,0.167,call,c6f3452960624fbbe37518af19be8340,INKANO_Monthly_Ads_-_SHOPEE.csv
InKano Nile - Cardigan rajut wanita dengan details floral pattern,Dijeda,Iklan Produk,42867887324,GMV Max ROAS,Semua Penempatan,09/09/2025 00:00:00,5.0,0.0,0.0,2.0,1.0,0.0,0.0,0.0,3.0,1.0,907000.0,369000.0,0.0,0.0,0.0,2025-11-01,2025-11-30,monthly,30,False,,302333.33,,0.1,nile,946e1b4f2acf4c1980a0af6ba11bb5da,INKANO_Monthly_Ads_-_SHOPEE.csv
InKano Linnea - Atasan wanita lengan panjang bahan soft rib rajut,Dijeda,Iklan Produk,41811937665,GMV Max ROAS,Semua Penempatan,08/08/2025 00:00:00,2.0,0.0,0.0,1.0,1.0,0.0,0.0,0.0,1.0,1.0,139000.0,139000.0,0.0,0.0,0.0,2025-11-01,2025-11-30,monthly,30,False,,139000.0,,0.033,linnea,75e8e40d810f4c1c8d7dcdc76435ec83,INKANO_Monthly_Ads_-_SHOPEE.csv
InKano Acacia - Outerwear wanita dengan details bordir dan kain bertekstur linen,Dijeda,Iklan Produk,24593052285,GMV Max ROAS,Semua Penempatan,14/04/2025 00:00:00,1.0,0.0,0.0,0.0,0.0,0.0,0.0,0.0,0.0,0.0,0.0,0.0,0.0,0.0,0.0,2025-11-01,2025-11-30,monthly,30,False,,,,,acacia,77955830c113539948b2a9a540dc5edd,INKANO_Monthly_Ads_-_SHOPEE.csv
Automatically select products Ad,Berjalan,,0,GMV Max Auto Bidding (Shop),Semua Penempatan,05/11/2025 00:00:00,647090.0,27429.0,0.0424,376.0,200.0,0.0137,0.0073,22666.9,400.0,212.0,93553150.0,51660700.0,8522753.0,10.98,6.06,2025-12-01,2025-12-31,monthly,31,True,310.72,233882.88,274927.52,12.903,automatically,b72bbf5be96fa650a39e9899f788b886,INKANO_Monthly_Ads_-_SHOPEE.csv
InKano Spire Dress - Sleeveless dress korea wanita katun warna coklat dan hitam black [7],Berjalan,Iklan Produk,19970359270,GMV Max ROAS,Semua Penempatan,26/10/2024 00:00:00,613729.0,17546.0,0.0286,227.0,166.0,0.0129,0.0095,32351.04,233.0,169.0,70857400.0,53214200.0,7343686.0,9.65,7.25,2025-12-01,2025-12-31,monthly,31,False,418.54,304109.01,236893.1,7.516,spire,1aa7dbe022ea4efac5dedf21fba47df1,INKANO_Monthly_Ads_-_SHOPEE.csv
InKano Thames Outer - Outerwear wanita knit cardigan wanita dengan details dash dan kancing [4],Berjalan,Iklan Produk,22787969197,GMV Max ROAS,Semua Penempatan,17/06/2024 00:00:00,516226.0,15847.0,0.030699999999999998,190.0,124.0,0.012,0.0078000000000000005,39974.65,192.0,124.0,70662850.0,51327500.0,7595183.0,9.3,6.76,2025-12-01,2025-12-31,monthly,31,False,479.28,368035.68,245005.9,6.194,thames,c81133b6024cafe8fe5b924d9b65e3d1,INKANO_Monthly_Ads_-_SHOPEE.csv
InKano Amary - Sleeveless dress wanita dengan details rok plisket,Berjalan,Iklan Produk,29075945430,GMV Max ROAS,Semua Penempatan,15/02/2025 00:00:00,459185.0,21598.0,0.047,280.0,130.0,0.013000000000000001,0.006,34267.95,285.0,131.0,88784850.0,51743600.0,9595027.0,9.25,5.39,2025-12-01,2025-12-31,monthly,31,False,444.26,311525.79,309517.0,9.194,amary,1168a65140f1449872fa4fb1156042f2,INKANO_Monthly_Ads_-_SHOPEE.csv
InKano Thames Outer - Outerwear wanita knit cardigan wanita dengan details dash dan kancing,Berjalan,Iklan Produk,29273185813,GMV Max ROAS,Semua Penempatan,11/01/2025 00:00:00,439045.0,14774.0,0.0337,171.0,129.0,0.0116,0.0087,41331.7,178.0,136.0,70376400.0,56984000.0,7067722.0,9.96,8.06,2025-12-01,2025-12-31,monthly,31,False,478.39,395373.03,227991.03,5.742,thames,8eddb25777627c87f7d82cd423dbc4bf,INKANO_Monthly_Ads_-_SHOPEE.csv
InKano Haze - Atasan rajut basic wanita dengan bahan full katun inner basic wanita lengan panjang,Berjalan,Iklan Produk,26214700605,GMV Max ROAS,Semua Penempatan,22/10/2024 00:00:00,386386.0,14113.0,0.0365,142.0,105.0,0.0101,0.0074,27535.77,165.0,122.0,38481000.0,29790400.0,3910080.0,9.84,7.62,2025-12-01,2025-12-31,monthly,31,False,277.06,233218.18,126131.61,5.323,haze,5afbc0b8f4c5774e53d7c94994e87e12,INKANO_Monthly_Ads_-_SHOPEE.csv
InKano Cassia - Outer knit wanita lengan panjang dengan scallop hemming outerwear rajut wanita,Berjalan,Iklan Produk,27062867019,GMV Max ROAS,Semua Penempatan,04/11/2024 00:00:00,381238.0,12484.0,0.0327,144.0,99.0,0.0115,0.0079,32302.87,146.0,100.0,47964900.0,34640000.0,4651613.0,10.31,7.45,2025-12-01,2025-12-31,monthly,31,False,372.61,328526.71,150052.03,4.71,cassia,253d0caba8ffe9fd96521a73099bff2e,INKANO_Monthly_Ads_-_SHOPEE.csv
InKano Stripes Union - Oversized stripes cotton knit top with long sleeve bahan katun korean style [5],Berjalan,Iklan Produk,18680549695,GMV Max ROAS,Semua Penempatan,08/06/2024 00:00:00,299811.0,9906.0,0.033,136.0,101.0,0.0137,0.0102,31532.76,140.0,104.0,40573500.0,31096000.0,4288455.0,9.46,7.25,2025-12-01,2025-12-31,monthly,31,False,432.91,289810.71,138337.26,4.516,stripes,c9580e6e17c22c65e7a622ed3177c1da,INKANO_Monthly_Ads_-_SHOPEE.csv
InKano Barrel Pants - Celana panjang wanita dengan cutting barrel dan bahan katun,Berjalan,Iklan Produk,27738375792,GMV Max ROAS,Semua Penempatan,07/07/2025 00:00:00,280911.0,13521.0,0.0481,233.0,184.0,0.0172,0.013600000000000001,26656.35,237.0,188.0,59578450.0,50544500.0,6210930.0,9.59,8.14,2025-12-01,2025-12-31,monthly,31,False,459.35,251385.86,200352.58,7.645,barrel,6892809bc3550e0d9d1d7a445177e29a,INKANO_Monthly_Ads_-_SHOPEE.csv
InKano Cassia - Outer knit wanita lengan panjang dengan scallop hemming outerwear rajut wanita,Berjalan,Iklan Produk,40556691928,GMV Max ROAS,Semua Penempatan,30/06/2025 00:00:00,266437.0,8277.0,0.0311,148.0,108.0,0.0179,0.013000000000000001,31530.68,149.0,109.0,48455400.0,37971000.0,4666541.0,10.38,8.14,2025-12-01,2025-12-31,monthly,31,False,563.8,325204.03,150533.58,4.806,cassia,ce12eaa1fa57f4ce24f7adae32437cb5,INKANO_Monthly_Ads_-_SHOPEE.csv
"InKano Meadow - Cardigan rajut wanita bahan full katun, knit cardigan wanita",Berjalan,Iklan Produk,26670732939,GMV Max ROAS,Semua Penempatan,16/12/2024 00:00:00,242375.0,7152.0,0.029500000000000002,76.0,40.0,0.0106,0.005600000000000001,38177.42,77.0,40.0,27205200.0,15482200.0,2901484.0,9.38,5.34,2025-12-01,2025-12-31,monthly,31,False,405.69,353314.29,93596.26,2.484,meadow,f5eeabc0c4c3104ab757309121136b20,INKANO_Monthly_Ads_-_SHOPEE.csv
InKano Spire Dress Maxi - Sleeveless dress korea wanita katun warna coklat dan hitam black,Berjalan,Iklan Produk,27923231189,GMV Max ROAS,Semua Penempatan,11/01/2025 00:00:00,241795.0,6522.0,0.027000000000000003,57.0,30.0,0.0087,0.0046,32562.58,58.0,30.0,17626300.0,9740000.0,1856067.0,9.5,5.25,2025-12-01,2025-12-31,monthly,31,False,284.59,303901.72,59873.13,1.871,spire,60a518f75636071e34ab3b5fea7e93fb,INKANO_Monthly_Ads_-_SHOPEE.csv
InKano Cirrus - Dress wanita sleeveless midi dress wanita dengan details rok balloon,Berjalan,Iklan Produk,25390328930,GMV Max ROAS,Semua Penempatan,11/01/2025 00:00:00,238043.0,8286.0,0.0348,78.0,54.0,0.009399999999999999,0.006500000000000001,31084.69,81.0,56.0,22839100.0,16374100.0,2424606.0,9.42,6.75,2025-12-01,2025-12-31,monthly,31,False,292.61,281964.2,78213.1,2.613,cirrus,85bd757b63e90140f0fa13ee2a4cd6a1,INKANO_Monthly_Ads_-_SHOPEE.csv
InKano Plume Sol - Sleeveless dress wanita dengan details texture fabric and tier silouette,Berjalan,Iklan Produk,28074783892,GMV Max ROAS,Semua Penempatan,30/01/2025 00:00:00,228559.0,9398.0,0.041100000000000005,106.0,81.0,0.0113,0.0086,29114.07,111.0,86.0,26986150.0,20833200.0,3086092.0,8.74,6.75,2025-12-01,2025-12-31,monthly,31,False,328.38,243118.47,99551.35,3.581,plume,20883076e2c733175c7120885c8ed066,INKANO_Monthly_Ads_-_SHOPEE.csv
InKano Ann Cardie - Cadigan wanita katun outer rajut korean style [9],Berjalan,Iklan Produk,21486955097,GMV Max ROAS,Semua Penempatan,10/07/2024 00:00:00,215883.0,8379.0,0.0388,138.0,82.0,0.0165,0.0098,29716.35,148.0,89.0,40367800.0,26611000.0,4100856.0,9.84,6.49,2025-12-01,2025-12-31,monthly,31,False,489.42,272755.41,132285.68,4.774,ann,e273f8f8bef8323ab1e74123a90e01f5,INKANO_Monthly_Ads_-_SHOPEE.csv
InKano Basic Tee - Kaos wanita full katun atasan wanita basic lengan pendek,Berjalan,Iklan Produk,26124817232,GMV Max ROAS,Semua Penempatan,12/04/2025 00:00:00,214594.0,6197.0,0.028900000000000002,199.0,141.0,0.0321,0.022799999999999997,14968.12,248.0,178.0,27986850.0,17632200.0,2978655.0,9.4,5.92,2025-12-01,2025-12-31,monthly,31,False,480.66,112850.2,96085.65,8.0,kaos,b923b581f7ccdf89d7a8dc7cf5d8e64d,INKANO_Monthly_Ads_-_SHOPEE.csv
"InKano Waves - Midi dress bahan katun warna Putih (berfuring), Beige, Biru tua, Coklat tua, Hitam [7]",Berjalan,Iklan Produk,6137355964,GMV Max ROAS,Semua Penempatan,08/06/2024 00:00:00,209224.0,7907.0,0.0378,121.0,83.0,0.015300000000000001,0.0105,23291.29,126.0,88.0,26653800.0,17670500.0,2818247.0,9.46,6.27,2025-12-01,2025-12-31,monthly,31,False,356.42,211538.1,90911.19,4.065,waves,973a2d59a4ecbd12c4a3504403efc8d9,INKANO_Monthly_Ads_-_SHOPEE.csv
InKano Lyn - Atasan wanita tanpa lengan sleveless top wanita dengan bahan ironless dan flowy dan details drape di pundak,Berjalan,Iklan Produk,28753233081,GMV Max ROAS,Semua Penempatan,24/06/2024 00:00:00,187584.0,6594.0,0.0352,116.0,92.0,0.0176,0.013999999999999999,17962.67,119.0,95.0,20499000.0,16021200.0,2083669.0,9.84,7.69,2025-12-01,2025-12-31,monthly,31,False,315.99,172260.5,67215.13,3.839,lyn,61f234e4dca0d51ec14c13e8ae141e7c,INKANO_Monthly_Ads_-_SHOPEE.csv
InKano Thyme Clove - Atasan rajut wanita dengan floral details untuk layering,Berjalan,Iklan Produk,25339467342,GMV Max ROAS,Semua Penempatan,16/12/2024 00:00:00,178975.0,6184.0,0.0346,67.0,41.0,0.0108,0.0066,34945.55,67.0,41.0,22145700.0,14719000.0,2341352.0,9.46,6.29,2025-12-01,2025-12-31,monthly,31,False,378.61,330532.84,75527.48,2.161,thyme,0594545b1cb97c8bd4363858a60fafa2,INKANO_Monthly_Ads_-_SHOPEE.csv
InKano Rene Cardigan - Everyday cardigan wanita outerwear wanita knit cardigan cotton viscose [4],Berjalan,Iklan Produk,24571129042,GMV Max ROAS,Semua Penempatan,11/06/2024 00:00:00,170011.0,5853.0,0.0344,75.0,50.0,0.0128,0.0085,41664.85,79.0,53.0,26350900.0,19557000.0,3124864.0,8.43,6.26,2025-12-01,2025-12-31,monthly,31,False,533.89,333555.7,100802.06,2.548,rene,3da7b154d4101f175818b1df6f923051,INKANO_Monthly_Ads_-_SHOPEE.csv
"InKano Cycle Jacket - See through jacket texturized fabric jaket wanita dengan hoodie warna beige, dusty pink, coklat [6]",Berjalan,Iklan Produk,22619901508,GMV Max ROAS,Semua Penempatan,11/06/2024 00:00:00,162941.0,5262.0,0.0323,82.0,47.0,0.015600000000000001,0.0089,20091.65,83.0,48.0,18157000.0,9432600.0,1647515.0,11.02,5.73,2025-12-01,2025-12-31,monthly,31,False,313.1,218759.04,53145.65,2.677,cycle,d53dc0a73a81b8ce255e59ee73c0d338,INKANO_Monthly_Ads_-_SHOPEE.csv
InKano Neva Tee - Kaos wanita 100% cotton crewneck tee dengan contrastic fabric,Berjalan,Iklan Produk,42817883477,GMV Max ROAS,Semua Penempatan,10/09/2025 00:00:00,151941.0,6807.0,0.044800000000000006,150.0,103.0,0.022000000000000002,0.0151,15680.06,170.0,120.0,21646250.0,13589700.0,2352009.0,9.2,5.78,2025-12-01,2025-12-31,monthly,31,False,345.53,127330.88,75871.26,5.484,neva,92a86b7eb412edd9c1a6a60c6b4bb0ac,INKANO_Monthly_Ads_-_SHOPEE.csv
"InKano Bree - Sleeveless midi dress rayon warna putih, coklat beige, hijau olive, hijau sage, hitam [4]",Berjalan,Iklan Produk,8012587266,GMV Max ROAS,Semua Penempatan,26/10/2024 00:00:00,151443.0,4514.0,0.0298,77.0,55.0,0.0171,0.012199999999999999,29520.89,79.0,57.0,20874700.0,15630500.0,2273109.0,9.18,6.88,2025-12-01,2025-12-31,monthly,31,False,503.57,264236.71,73326.1,2.548,bree,5db6da3d59568cc569832067efafed55,INKANO_Monthly_Ads_-_SHOPEE.csv
InKano Solstice Dress - Dress maxi wanita dengan tali spaghetti strap,Berjalan,Iklan Produk,43350410595,GMV Max ROAS,Semua Penempatan,15/05/2025 00:00:00,137139.0,5884.0,0.0429,89.0,69.0,0.0151,0.011699999999999999,23644.14,89.0,69.0,18035400.0,13048700.0,2104328.0,8.57,6.2,2025-12-01,2025-12-31,monthly,31,False,357.64,202644.94,67881.55,2.871,solstice,ff13ff216d967bd4fd0380eac63de066,INKANO_Monthly_Ads_-_SHOPEE.csv
InKano Briette - Crop top wanita crop top outerwear wanita dengan details tali ikat [4],Berjalan,Iklan Produk,25575584031,GMV Max ROAS,Semua Penempatan,08/06/2024 00:00:00,137088.0,6148.0,0.044800000000000006,77.0,51.0,0.0125,0.0083,23473.49,80.0,51.0,15799600.0,9218500.0,1807459.0,8.74,5.1,2025-12-01,2025-12-31,monthly,31,False,293.99,197495.0,58305.13,2.581,briette,a29bf1228114362aa941b7bd662f14f5,INKANO_Monthly_Ads_-_SHOPEE.csv
InKano Cascade - Everyday sleeveless top wanita atasan wanita sleevelss bahan parasut,Berjalan,Iklan Produk,29802573288,GMV Max ROAS,Semua Penempatan,13/06/2024 00:00:00,125740.0,5423.0,0.0431,92.0,65.0,0.017,0.012,17134.46,98.0,71.0,14283650.0,10444900.0,1576370.0,9.06,6.63,2025-12-01,2025-12-31,monthly,31,False,290.68,145751.53,50850.65,3.161,cascade,b67a94b894aea3f5223dcd41bb2eade1,INKANO_Monthly_Ads_-_SHOPEE.csv
InKano Haze - Atasan rajut basic wanita dengan bahan full katun inner basic wanita lengan panjang,Berjalan,Iklan Produk,42370553268,GMV Max ROAS,Semua Penempatan,22/09/2025 00:00:00,124718.0,4034.0,0.0323,84.0,57.0,0.0208,0.0141,30787.97,94.0,65.0,23814250.0,15845000.0,2586189.0,9.21,6.13,2025-12-01,2025-12-31,monthly,31,False,641.1,253343.09,83425.45,3.032,haze,9fc25d4188d5a4a5adfb4e3cf74f5be0,INKANO_Monthly_Ads_-_SHOPEE.csv
InKano Elmore - Basic cardigan wanita rajut full kancing dengan bahan viscose yang lembut dan halus,Berjalan,Iklan Produk,24046286517,GMV Max ROAS,Semua Penempatan,08/08/2025 00:00:00,124161.0,5607.0,0.0452,84.0,54.0,0.015,0.0096,31496.16,87.0,55.0,24518150.0,15895000.0,2645677.0,9.27,6.01,2025-12-01,2025-12-31,monthly,31,False,471.85,281817.82,85344.42,2.806,elmore,bc37db28f76231b12406d93ece4b883d,INKANO_Monthly_Ads_-_SHOPEE.csv
"InKano Sparrow - Sleeveless maxi dress dengan texture plisket berfuring warna putih gading, abu muda, pink, coklat [4]",Berjalan,Iklan Produk,8150225187,GMV Max ROAS,Semua Penempatan,10/07/2024 00:00:00,120257.0,3688.0,0.030699999999999998,78.0,61.0,0.021099999999999997,0.0165,27655.2,84.0,67.0,21175400.0,16608300.0,2157106.0,9.82,7.7,2025-12-01,2025-12-31,monthly,31,False,584.9,252088.1,69584.06,2.71,sparrow,7afd48d8bdc3331e3a6dcb1af5862956,INKANO_Monthly_Ads_-_SHOPEE.csv
InKano Flow - Kemeja sleeveless wanita dengan bahan polyester linen dan relaxed fit,Berjalan,Iklan Produk,29362642841,GMV Max ROAS,Semua Penempatan,02/10/2024 00:00:00,117942.0,4014.0,0.034,133.0,88.0,0.0331,0.0219,19573.49,151.0,103.0,24885900.0,15397200.0,2603274.0,9.56,5.91,2025-12-01,2025-12-31,monthly,31,False,648.55,164807.28,83976.58,4.871,flow,c8c967f5bfa0e82c1b2fbccd814c7e00,INKANO_Monthly_Ads_-_SHOPEE.csv
"InKano Acre Dress - Sleeveless dress katun maxi dress sleeveless hitam, navy, dan gingham [3]",Berjalan,Iklan Produk,26150443050,GMV Max ROAS,Semua Penempatan,08/06/2024 00:00:00,115873.0,4311.0,0.037200000000000004,75.0,48.0,0.0174,0.0111,30706.46,78.0,48.0,22955300.0,15612000.0,2302984.0,9.97,6.78,2025-12-01,2025-12-31,monthly,31,False,534.21,294298.72,74289.81,2.516,acre,2014a99b2fc7e49b9e06b132c154d217,INKANO_Monthly_Ads_-_SHOPEE.csv
"InKano Meadow - Cardigan rajut wanita bahan full katun, knit cardigan wanita [2]",Berjalan,Iklan Produk,41051655502,GMV Max ROAS,Semua Penempatan,05/11/2025 00:00:00,115860.0,3111.0,0.0269,45.0,24.0,0.014499999999999999,0.0077,44908.34,47.0,24.0,16361500.0,9336000.0,2020875.0,8.1,4.62,2025-12-01,2025-12-31,monthly,31,False,649.59,348117.02,65189.52,1.516,meadow,077e49a9ce4d8305aa8c8542c504f9a3,INKANO_Monthly_Ads_-_SHOPEE.csv
"InKano Paige - Kemeja rayon wanita full kancing warna putih, coklat muda, hitam, olive, hijau sage, biru tua, biru muda [4]",Berjalan,Iklan Produk,4216455466,GMV Max ROAS,Semua Penempatan,08/06/2024 00:00:00,107416.0,3619.0,0.0337,85.0,60.0,0.0235,0.0166,17847.17,94.0,69.0,15731650.0,10859700.0,1517009.0,10.37,7.16,2025-12-01,2025-12-31,monthly,31,False,419.18,167357.98,48935.77,3.032,paige,349838471022a5cc693bdbbd8c802d0c,INKANO_Monthly_Ads_-_SHOPEE.csv
"InKano Linen Dress - Sleeveless dress linen, midi dress wanita warna offwhite stripes dan navy [5]",Berjalan,Iklan Produk,23870069126,GMV Max ROAS,Semua Penempatan,21/04/2025 00:00:00,102888.0,5599.0,0.054400000000000004,96.0,24.0,0.0171,0.0043,28152.61,99.0,24.0,26354050.0,8671500.0,2702650.0,9.75,3.21,2025-12-01,2025-12-31,monthly,31,False,482.7,266202.53,87182.26,3.194,linen,d56c3fef8a8fbda1fc6b082f5cce04eb,INKANO_Monthly_Ads_-_SHOPEE.csv
InKano Hayes - Sleeveless dress wanita dengan details plisket di bagian depan,Berjalan,Iklan Produk,27029888504,GMV Max ROAS,Semua Penempatan,14/04/2025 00:00:00,98132.0,3194.0,0.0325,41.0,23.0,0.0128,0.0072,29415.01,43.0,24.0,10533100.0,6166000.0,1206015.0,8.73,5.11,2025-12-01,2025-12-31,monthly,31,False,377.59,244955.81,38903.71,1.387,hayes,6929cc0f00863aab15634c852c6ab921,INKANO_Monthly_Ads_-_SHOPEE.csv
InKano Mallow - Knit top rajut jaket wanita dengan twi way zipper.,Berjalan,Iklan Produk,27226014984,GMV Max ROAS,Semua Penempatan,15/02/2025 00:00:00,97601.0,2946.0,0.0302,21.0,11.0,0.0070999999999999995,0.0037,50491.45,23.0,11.0,8347000.0,4719000.0,1060321.0,7.87,4.45,2025-12-01,2025-12-31,monthly,31,False,359.92,362913.04,34203.9,0.742,mallow,c865affc8d2b9b46b1d81f1ea25fc4b2,INKANO_Monthly_Ads_-_SHOPEE.csv
InKano Rilys - Rok wanita rayon premium dengan details tier dan pinggang elastic,Berjalan,Iklan Produk,28738367414,GMV Max ROAS,Semua Penempatan,07/07/2025 00:00:00,96292.0,4681.0,0.048600000000000004,87.0,72.0,0.018600000000000002,0.0154,26934.98,92.0,77.0,21234800.0,17449200.0,2343343.0,9.06,7.45,2025-12-01,2025-12-31,monthly,31,False,500.61,230813.04,75591.71,2.968,rilys,6d83c7d26eb2c824199128ae9489dabf,INKANO_Monthly_Ads_-_SHOPEE.csv
"InKano Seville - Sleeveless midi dress wanita bahan katun warna beige coklat muda, navy blue, pearl ivory, peanut coklat tua [6]",Berjalan,Iklan Produk,5418636273,GMV Max ROAS,Semua Penempatan,08/06/2024 00:00:00,94906.0,2844.0,0.03,53.0,34.0,0.018600000000000002,0.012,22525.91,55.0,35.0,11416950.0,7651500.0,1193873.0,9.56,6.41,2025-12-01,2025-12-31,monthly,31,False,419.79,207580.91,38512.03,1.774,seville,cbe69dac3f949a2cad5d0eefc97214f9,INKANO_Monthly_Ads_-_SHOPEE.csv
InKano Spire Dress - Sleeveless dress korea wanita katun warna coklat dan hitam black,Berjalan,Iklan Produk,29640723036,GMV Max ROAS,Semua Penempatan,30/08/2025 00:00:00,94747.0,3248.0,0.034300000000000004,65.0,44.0,0.02,0.013500000000000002,31978.48,65.0,44.0,20298100.0,14346000.0,2078602.0,9.77,6.9,2025-12-01,2025-12-31,monthly,31,False,639.96,312278.46,67051.68,2.097,spire,968dd38bee1e49eb296f5045c25426b5,INKANO_Monthly_Ads_-_SHOPEE.csv
InKano Ripple - Rok plisket wanita flowy pinggang karet [2],Berjalan,Iklan Produk,25439467291,GMV Max ROAS,Semua Penempatan,16/12/2024 00:00:00,93962.0,3513.0,0.0374,71.0,35.0,0.0202,0.01,31416.83,74.0,36.0,22344400.0,13027400.0,2230595.0,10.02,5.84,2025-12-01,2025-12-31,monthly,31,False,634.95,301951.35,71954.68,2.387,ripple,bf9278766c5191edf47e7f704d54bdcb,INKANO_Monthly_Ads_-_SHOPEE.csv
"InKano Bree - Sleeveless midi dress rayon warna putih, coklat beige, hijau olive, hijau sage, hitam [4]",Berjalan,Iklan Produk,6316156674,GMV Max ROAS,Semua Penempatan,22/09/2025 00:00:00,90313.0,3212.0,0.0356,73.0,29.0,0.0227,0.009000000000000001,35555.5,83.0,36.0,20846500.0,8955600.0,2595551.0,8.03,3.45,2025-12-01,2025-12-31,monthly,31,False,808.08,251162.65,83727.45,2.677,bree,2997dc96bd07a04b228e0ecb0b2788d6,INKANO_Monthly_Ads_-_SHOPEE.csv
"InKano Terrain Skirt - Rok wanita plisket dengan resliting belakang warna dusty pink, dark grey, dan hitam black [4]",Berjalan,Iklan Produk,19176939583,GMV Max ROAS,Semua Penempatan,08/06/2024 00:00:00,87344.0,3618.0,0.0414,49.0,28.0,0.013500000000000002,0.0077,33489.78,52.0,28.0,13995550.0,8034200.0,1640999.0,8.53,4.9,2025-12-01,2025-12-31,monthly,31,False,453.57,269145.19,52935.45,1.677,terrain,f541bdd105581ed34a19d5e717b92f8c,INKANO_Monthly_Ads_-_SHOPEE.csv
"InKano River - Sleeveless maxi cotton knit dress / Dress rajut katun panjang warna beige coklat susu, cloud grey abu muda, stone, asphalt abu tua [5]",Berjalan,Iklan Produk,9066211366,GMV Max ROAS,Semua Penempatan,18/07/2024 00:00:00,87037.0,3087.0,0.0355,35.0,22.0,0.0113,0.0070999999999999995,27868.99,36.0,22.0,10374700.0,6138000.0,975415.0,10.64,6.29,2025-12-01,2025-12-31,monthly,31,False,315.98,288186.11,31465.0,1.161,river,d1caabe7c740596a9d5923e66834be97,INKANO_Monthly_Ads_-_SHOPEE.csv
InKano Mallow - Knit top rajut jaket wanita dengan twi way zipper.,Berjalan,Iklan Produk,55500851049,GMV Max ROAS,Semua Penempatan,05/11/2025 00:00:00,85366.0,3894.0,0.045599999999999995,33.0,13.0,0.0085,0.0033,47720.58,35.0,13.0,11729600.0,5577000.0,1574779.0,7.45,3.54,2025-12-01,2025-12-31,monthly,31,False,404.41,335131.43,50799.32,1.129,mallow,511302f5eff1fc5cd76d19d730927311,INKANO_Monthly_Ads_-_SHOPEE.csv
InKano Lunel - Rayon premium maxi dress with pleated details,Berjalan,Iklan Produk,47150051417,GMV Max ROAS,Semua Penempatan,05/11/2025 00:00:00,84025.0,3014.0,0.0359,46.0,21.0,0.015300000000000001,0.006999999999999999,38989.03,49.0,22.0,13556400.0,6398000.0,1793496.0,7.56,3.57,2025-12-01,2025-12-31,monthly,31,False,595.06,276661.22,57854.71,1.581,lunel,3944d0f9d16a20a0f6cf60287ffc9db9,INKANO_Monthly_Ads_-_SHOPEE.csv
InKano Cirrus - Dress wanita sleeveless midi dress wanita dengan details rok balloon,Berjalan,Iklan Produk,26391942529,GMV Max ROAS,Semua Penempatan,22/09/2025 00:00:00,83050.0,2920.0,0.0352,56.0,30.0,0.0192,0.0103,31023.72,57.0,31.0,16334100.0,9229000.0,1737328.0,9.4,5.31,2025-12-01,2025-12-31,monthly,31,False,594.98,286563.16,56042.84,1.839,cirrus,103a0ce5916ab752c99467783310eddc,INKANO_Monthly_Ads_-_SHOPEE.csv
"InKano Pane Jacket - jaket wanita tipis dengan serat kain bertekstur, kancing depan, dan kantong [4]",Berjalan,Iklan Produk,25450648574,GMV Max ROAS,Semua Penempatan,17/06/2024 00:00:00,79648.0,4234.0,0.053200000000000004,50.0,35.0,0.0118,0.0083,27299.96,52.0,36.0,11786600.0,7618400.0,1364998.0,8.63,5.58,2025-12-01,2025-12-31,monthly,31,False,322.39,226665.38,44032.19,1.677,pane,303977b6726b1a801d865395f269ffb0,INKANO_Monthly_Ads_-_SHOPEE.csv
InKano Willow - Sleeveless dress satin wanita dengan details floral dress semi formal wanita untuk occasion [2],Berjalan,Iklan Produk,27970724615,GMV Max ROAS,Semua Penempatan,16/12/2024 00:00:00,78327.0,3414.0,0.0436,40.0,24.0,0.011699999999999999,0.006999999999999999,42056.53,41.0,25.0,12453400.0,8524300.0,1682261.0,7.4,5.07,2025-12-01,2025-12-31,monthly,31,False,492.75,303741.46,54266.48,1.323,willow,8c5a97ef46ddbf80d0e8f5a7a2a4197d,INKANO_Monthly_Ads_-_SHOPEE.csv
"InKano Crest - Pleated dress wanita sleeveless, dress wanita plisket tanpa lengan",Berjalan,Iklan Produk,24238660941,GMV Max ROAS,Semua Penempatan,25/11/2024 00:00:00,77271.0,2391.0,0.030899999999999997,39.0,25.0,0.0163,0.0105,31909.18,43.0,29.0,13145900.0,9763200.0,1244458.0,10.56,7.85,2025-12-01,2025-12-31,monthly,31,False,520.48,305718.6,40143.81,1.387,crest,aef04fc9365d77af74452fad1ae31e8a,INKANO_Monthly_Ads_-_SHOPEE.csv
InKano Plume Sol - Sleeveless dress wanita dengan details texture fabric and tier silouette,Berjalan,Iklan Produk,55550137369,GMV Max ROAS,Semua Penempatan,25/10/2025 00:00:00,75269.0,2948.0,0.0392,54.0,31.0,0.0183,0.0105,26442.17,57.0,32.0,13351700.0,7938000.0,1427877.0,9.35,5.56,2025-12-01,2025-12-31,monthly,31,False,484.35,234240.35,46060.55,1.839,plume,e00ff05bd55a65dd16f0de55b7012d85,INKANO_Monthly_Ads_-_SHOPEE.csv
"InKano Gianna - Dress rayon dengan details ikat warna hitam, coklat muda, hijau olive dan soft pink [5]",Berjalan,Iklan Produk,4520695814,GMV Max ROAS,Semua Penempatan,08/06/2024 00:00:00,72215.0,1910.0,0.0264,25.0,19.0,0.0131,0.009899999999999999,29884.64,26.0,20.0,6273700.0,4534200.0,747116.0,8.4,6.07,2025-12-01,2025-12-31,monthly,31,False,391.16,241296.15,24100.52,0.839,gianna,9fbf362742e86737cf89a3e32202d6c3,INKANO_Monthly_Ads_-_SHOPEE.csv
InKano Basic Tee - Kaos wanita full katun atasan wanita basic lengan pendek,Berjalan,Iklan Produk,26514706880,GMV Max ROAS,Semua Penempatan,22/10/2024 00:00:00,71851.0,2213.0,0.0308,91.0,72.0,0.041100000000000005,0.0325,15462.92,114.0,95.0,12515900.0,9445200.0,1407126.0,8.89,6.71,2025-12-01,2025-12-31,monthly,31,False,635.85,109788.6,45391.16,3.677,kaos,846d2141d418d54a6dc2974cfa54ce66,INKANO_Monthly_Ads_-_SHOPEE.csv
InKano Arbor - Outer wanita blazer wanita bahan soft suede,Berjalan,Iklan Produk,26439584864,GMV Max ROAS,Semua Penempatan,08/08/2025 00:00:00,71119.0,4319.0,0.060700000000000004,47.0,27.0,0.0109,0.0063,29186.3,47.0,27.0,12675700.0,7874400.0,1371756.0,9.24,5.74,2025-12-01,2025-12-31,monthly,31,False,317.61,269695.74,44250.19,1.516,arbor,91bd5d151f87cc0b144bd2871439757a,INKANO_Monthly_Ads_-_SHOPEE.csv
InKano Acker - Atasan wanita dengan bahan soft rib rajut dan contrasting fabric,Berjalan,Iklan Produk,42561854974,GMV Max ROAS,Semua Penempatan,08/08/2025 00:00:00,69087.0,2202.0,0.0319,42.0,26.0,0.0191,0.0118,27074.95,46.0,29.0,8808050.0,5389100.0,1137148.0,7.75,4.74,2025-12-01,2025-12-31,monthly,31,False,516.42,191479.35,36682.19,1.484,acker,fc883cdd3b456db42e12f7dbb9fcea81,INKANO_Monthly_Ads_-_SHOPEE.csv
InKano Thames Outer - Outerwear wanita knit cardigan wanita dengan details dash dan kancing,Berjalan,Iklan Produk,51250852825,GMV Max ROAS,Semua Penempatan,05/11/2025 00:00:00,67342.0,1853.0,0.0275,28.0,11.0,0.0151,0.0059,50733.12,31.0,12.0,10669000.0,5028000.0,1420527.0,7.51,3.54,2025-12-01,2025-12-31,monthly,31,False,766.61,344161.29,45823.45,1.0,thames,3ecd24f98e8d0f9ac84a1be2d078b6e3,INKANO_Monthly_Ads_-_SHOPEE.csv
"InKano Dill - Outerwear daily wanita bahan rayon texture crinkle warna muted pink mauve, hijau sage, coklat coffee [6]",Berjalan,Iklan Produk,16770157482,GMV Max ROAS,Semua Penempatan,09/06/2024 00:00:00,67220.0,3022.0,0.045,69.0,41.0,0.022799999999999997,0.013600000000000001,19446.22,71.0,42.0,13694400.0,7446400.0,1341789.0,10.21,5.55,2025-12-01,2025-12-31,monthly,31,False,444.01,192878.87,43283.52,2.29,dill,ad05b295bf8360610faebd1c9a8bb6da,INKANO_Monthly_Ads_-_SHOPEE.csv
InKano Gale - Rok satin wanita warna bw creme dan hitam,Berjalan,Iklan Produk,28364865828,GMV Max ROAS,Semua Penempatan,24/10/2024 00:00:00,63168.0,3793.0,0.06,63.0,38.0,0.0166,0.01,20357.12,64.0,39.0,11819550.0,7353300.0,1282498.0,9.22,5.73,2025-12-01,2025-12-31,monthly,31,False,338.12,184680.47,41370.9,2.065,gale,1b5086b65b99100fd3f27218a03cca31,INKANO_Monthly_Ads_-_SHOPEE.csv
"InKano Waves - Midi dress bahan katun warna Putih (berfuring), Beige, Biru tua, Coklat tua, Hitam [5]",Berjalan,Iklan Produk,3537453641,GMV Max ROAS,Semua Penempatan,19/03/2025 00:00:00,62731.0,1986.0,0.0317,30.0,25.0,0.0151,0.0126,22549.66,30.0,25.0,6009700.0,5075000.0,676490.0,8.88,7.5,2025-12-01,2025-12-31,monthly,31,False,340.63,200323.33,21822.26,0.968,waves,7f95b67e64f6fc03495a2a5d75aebd87,INKANO_Monthly_Ads_-_SHOPEE.csv
InKano Fleur - Kemeja sleeveless wanita dengan details flare di pinggang,Berjalan,Iklan Produk,42957848178,GMV Max ROAS,Semua Penempatan,09/07/2025 00:00:00,62039.0,2388.0,0.0385,48.0,33.0,0.020099999999999996,0.0138,23864.27,52.0,36.0,10573300.0,6606100.0,1145485.0,9.23,5.77,2025-12-01,2025-12-31,monthly,31,False,479.68,203332.69,36951.13,1.677,fleur,b6356d039109ff1aeb0faa694e63845f,INKANO_Monthly_Ads_-_SHOPEE.csv
InKano Carra Pleated Dress - Sleeveless dress wanita midi dress plisket wanita [4],Berjalan,Iklan Produk,24325590048,GMV Max ROAS,Semua Penempatan,08/06/2024 00:00:00,59287.0,2081.0,0.0351,46.0,23.0,0.022099999999999998,0.0111,29374.09,47.0,23.0,12752400.0,6857000.0,1351208.0,9.44,5.07,2025-12-01,2025-12-31,monthly,31,False,649.31,271327.66,43587.35,1.516,carra,410268db902f03c5521034107b588768,INKANO_Monthly_Ads_-_SHOPEE.csv
InKano Nash - Sleeveless atasan blouse wanita dengan neckline tinggi dan tekstur kain,Berjalan,Iklan Produk,40157398753,GMV Max ROAS,Semua Penempatan,07/07/2025 00:00:00,57064.0,2096.0,0.036699999999999997,70.0,50.0,0.0334,0.0239,18537.61,76.0,55.0,11328200.0,7305100.0,1297633.0,8.73,5.63,2025-12-01,2025-12-31,monthly,31,False,619.1,149055.26,41859.13,2.452,nash,9ad25031ad65c248124f1c862a1d6a04,INKANO_Monthly_Ads_-_SHOPEE.csv
InKano Fable - Kemeja katun wanita shirtdress dengan kancing full depan warna hitam dan abu [4],Berjalan,Iklan Produk,9449724340,GMV Max ROAS,Semua Penempatan,09/06/2024 00:00:00,56286.0,2153.0,0.0383,31.0,22.0,0.0144,0.0102,28854.89,32.0,23.0,8194800.0,6079400.0,894502.0,9.16,6.8,2025-12-01,2025-12-31,monthly,31,False,415.47,256087.5,28854.9,1.032,fable,0fcdf7fce0fe5e6c3d68b0509d342141,INKANO_Monthly_Ads_-_SHOPEE.csv
InKano Ann Cardie - Cadigan wanita katun outer rajut korean style,Berjalan,Iklan Produk,27924789216,GMV Max ROAS,Semua Penempatan,04/07/2025 00:00:00,55162.0,1876.0,0.034,59.0,23.0,0.031400000000000004,0.0123,27586.21,63.0,23.0,16869700.0,6877000.0,1627587.0,10.36,4.23,2025-12-01,2025-12-31,monthly,31,False,867.58,267773.02,52502.81,2.032,ann,c7384c29daeb83b91aa9c73d830be13a,INKANO_Monthly_Ads_-_SHOPEE.csv
InKano Spire Dress - Sleeveless dress korea wanita katun warna coklat dan hitam black,Berjalan,Iklan Produk,49450872502,GMV Max ROAS,Semua Penempatan,05/11/2025 00:00:00,53934.0,1789.0,0.0332,24.0,17.0,0.0134,0.0095,39446.98,26.0,18.0,7383400.0,5682000.0,946728.0,7.8,6.0,2025-12-01,2025-12-31,monthly,31,False,529.19,283976.92,30539.61,0.839,spire,7e01c9649a7cf74dd89a900193f71b1d,INKANO_Monthly_Ads_-_SHOPEE.csv
InKano Echo - Celana pendek parasut wanita full pinggang karet,Berjalan,Iklan Produk,27703225497,GMV Max ROAS,Semua Penempatan,24/06/2024 00:00:00,53804.0,1975.0,0.036699999999999997,67.0,33.0,0.0339,0.0167,20431.07,74.0,36.0,13214950.0,6084000.0,1368882.0,9.65,4.44,2025-12-01,2025-12-31,monthly,31,False,693.1,178580.41,44157.48,2.387,echo,a2c438a1d8adac2d08cdad40ec345d17,INKANO_Monthly_Ads_-_SHOPEE.csv
"InKano Basic Shirt - Kemeja basic rayon full kancing warna putih, hitam dan biru navy [4]",Berjalan,Iklan Produk,4654707139,GMV Max ROAS,Semua Penempatan,11/06/2024 00:00:00,51582.0,2146.0,0.0416,43.0,34.0,0.02,0.0158,19547.64,47.0,38.0,8029900.0,6371300.0,840549.0,9.55,7.58,2025-12-01,2025-12-31,monthly,31,False,391.68,170848.94,27114.48,1.516,shirt,a86e6a4ec2a6fd97e6098fc7ad944c0d,INKANO_Monthly_Ads_-_SHOPEE.csv
InKano Soleil - Rok wanita dengan pinggang karet dan details kerut,Berjalan,Iklan Produk,25641348214,GMV Max ROAS,Semua Penempatan,15/02/2025 00:00:00,48342.0,1988.0,0.041100000000000005,16.0,10.0,0.008,0.005,38736.45,19.0,12.0,4764300.0,3038000.0,619783.0,7.69,4.9,2025-12-01,2025-12-31,monthly,31,False,311.76,250752.63,19993.0,0.613,soleil,f0da9446449a5e9ea9cedeccb8775c96,INKANO_Monthly_Ads_-_SHOPEE.csv
InKano Eyre Drawstring Dress - sleeveless dress wanita midi dress wanita dengan drawstring pinggang [4],Berjalan,Iklan Produk,25022052499,GMV Max ROAS,Semua Penempatan,11/07/2024 00:00:00,47750.0,2230.0,0.0467,25.0,17.0,0.011200000000000002,0.0076,31230.15,27.0,18.0,5631100.0,3830100.0,780754.0,7.21,4.91,2025-12-01,2025-12-31,monthly,31,False,350.11,208559.26,25185.61,0.871,eyre,bd2438c7b52cfa394e77ea9e1473b33a,INKANO_Monthly_Ads_-_SHOPEE.csv
InKano Skylet - Sleeveless dress wanita minimalist maxi dress wanita dengan details crinkle texture dan straight cut,Berjalan,Iklan Produk,27176054532,GMV Max ROAS,Semua Penempatan,15/02/2025 00:00:00,46779.0,1735.0,0.0371,36.0,21.0,0.0207,0.0121,25600.8,37.0,22.0,9122200.0,4988000.0,921629.0,9.9,5.41,2025-12-01,2025-12-31,monthly,31,False,531.2,246545.95,29729.97,1.194,skylet,1e5be36d381e95b6f244d3e442f5ffd3,INKANO_Monthly_Ads_-_SHOPEE.csv
"InKano Organic Tee - Organic cotton tee, 100% cotton tee from organic farm certified.",Berjalan,Iklan Produk,27343670002,GMV Max ROAS,Semua Penempatan,26/11/2025 00:00:00,45227.0,1140.0,0.0252,49.0,30.0,0.043,0.0263,24330.58,55.0,34.0,10308600.0,5978600.0,1192198.0,8.65,5.01,2025-12-01,2025-12-31,monthly,31,False,1045.79,187429.09,38458.0,1.774,organic,2c9cf142bd100c083aa18978c24d8751,INKANO_Monthly_Ads_-_SHOPEE.csv
InKano Saffron - Rok Midi A Line wanita bahan katun dengan pinggang karet dan kantong samping,Berjalan,Iklan Produk,29638461726,GMV Max ROAS,Semua Penempatan,08/07/2025 00:00:00,41743.0,1630.0,0.039,45.0,17.0,0.0276,0.0104,30241.56,45.0,17.0,13039300.0,4963000.0,1360870.0,9.58,3.65,2025-12-01,2025-12-31,monthly,31,False,834.89,289762.22,43899.03,1.452,saffron,225a5bc77a75e687acf87409e06c63ce,INKANO_Monthly_Ads_-_SHOPEE.csv
"InKano Roue Tanktop & Roue Line - Tanktop rajut wanita knit crop top wanita basic warna putih, mauve, grey, hitam [6]",Berjalan,Iklan Produk,25256768865,GMV Max ROAS,Semua Penempatan,03/06/2025 00:00:00,34354.0,1182.0,0.0344,30.0,17.0,0.0254,0.0144,21654.61,34.0,21.0,6226000.0,3739000.0,649638.0,9.58,5.76,2025-12-01,2025-12-31,monthly,31,False,549.61,183117.65,20956.06,1.097,roue,d8e9012c5103ef6396fa2252e868a8df,INKANO_Monthly_Ads_-_SHOPEE.csv
InKano Basic Tee - Kaos wanita full katun atasan wanita basic lengan pendek,Berjalan,Iklan Produk,55250147702,GMV Max ROAS,Semua Penempatan,25/10/2025 00:00:00,33488.0,922.0,0.0275,33.0,26.0,0.0358,0.0282,16795.58,37.0,29.0,4053000.0,2871000.0,554254.0,7.31,5.18,2025-12-01,2025-12-31,monthly,31,False,601.14,109540.54,17879.16,1.194,kaos,e8f2436e816a15c1162a8ec8da980dea,INKANO_Monthly_Ads_-_SHOPEE.csv
InKano Fray - Celana wanita high waist relaxed fit,Berjalan,Iklan Produk,24991420380,GMV Max ROAS,Semua Penempatan,15/02/2025 00:00:00,27006.0,1124.0,0.0416,21.0,10.0,0.0187,0.0089,32626.45,22.0,11.0,4581700.0,2159000.0,685155.0,6.69,3.15,2025-12-01,2025-12-31,monthly,31,False,609.57,208259.09,22101.77,0.71,fray,bbdcddfc9ec7c6a92e56861a0c7e874c,INKANO_Monthly_Ads_-_SHOPEE.csv
InKano Solin - Atasan wanita dengan details plisket crinkled fabric,Berjalan,Iklan Produk,40611870614,GMV Max ROAS,Semua Penempatan,08/08/2025 00:00:00,24151.0,959.0,0.0397,14.0,8.0,0.0146,0.0083,37611.42,15.0,8.0,3408600.0,1747200.0,526560.0,6.47,3.32,2025-12-01,2025-12-31,monthly,31,False,549.07,227240.0,16985.81,0.484,solin,436933c0929ce1cc99cdd0c9762d9970,INKANO_Monthly_Ads_-_SHOPEE.csv
"InKano Naru - Sleveless semi-balloon top, elevated and versative basic top for everyday look",Berjalan,Iklan Produk,51550035702,GMV Max ROAS,Semua Penempatan,05/11/2025 00:00:00,21829.0,827.0,0.0379,37.0,17.0,0.0447,0.0206,22368.63,37.0,17.0,7080400.0,3304300.0,827639.0,8.55,3.99,2025-12-01,2025-12-31,monthly,31,False,1000.77,191362.16,26698.03,1.194,naru,cb695e75b4e039e9e551a1c0ec5fdf6c,INKANO_Monthly_Ads_-_SHOPEE.csv
InKano Palmer - Celana pendek wanita,Berjalan,Iklan Produk,43161943121,GMV Max ROAS,Semua Penempatan,08/08/2025 00:00:00,17338.0,764.0,0.0441,10.0,10.0,0.0131,0.0131,45635.55,10.0,10.0,2040000.0,2040000.0,456355.0,4.47,4.47,2025-12-01,2025-12-31,monthly,31,False,597.32,204000.0,14721.13,0.323,palmer,1a6f5701f650d9058ae312893773d4e4,INKANO_Monthly_Ads_-_SHOPEE.csv
In Kano Arden - Knit cardigan top wanita dengan bahan nylon,Berjalan,Iklan Produk,40367838067,GMV Max ROAS,Semua Penempatan,09/09/2025 00:00:00,16076.0,526.0,0.0327,8.0,1.0,0.0152,0.0019,47778.11,8.0,1.0,2052000.0,399000.0,382225.0,5.37,1.04,2025-12-01,2025-12-31,monthly,31,False,726.66,256500.0,12329.84,0.258,kano,1302a4dba9f539d16d8d31785557af9b,INKANO_Monthly_Ads_-_SHOPEE.csv
InKano Orrin Skirt - Rok wanita dengan contrasting stitch details,Berjalan,Iklan Produk,43817851260,GMV Max ROAS,Semua Penempatan,09/09/2025 00:00:00,15253.0,708.0,0.0464,11.0,6.0,0.0155,0.0085,39181.03,11.0,6.0,3375100.0,2174000.0,430991.0,7.83,5.04,2025-12-01,2025-12-31,monthly,31,False,608.74,306827.27,13902.94,0.355,orrin,9ec0ed681712a17ff12898ab93eca9eb,INKANO_Monthly_Ads_-_SHOPEE.csv
InKano Castor - Atasan wanita dengan details kerut,Berjalan,Iklan Produk,56401919154,GMV Max ROAS,Semua Penempatan,26/11/2025 00:00:00,9329.0,240.0,0.025699999999999997,6.0,6.0,0.025,0.025,44590.63,8.0,8.0,1562000.0,1562000.0,267544.0,5.84,5.84,2025-12-01,2025-12-31,monthly,31,False,1114.77,195250.0,8630.45,0.258,castor,b7ac756f4ea3b65bc80c85dbf4604ab1,INKANO_Monthly_Ads_-_SHOPEE.csv
InKano Iris - Atasan knit Wanita bahan viscose blend dengan details neckline,Berjalan,Iklan Produk,57500013209,GMV Max ROAS,Semua Penempatan,05/11/2025 00:00:00,6762.0,254.0,0.037599999999999995,4.0,2.0,0.015700000000000002,0.0079,50730.91,4.0,2.0,1166000.0,638000.0,202924.0,5.75,3.14,2025-12-01,2025-12-31,monthly,31,False,798.91,291500.0,6545.94,0.129,iris,0a9fdde370acdfc3e8c6b06dd89a34a3,INKANO_Monthly_Ads_-_SHOPEE.csv
Inkano Linden - Celana wanita relaxed celana bahan wanita untuk kantor dan casual,Berjalan,Iklan Produk,29112632697,GMV Max ROAS,Semua Penempatan,02/10/2024 00:00:00,2053.0,82.0,0.039900000000000005,1.0,1.0,0.012199999999999999,0.012199999999999999,41056.93,1.0,1.0,219000.0,219000.0,41057.0,5.33,5.33,2025-12-01,2025-12-31,monthly,31,False,500.7,219000.0,1324.42,0.032,linden,07e3d50f6861db6879bdde1a504ba393,INKANO_Monthly_Ads_-_SHOPEE.csv
InKano Rivera - Rok wanita dengan details kombinasi plisket,Berjalan,Iklan Produk,48753351177,GMV Max ROAS,Semua Penempatan,29/12/2025 00:00:00,1319.0,40.0,0.030299999999999997,1.0,1.0,0.025,0.025,19154.32,1.0,1.0,299000.0,299000.0,19154.0,15.61,15.61,2025-12-01,2025-12-31,monthly,31,False,478.85,299000.0,617.87,0.032,rivera,d5564387a3b4aee94af7035b9b831dc9,INKANO_Monthly_Ads_-_SHOPEE.csv
InKano Denim Barrel Pants - Celana panjang wanita dengan cutting barrel dan bahan denim,Berjalan,Iklan Produk,49503822443,GMV Max ROAS,Semua Penempatan,29/12/2025 00:00:00,1285.0,43.0,0.0335,1.0,1.0,0.0233,0.0233,33130.18,1.0,1.0,359100.0,359100.0,33130.0,10.84,10.84,2025-12-01,2025-12-31,monthly,31,False,770.47,359100.0,1068.71,0.032,denim,5e8d81c2f3d616264209dc766bb3ef7f,INKANO_Monthly_Ads_-_SHOPEE.csv
InKano Elm - Kemeja bahan rayon twill premium dengan details tali di belakang,Berjalan,Iklan Produk,53552634167,GMV Max ROAS,Semua Penempatan,29/12/2025 00:00:00,1010.0,18.0,0.0178,0.0,0.0,0.0,0.0,0.0,0.0,0.0,0.0,0.0,11477.0,0.0,0.0,2025-12-01,2025-12-31,monthly,31,False,637.61,,370.23,,elm,e69809a4941b8c2a4c51af08b3eefa3a,INKANO_Monthly_Ads_-_SHOPEE.csv
InKano Shiso - Dress wanita 100% cotton dengan details contrast stitching,Berjalan,Iklan Produk,53403769798,GMV Max ROAS,Semua Penempatan,29/12/2025 00:00:00,556.0,12.0,0.0216,0.0,0.0,0.0,0.0,0.0,0.0,0.0,0.0,0.0,10136.0,0.0,0.0,2025-12-01,2025-12-31,monthly,31,False,844.67,,326.97,,shiso,52580b2afed991d7d2c65327fcc69e3a,INKANO_Monthly_Ads_-_SHOPEE.csv
InKano Pollen - Celana wanita kantor dengan potongan lurus dan bahan premium,Berjalan,Iklan Produk,53653314955,GMV Max ROAS,Semua Penempatan,29/12/2025 00:00:00,369.0,9.0,0.024399999999999998,0.0,0.0,0.0,0.0,0.0,0.0,0.0,0.0,0.0,7989.0,0.0,0.0,2025-12-01,2025-12-31,monthly,31,False,887.67,,257.71,,pollen,5d95119a58b9daa1ca9b120843ef46da,INKANO_Monthly_Ads_-_SHOPEE.csv
InKano Tava - Kaos 100% cotton long sleeve and high neck,Berjalan,Iklan Produk,53952628803,GMV Max ROAS,Semua Penempatan,29/12/2025 00:00:00,282.0,5.0,0.0177,0.0,0.0,0.0,0.0,0.0,0.0,0.0,0.0,0.0,4854.0,0.0,0.0,2025-12-01,2025-12-31,monthly,31,False,970.8,,156.58,,tava,f04d6ba8bdb238a202a4d5ab07517b55,INKANO_Monthly_Ads_-_SHOPEE.csv
InKano Flint - Kemeja sleeveless wanita 100% cotton dengan details contrast stitching,Berjalan,Iklan Produk,51853780373,GMV Max ROAS,Semua Penempatan,29/12/2025 00:00:00,225.0,10.0,0.0444,0.0,0.0,0.0,0.0,0.0,0.0,0.0,0.0,0.0,4768.0,0.0,0.0,2025-12-01,2025-12-31,monthly,31,False,476.8,,153.81,,flint,6e5d21c13204445dbbf52614344ee274,INKANO_Monthly_Ads_-_SHOPEE.csv
InKano Fressia - Sleeveless atasan wanita dengan details applikasi floral.,Dijeda,Iklan Produk,26778177709,GMV Max ROAS,Semua Penempatan,04/03/2025 00:00:00,209561.0,9556.0,0.045599999999999995,145.0,67.0,0.0152,0.006999999999999999,22843.29,147.0,67.0,33827500.0,15343000.0,3312277.0,10.21,4.63,2025-12-01,2025-12-31,monthly,31,False,346.62,230119.05,106847.65,4.742,fressia,1fe54088a6ac75b193d27a22a8d543c5,INKANO_Monthly_Ads_-_SHOPEE.csv
InKano Aera - Atasan Wanita dengan bahan rayon spandex dan details asymmetric draping,Dijeda,Iklan Produk,49950037935,GMV Max ROAS,Semua Penempatan,05/11/2025 00:00:00,53410.0,1915.0,0.0359,41.0,30.0,0.021400000000000002,0.015700000000000002,26263.61,43.0,31.0,7858200.0,5289000.0,1076808.0,7.3,4.91,2025-12-01,2025-12-31,monthly,31,False,562.3,182748.84,34735.74,1.387,aera,d3fd51809b1abe17bd848035fd2eef63,INKANO_Monthly_Ads_-_SHOPEE.csv
InKano Marri Longsleeves - Cropped top knitted top with embossed pattern in long sleeves. [6],Dijeda,Iklan Produk,24369177837,GMV Max ROAS,Semua Penempatan,17/06/2024 00:00:00,49681.0,2656.0,0.0535,29.0,15.0,0.0109,0.005600000000000001,25366.47,30.0,15.0,7973700.0,4485000.0,735628.0,10.84,6.1,2025-12-01,2025-12-31,monthly,31,False,276.97,265790.0,23729.94,0.968,marri,fec1873565bd1e899838223e30336a65,INKANO_Monthly_Ads_-_SHOPEE.csv
InKano Fressia - Sleeveless atasan wanita dengan details applikasi floral.,Dijeda,Iklan Produk,54450142578,GMV Max ROAS,Semua Penempatan,27/10/2025 00:00:00,45916.0,1180.0,0.025699999999999997,40.0,21.0,0.0339,0.0178,28245.49,40.0,21.0,8910000.0,4809000.0,1129820.0,7.89,4.26,2025-12-01,2025-12-31,monthly,31,False,957.47,222750.0,36445.81,1.29,fressia,be6f1b8b2cb70fe643836e95958e78af,INKANO_Monthly_Ads_-_SHOPEE.csv
InKano Vine - Kemeja wanita stripes bahan full katun,Dijeda,Iklan Produk,27774742340,GMV Max ROAS,Semua Penempatan,30/01/2025 00:00:00,43166.0,1659.0,0.0384,27.0,14.0,0.0163,0.0084,24925.79,30.0,14.0,6805500.0,3406000.0,672996.0,10.11,5.06,2025-12-01,2025-12-31,monthly,31,False,405.66,226850.0,21709.55,0.968,vine,18816c343451ba416f6834e9660b8769,INKANO_Monthly_Ads_-_SHOPEE.csv
InKano Basic Tee - Kaos wanita full katun atasan wanita basic lengan pendek,Dijeda,Iklan Produk,41504095124,GMV Max ROAS,Semua Penempatan,11/06/2025 00:00:00,39898.0,1420.0,0.0356,53.0,42.0,0.0373,0.0296,13174.62,57.0,46.0,6248000.0,4554000.0,698255.0,8.95,6.52,2025-12-01,2025-12-31,monthly,31,False,491.73,109614.04,22524.35,1.839,kaos,09dd3fe60b86d2c32a3ef0222eff462b,INKANO_Monthly_Ads_-_SHOPEE.csv
"InKano Ravine - Sleveless dress wanita ironless crinkle fabric, midi inner dress wanita",Dijeda,Iklan Produk,25532425535,GMV Max ROAS,Semua Penempatan,24/06/2024 00:00:00,25063.0,900.0,0.0359,14.0,12.0,0.015600000000000001,0.013300000000000001,21713.76,14.0,12.0,2671500.0,2218000.0,303993.0,8.79,7.3,2025-12-01,2025-12-31,monthly,31,False,337.77,190821.43,9806.23,0.452,ravine,4c6db57732a23c00704c5d5d9c060ad1,INKANO_Monthly_Ads_-_SHOPEE.csv
InKano Caise Skirt - Rok midi wanita straight midi slim skirt warna abu dan hitam [4],Dijeda,Iklan Produk,22959279323,GMV Max ROAS,Semua Penempatan,09/06/2024 00:00:00,19597.0,1016.0,0.0518,16.0,7.0,0.015700000000000002,0.0069,16714.94,17.0,8.0,2921200.0,1272000.0,267439.0,10.92,4.76,2025-12-01,2025-12-31,monthly,31,False,263.23,171835.29,8627.06,0.548,caise,f500ac28e35dac579568221ee9218115,INKANO_Monthly_Ads_-_SHOPEE.csv
InKano Sable - Linen outer wanita unfinished details and contrast stitching,Dijeda,Iklan Produk,41511942583,GMV Max ROAS,Semua Penempatan,08/08/2025 00:00:00,17302.0,851.0,0.0492,8.0,6.0,0.009399999999999999,0.0070999999999999995,29200.21,8.0,6.0,1832000.0,1214000.0,233602.0,7.84,5.2,2025-12-01,2025-12-31,monthly,31,False,274.5,229000.0,7535.55,0.258,sable,525783626f1203b4fe22659b256a45f7,INKANO_Monthly_Ads_-_SHOPEE.csv
InKano Adair - Kemeja wanita oversized dengan contast stitching details,Dijeda,Iklan Produk,43607402621,GMV Max ROAS,Semua Penempatan,07/07/2025 00:00:00,13302.0,696.0,0.052300000000000006,7.0,4.0,0.0101,0.005699999999999999,28067.08,7.0,4.0,1753300.0,1022200.0,196470.0,8.92,5.2,2025-12-01,2025-12-31,monthly,31,False,282.28,250471.43,6337.74,0.226,adair,fa6764a31e5839a5411d6b12bbb5b5ce,INKANO_Monthly_Ads_-_SHOPEE.csv
InKano Moss - Celana panjang Wanita pleated dengan full pinggang karet,Dijeda,Iklan Produk,54100631082,GMV Max ROAS,Semua Penempatan,05/11/2025 00:00:00,11882.0,415.0,0.0349,14.0,9.0,0.0337,0.0217,28993.28,14.0,9.0,3336000.0,2331000.0,405906.0,8.22,5.74,2025-12-01,2025-12-31,monthly,31,False,978.09,238285.71,13093.74,0.452,moss,ac106d5efd2ed964b18a832c0ecdb87c,INKANO_Monthly_Ads_-_SHOPEE.csv
InKano Bluebell - Kemeja wanita dengan details plisket.,Dijeda,Iklan Produk,45301938934,GMV Max ROAS,Semua Penempatan,26/11/2025 00:00:00,11693.0,423.0,0.0362,3.0,0.0,0.0070999999999999995,0.0,54111.5,3.0,0.0,620900.0,0.0,162334.0,3.82,0.0,2025-12-01,2025-12-31,monthly,31,False,383.77,206966.67,5236.58,0.097,bluebell,11ca93323522e907ced6cbde219ac095,INKANO_Monthly_Ads_-_SHOPEE.csv
InKano Elwood - Semi sheer top outerwear wanita bahan katun voal,Dijeda,Iklan Produk,40817846796,GMV Max ROAS,Semua Penempatan,09/09/2025 00:00:00,9183.0,409.0,0.044500000000000005,8.0,4.0,0.0196,0.0098,23063.46,9.0,5.0,1736500.0,995000.0,184508.0,9.41,5.39,2025-12-01,2025-12-31,monthly,31,False,451.12,192944.44,5951.87,0.29,elwood,0e51993e1d84edbfac129a43c0d3f175,INKANO_Monthly_Ads_-_SHOPEE.csv
InKano Clive - Celana wanita kantor dengan details pleated,Dijeda,Iklan Produk,41470907573,GMV Max ROAS,Semua Penempatan,25/09/2025 00:00:00,8562.0,345.0,0.0403,7.0,5.0,0.0203,0.014499999999999999,27343.52,7.0,5.0,1543000.0,1185000.0,191405.0,8.06,6.19,2025-12-01,2025-12-31,monthly,31,False,554.8,220428.57,6174.35,0.226,clive,04dc122f838d8c0ef10abe0753867ae1,INKANO_Monthly_Ads_-_SHOPEE.csv
InKano Tether - Rok midi wanita dengan serat bahan tencel rok kerja wanita casual,Dijeda,Iklan Produk,29220727488,GMV Max ROAS,Semua Penempatan,16/12/2024 00:00:00,8049.0,297.0,0.0369,1.0,0.0,0.0034000000000000002,0.0,92872.5,1.0,0.0,229000.0,0.0,92872.0,2.47,0.0,2025-12-01,2025-12-31,monthly,31,False,312.7,229000.0,2995.87,0.032,tether,b99ed5a6dc53067115460f71189cd221,INKANO_Monthly_Ads_-_SHOPEE.csv
InKano Hawthorn - Atasan rajut knitwear wanita dengan details zipper dan tekstur,Dijeda,Iklan Produk,43807397639,GMV Max ROAS,Semua Penempatan,07/07/2025 00:00:00,7857.0,446.0,0.056799999999999996,5.0,2.0,0.011200000000000002,0.0045000000000000005,27899.16,5.0,2.0,1565000.0,798000.0,139496.0,11.22,5.72,2025-12-01,2025-12-31,monthly,31,False,312.77,313000.0,4499.87,0.161,hawthorn,b03e1dbacc6686b79f83751d69824549,INKANO_Monthly_Ads_-_SHOPEE.csv
InKano Kora - Knit Set in viscose blend. Camisole with relaxed outer knit with scallop edge in soft breathable fabric,Dijeda,Iklan Produk,55050017076,GMV Max ROAS,Semua Penempatan,05/11/2025 00:00:00,7629.0,235.0,0.0308,7.0,2.0,0.0298,0.0085,40969.12,7.0,2.0,2238500.0,938000.0,286784.0,7.81,3.27,2025-12-01,2025-12-31,monthly,31,False,1220.36,319785.71,9251.1,0.226,kora,228703910b9eff027655fc6de5eaab9a,INKANO_Monthly_Ads_-_SHOPEE.csv
InKano Tessera - Kemeja rajut lengan panjang dengan details tekstur untuk atasan maupun outerwear,Dijeda,Iklan Produk,27612634424,GMV Max ROAS,Semua Penempatan,02/10/2024 00:00:00,6817.0,255.0,0.0374,1.0,1.0,0.0039000000000000003,0.0039000000000000003,69817.79,1.0,1.0,359000.0,359000.0,69818.0,5.14,5.14,2025-12-01,2025-12-31,monthly,31,False,273.8,359000.0,2252.19,0.032,tessera,d9cbdd8c01b3c30e8511539f5a375937,INKANO_Monthly_Ads_-_SHOPEE.csv
InKano Nerra - Rok wanita midi bahan chinos dengan details stitching,Dijeda,Iklan Produk,47300102225,GMV Max ROAS,Semua Penempatan,05/11/2025 00:00:00,6513.0,243.0,0.0373,6.0,4.0,0.024700000000000003,0.0165,31866.27,6.0,4.0,1504000.0,916000.0,191198.0,7.87,4.79,2025-12-01,2025-12-31,monthly,31,False,786.82,250666.67,6167.68,0.194,nerra,39839184e23c0f2254c0f864c75f4a3c,INKANO_Monthly_Ads_-_SHOPEE.csv
InKano Alwyn -Outerwear rajut knitwear wanita dengan details contrast stitching,Dijeda,Iklan Produk,44007408047,GMV Max ROAS,Semua Penempatan,07/07/2025 00:00:00,6121.0,160.0,0.026099999999999998,3.0,1.0,0.018799999999999997,0.0062,48195.67,3.0,1.0,1127000.0,379000.0,144587.0,7.79,2.62,2025-12-01,2025-12-31,monthly,31,False,903.67,375666.67,4664.1,0.097,alwyn,8a6414d4cde951232c20b4982d58c1f3,INKANO_Monthly_Ads_-_SHOPEE.csv
InKano Leif - Atasan Blouse wanita basic atasan sleeveless wanita,Dijeda,Iklan Produk,40607295073,GMV Max ROAS,Semua Penempatan,07/07/2025 00:00:00,4677.0,172.0,0.0368,3.0,0.0,0.0174,0.0,32754.23,3.0,0.0,727000.0,0.0,98263.0,7.4,0.0,2025-12-01,2025-12-31,monthly,31,False,571.3,242333.33,3169.77,0.097,leif,ebef54d4a711d66b03d1e55b957429a6,INKANO_Monthly_Ads_-_SHOPEE.csv
"InKano Float - 2 ways blouse wanita sleeveless bahan crinkle reversible square and v neck warna coklat,biru abu,biru tua muda [5]",Dijeda,Iklan Produk,18804681664,GMV Max ROAS,Semua Penempatan,09/06/2024 00:00:00,3875.0,164.0,0.042300000000000004,4.0,4.0,0.024399999999999998,0.024399999999999998,9373.88,5.0,5.0,645000.0,645000.0,37496.0,17.2,17.2,2025-12-01,2025-12-31,monthly,31,False,228.63,129000.0,1209.55,0.161,float,a7b819d41c36a97bf0b5ce203a4db2aa,INKANO_Monthly_Ads_-_SHOPEE.csv
"InKano Slate Skirt - Rok wanita plisket dengan pinggang karet warna coklat, abu, dan hitam black [4]",Dijeda,Iklan Produk,23772418038,GMV Max ROAS,Semua Penempatan,08/06/2024 00:00:00,1509.0,92.0,0.061,2.0,2.0,0.0217,0.0217,13514.01,2.0,2.0,538000.0,538000.0,27028.0,19.91,19.91,2025-12-01,2025-12-31,monthly,31,False,293.78,269000.0,871.87,0.065,slate,2e980120acf0bb2ffe786ca03b15c369,INKANO_Monthly_Ads_-_SHOPEE.csv
InKano Alpine - Celana denim wanita relaxed fit dengan elastic di bagian belakang,Dijeda,Iklan Produk,29777681282,GMV Max ROAS,Semua Penempatan,01/03/2025 00:00:00,1107.0,36.0,0.0325,2.0,0.0,0.0556,0.0,6008.44,2.0,0.0,394700.0,0.0,12017.0,32.85,0.0,2025-12-01,2025-12-31,monthly,31,False,333.81,197350.0,387.65,0.065,alpine,4eea3f773c87c813eb19aa90d3d00f76,INKANO_Monthly_Ads_-_SHOPEE.csv
Automatically select products Ad,Berjalan,,0,GMV Max Auto Bidding (Shop),Semua Penempatan,05/11/2025 00:00:00,938471.0,39774.0,0.0424,428.0,262.0,0.0108,0.0066,22075.15,468.0,289.0,106639800.0,65841100.0,9448164.0,11.29,6.97,2026-01-01,2026-01-31,monthly,31,True,237.55,227862.82,304779.48,15.097,automatically,95d10ff459338db86f8d61163e14c1a2,INKANO_Monthly_Ads_-_SHOPEE.csv
InKano Thames Outer - Outerwear wanita knit cardigan wanita dengan details dash dan kancing,Berjalan,Iklan Produk,29273185813,GMV Max ROAS,Semua Penempatan,11/01/2025 00:00:00,490441.0,17836.0,0.0364,199.0,154.0,0.011200000000000002,0.0086,43139.37,206.0,161.0,81139000.0,67459000.0,8584734.0,9.45,7.86,2026-01-01,2026-01-31,monthly,31,False,481.31,393878.64,276926.9,6.645,thames,8f1a8164057c705e0772ff6e0bbaf7b4,INKANO_Monthly_Ads_-_SHOPEE.csv
InKano Spire Dress - Sleeveless dress korea wanita katun warna coklat dan hitam black [7],Berjalan,Iklan Produk,19970359270,GMV Max ROAS,Semua Penempatan,26/10/2024 00:00:00,456090.0,14440.0,0.0317,144.0,104.0,0.01,0.0072,36584.88,149.0,106.0,45643500.0,33722400.0,5268223.0,8.66,6.4,2026-01-01,2026-01-31,monthly,31,False,364.84,306332.21,169942.68,4.806,spire,2761d4686c17684a2ed207b982eba242,INKANO_Monthly_Ads_-_SHOPEE.csv
InKano Thames Outer - Outerwear wanita knit cardigan wanita dengan details dash dan kancing [4],Berjalan,Iklan Produk,22787969197,GMV Max ROAS,Semua Penempatan,17/06/2024 00:00:00,433398.0,15090.0,0.0348,153.0,109.0,0.0101,0.0072,42609.77,154.0,109.0,58966500.0,45461500.0,6519295.0,9.04,6.97,2026-01-01,2026-01-31,monthly,31,False,432.03,382899.35,210299.84,4.968,thames,6167ad569ddeaf74a4bafdc5efae5e4e,INKANO_Monthly_Ads_-_SHOPEE.csv
InKano Haze - Atasan rajut basic wanita dengan bahan full katun inner basic wanita lengan panjang,Berjalan,Iklan Produk,26214700605,GMV Max ROAS,Semua Penempatan,22/10/2024 00:00:00,415646.0,15813.0,0.038,185.0,149.0,0.011699999999999999,0.009399999999999999,24875.01,193.0,156.0,47037850.0,38131100.0,4601878.0,10.22,8.29,2026-01-01,2026-01-31,monthly,31,False,291.02,243719.43,148447.68,6.226,haze,0bce0ca1cd5143ca15432fe1b30a447d,INKANO_Monthly_Ads_-_SHOPEE.csv
InKano Cassia - Outer knit wanita lengan panjang dengan scallop hemming outerwear rajut wanita,Berjalan,Iklan Produk,27062867019,GMV Max ROAS,Semua Penempatan,04/11/2024 00:00:00,321630.0,11051.0,0.0344,105.0,82.0,0.0095,0.0074,34832.59,108.0,83.0,36504200.0,28709200.0,3657422.0,9.98,7.85,2026-01-01,2026-01-31,monthly,31,False,330.96,338001.85,117981.35,3.484,cassia,808ccac5b1ff100fd22d27e377035c9d,INKANO_Monthly_Ads_-_SHOPEE.csv
InKano Amary - Sleeveless dress wanita dengan details rok plisket,Berjalan,Iklan Produk,29075945430,GMV Max ROAS,Semua Penempatan,15/02/2025 00:00:00,283307.0,13349.0,0.0471,150.0,71.0,0.011200000000000002,0.0053,36249.77,160.0,75.0,49523800.0,29496600.0,5437465.0,9.11,5.42,2026-01-01,2026-01-31,monthly,31,False,407.33,309523.75,175402.1,5.161,amary,815a5dc2bb52571ef423fc1d245e28fb,INKANO_Monthly_Ads_-_SHOPEE.csv
InKano Barrel Pants - Celana panjang wanita dengan cutting barrel dan bahan katun,Berjalan,Iklan Produk,27738375792,GMV Max ROAS,Semua Penempatan,07/07/2025 00:00:00,262345.0,11912.0,0.0454,193.0,157.0,0.016200000000000003,0.0132,28156.61,200.0,161.0,50763400.0,43072400.0,5434225.0,9.34,7.93,2026-01-01,2026-01-31,monthly,31,False,456.2,253817.0,175297.58,6.452,barrel,31ea5a3f459e1ef6b065c732b6791e7e,INKANO_Monthly_Ads_-_SHOPEE.csv
InKano Cirrus - Dress wanita sleeveless midi dress wanita dengan details rok balloon,Berjalan,Iklan Produk,25390328930,GMV Max ROAS,Semua Penempatan,11/01/2025 00:00:00,247518.0,9493.0,0.0384,79.0,49.0,0.0083,0.0052,32163.57,81.0,49.0,22069000.0,14511000.0,2540922.0,8.69,5.71,2026-01-01,2026-01-31,monthly,31,False,267.66,272456.79,81965.23,2.613,cirrus,ff5f1f44329837f28cb736256dee747f,INKANO_Monthly_Ads_-_SHOPEE.csv
"InKano Meadow - Cardigan rajut wanita bahan full katun, knit cardigan wanita",Berjalan,Iklan Produk,26670732939,GMV Max ROAS,Semua Penempatan,16/12/2024 00:00:00,221870.0,6701.0,0.0302,70.0,28.0,0.0104,0.0042,39686.43,77.0,30.0,25680200.0,11592200.0,2778050.0,9.24,4.17,2026-01-01,2026-01-31,monthly,31,False,414.57,333509.09,89614.52,2.484,meadow,9ea2a47e22a8873d0f7ec5e698f2eba0,INKANO_Monthly_Ads_-_SHOPEE.csv
InKano Cassia - Outer knit wanita lengan panjang dengan scallop hemming outerwear rajut wanita,Berjalan,Iklan Produk,40556691928,GMV Max ROAS,Semua Penempatan,30/06/2025 00:00:00,214527.0,7672.0,0.0358,120.0,81.0,0.015600000000000001,0.0106,33524.66,126.0,86.0,40319200.0,29954000.0,4022959.0,10.02,7.45,2026-01-01,2026-01-31,monthly,31,False,524.37,319993.65,129772.87,4.065,cassia,1e3e9c98e120ff1c3aaca2ecfb7c1139,INKANO_Monthly_Ads_-_SHOPEE.csv
InKano  Spire Dress Maxi - Sleeveless dress korea wanita katun warna coklat dan hitam black,Berjalan,Iklan Produk,27923231189,GMV Max ROAS,Semua Penempatan,11/01/2025 00:00:00,207594.0,5910.0,0.0285,52.0,36.0,0.0088,0.0060999999999999995,32144.48,53.0,36.0,16865200.0,11634000.0,1671513.0,10.09,6.96,2026-01-01,2026-01-31,monthly,31,False,282.83,318211.32,53919.77,1.71,spire,2c32280b3f9c8327c8a3a0706bc613f9,INKANO_Monthly_Ads_-_SHOPEE.csv
InKano Thyme Clove - Atasan rajut wanita dengan floral details untuk layering,Berjalan,Iklan Produk,25339467342,GMV Max ROAS,Semua Penempatan,16/12/2024 00:00:00,202634.0,6750.0,0.0333,61.0,41.0,0.009000000000000001,0.0060999999999999995,37875.47,63.0,42.0,21112000.0,15078000.0,2310404.0,9.14,6.53,2026-01-01,2026-01-31,monthly,31,False,342.28,335111.11,74529.16,2.032,thyme,47de0a0ca33aa857dccdb84d77f97726,INKANO_Monthly_Ads_-_SHOPEE.csv
InKano Ann Cardie - Cadigan wanita katun outer rajut korean style [9],Berjalan,Iklan Produk,21486955097,GMV Max ROAS,Semua Penempatan,10/07/2024 00:00:00,192738.0,8240.0,0.042800000000000005,120.0,78.0,0.0146,0.0095,31794.53,127.0,81.0,36527200.0,24219000.0,3815344.0,9.57,6.35,2026-01-01,2026-01-31,monthly,31,False,463.03,287615.75,123075.61,4.097,ann,82f3c060aac7036ef09760683fad3af5,INKANO_Monthly_Ads_-_SHOPEE.csv
"InKano Waves - Midi dress bahan katun warna Putih (berfuring), Beige, Biru tua, Coklat tua, Hitam [7]",Berjalan,Iklan Produk,6137355964,GMV Max ROAS,Semua Penempatan,08/06/2024 00:00:00,181058.0,6291.0,0.0347,81.0,64.0,0.0129,0.0102,24691.89,87.0,70.0,18271200.0,14150100.0,2000043.0,9.14,7.07,2026-01-01,2026-01-31,monthly,31,False,317.92,210013.79,64517.52,2.806,waves,f5678d04e03ba0910ab548152e6754b6,INKANO_Monthly_Ads_-_SHOPEE.csv
InKano Plume Sol - Sleeveless dress wanita dengan details texture fabric and tier silouette,Berjalan,Iklan Produk,28074783892,GMV Max ROAS,Semua Penempatan,30/01/2025 00:00:00,176165.0,8159.0,0.0463,50.0,35.0,0.0060999999999999995,0.0043,34885.73,50.0,35.0,12820400.0,8545400.0,1744286.0,7.35,4.9,2026-01-01,2026-01-31,monthly,31,False,213.79,256408.0,56267.29,1.613,plume,fdb8fb32ad365a363d8af8b90b63e5e5,INKANO_Monthly_Ads_-_SHOPEE.csv
InKano Neva Tee - Kaos wanita 100% cotton crewneck tee dengan contrastic fabric,Berjalan,Iklan Produk,42817883477,GMV Max ROAS,Semua Penempatan,10/09/2025 00:00:00,151660.0,7066.0,0.0466,126.0,93.0,0.0178,0.0132,18003.68,154.0,116.0,19580100.0,13263100.0,2268463.0,8.63,5.85,2026-01-01,2026-01-31,monthly,31,False,321.04,127143.51,73176.23,4.968,neva,b1f7f09471e57de8f4c5376f0de408eb,INKANO_Monthly_Ads_-_SHOPEE.csv
InKano Lyn - Atasan wanita tanpa lengan sleveless top wanita dengan bahan ironless dan flowy dan details drape di pundak,Berjalan,Iklan Produk,28753233081,GMV Max ROAS,Semua Penempatan,24/06/2024 00:00:00,151327.0,5395.0,0.035699999999999996,77.0,63.0,0.0143,0.011699999999999999,20909.98,84.0,70.0,14847100.0,11830000.0,1610068.0,9.22,7.35,2026-01-01,2026-01-31,monthly,31,False,298.44,176751.19,51937.68,2.71,lyn,9ae54378c0066999e17ae454044b8318,INKANO_Monthly_Ads_-_SHOPEE.csv
InKano Spire Dress - Sleeveless dress korea wanita katun warna coklat dan hitam black,Berjalan,Iklan Produk,29640723036,GMV Max ROAS,Semua Penempatan,30/08/2025 00:00:00,150242.0,5496.0,0.0366,94.0,56.0,0.0171,0.0102,33095.76,97.0,59.0,30213000.0,18791000.0,3111001.0,9.71,6.04,2026-01-01,2026-01-31,monthly,31,False,566.05,311474.23,100354.87,3.129,spire,aabc2e5dbafd8202a0ed6421c8fe5502,INKANO_Monthly_Ads_-_SHOPEE.csv
InKano Nile - Cardigan rajut wanita dengan details floral pattern,Berjalan,Iklan Produk,42867887324,GMV Max ROAS,Semua Penempatan,09/09/2025 00:00:00,148738.0,7548.0,0.0507,82.0,52.0,0.0109,0.0069,31974.31,82.0,52.0,27208000.0,19188000.0,2621893.0,10.38,7.32,2026-01-01,2026-01-31,monthly,31,False,347.36,331804.88,84577.19,2.645,nile,e3f25489fbfe73d07316b21690cab3c7,INKANO_Monthly_Ads_-_SHOPEE.csv
InKano Briette - Crop top wanita crop top outerwear wanita dengan details tali ikat [4],Berjalan,Iklan Produk,25575584031,GMV Max ROAS,Semua Penempatan,08/06/2024 00:00:00,142145.0,6433.0,0.0453,72.0,57.0,0.011200000000000002,0.0089,22171.41,74.0,58.0,14598100.0,10574100.0,1596341.0,9.14,6.62,2026-01-01,2026-01-31,monthly,31,False,248.15,197271.62,51494.87,2.387,briette,c5dc0f5e426148bbb2db1b52e774b4ab,INKANO_Monthly_Ads_-_SHOPEE.csv
InKano Basic Tee - Kaos wanita full katun atasan wanita basic lengan pendek,Berjalan,Iklan Produk,26124817232,GMV Max ROAS,Semua Penempatan,12/04/2025 00:00:00,141890.0,4138.0,0.0292,110.0,89.0,0.026600000000000002,0.0215,15463.37,144.0,114.0,15466100.0,11276100.0,1700971.0,9.09,6.63,2026-01-01,2026-01-31,monthly,31,False,411.06,107403.47,54870.03,4.645,kaos,326bef7b54300da9c3d7149040622425,INKANO_Monthly_Ads_-_SHOPEE.csv
InKano Rene Cardigan - Everyday cardigan wanita outerwear wanita knit cardigan cotton viscose [4],Berjalan,Iklan Produk,24571129042,GMV Max ROAS,Semua Penempatan,11/06/2024 00:00:00,132028.0,5212.0,0.0395,53.0,47.0,0.0102,0.009000000000000001,42144.03,53.0,47.0,19257000.0,17343000.0,2233633.0,8.62,7.76,2026-01-01,2026-01-31,monthly,31,False,428.56,363339.62,72052.68,1.71,rene,e84365978cfc9481eb71e559d36af11c,INKANO_Monthly_Ads_-_SHOPEE.csv
InKano Cascade - Everyday sleeveless top wanita atasan wanita sleevelss bahan parasut,Berjalan,Iklan Produk,29802573288,GMV Max ROAS,Semua Penempatan,13/06/2024 00:00:00,123383.0,5735.0,0.04650000000000001,79.0,49.0,0.0138,0.0085,19636.86,85.0,50.0,12919300.0,7450000.0,1551312.0,8.33,4.8,2026-01-01,2026-01-31,monthly,31,False,270.5,151991.76,50042.32,2.742,cascade,0055a06388e2f784719ef5dea557679e,INKANO_Monthly_Ads_-_SHOPEE.csv
"InKano Acre Dress - Sleeveless dress katun maxi dress sleeveless hitam, navy, dan gingham [3]",Berjalan,Iklan Produk,26150443050,GMV Max ROAS,Semua Penempatan,08/06/2024 00:00:00,121050.0,4555.0,0.037599999999999995,54.0,34.0,0.011899999999999999,0.0075,37431.64,57.0,36.0,16193000.0,11434000.0,2021308.0,8.01,5.66,2026-01-01,2026-01-31,monthly,31,False,443.76,284087.72,65203.48,1.839,acre,8663ce7d96b200b6d61132795eef50d8,INKANO_Monthly_Ads_-_SHOPEE.csv
InKano Haze - Atasan rajut basic wanita dengan bahan full katun inner basic wanita lengan panjang,Berjalan,Iklan Produk,42370553268,GMV Max ROAS,Semua Penempatan,22/09/2025 00:00:00,119839.0,4298.0,0.0359,101.0,73.0,0.0235,0.017,27368.18,108.0,80.0,26606100.0,19520000.0,2764186.0,9.63,7.06,2026-01-01,2026-01-31,monthly,31,False,643.13,246352.78,89167.29,3.484,haze,88c078e6cf964e059f90b2deac5603e3,INKANO_Monthly_Ads_-_SHOPEE.csv
InKano Solstice Dress - Dress maxi wanita dengan tali spaghetti strap,Berjalan,Iklan Produk,43350410595,GMV Max ROAS,Semua Penempatan,15/05/2025 00:00:00,117310.0,4656.0,0.0397,52.0,36.0,0.011200000000000002,0.0077,28262.43,54.0,36.0,10836000.0,6984000.0,1469646.0,7.37,4.75,2026-01-01,2026-01-31,monthly,31,False,315.65,200666.67,47407.94,1.742,solstice,76e76874778f9f5eedd9f0232355762a,INKANO_Monthly_Ads_-_SHOPEE.csv
"InKano Cycle Jacket - See through jacket texturized fabric jaket wanita dengan hoodie warna beige, dusty pink, coklat [6]",Berjalan,Iklan Produk,22619901508,GMV Max ROAS,Semua Penempatan,11/06/2024 00:00:00,112948.0,4520.0,0.04,41.0,31.0,0.0091,0.0069,26244.55,41.0,31.0,9239000.0,6169000.0,1076027.0,8.59,5.73,2026-01-01,2026-01-31,monthly,31,False,238.06,225341.46,34710.55,1.323,cycle,88f67f3ba8438589d2cfdaa84bbcc517,INKANO_Monthly_Ads_-_SHOPEE.csv
InKano Mallow - Knit top rajut jaket wanita dengan twi way zipper.,Berjalan,Iklan Produk,27226014984,GMV Max ROAS,Semua Penempatan,15/02/2025 00:00:00,112638.0,3562.0,0.0316,27.0,14.0,0.0076,0.0039000000000000003,41064.83,27.0,14.0,9793000.0,6006000.0,1108750.0,8.83,5.42,2026-01-01,2026-01-31,monthly,31,False,311.27,362703.7,35766.13,0.871,mallow,04ab5470370a8c6f7acb8b5320043704,INKANO_Monthly_Ads_-_SHOPEE.csv
"InKano Meadow - Cardigan rajut wanita bahan full katun, knit cardigan wanita [2]",Berjalan,Iklan Produk,41051655502,GMV Max ROAS,Semua Penempatan,05/11/2025 00:00:00,109278.0,3398.0,0.0311,41.0,26.0,0.0121,0.0077,46416.81,43.0,27.0,15555100.0,10503000.0,1903089.0,8.17,5.52,2026-01-01,2026-01-31,monthly,31,False,560.06,361746.51,61389.97,1.387,meadow,c847577733cf35c4b1a4f4eb27c2c34f,INKANO_Monthly_Ads_-_SHOPEE.csv
"InKano Bree - Sleeveless midi dress rayon warna putih, coklat beige, hijau olive, hijau sage, hitam [4]",Berjalan,Iklan Produk,8012587266,GMV Max ROAS,Semua Penempatan,26/10/2024 00:00:00,108095.0,3494.0,0.0323,39.0,27.0,0.011200000000000002,0.0077,33991.95,39.0,27.0,10421000.0,7583000.0,1325686.0,7.86,5.72,2026-01-01,2026-01-31,monthly,31,False,379.42,267205.13,42764.06,1.258,bree,f0eb46322f612a8305a912afcd3494bc,INKANO_Monthly_Ads_-_SHOPEE.csv
InKano Cirrus - Dress wanita sleeveless midi dress wanita dengan details rok balloon,Berjalan,Iklan Produk,26391942529,GMV Max ROAS,Semua Penempatan,22/09/2025 00:00:00,105185.0,4535.0,0.0431,47.0,33.0,0.0104,0.0073,35879.17,52.0,35.0,15359100.0,10505000.0,1686321.0,9.11,6.23,2026-01-01,2026-01-31,monthly,31,False,371.85,295367.31,54397.45,1.677,cirrus,b8343acaf2561789402130e41004dc13,INKANO_Monthly_Ads_-_SHOPEE.csv
"InKano Bree - Sleeveless midi dress rayon warna putih, coklat beige, hijau olive, hijau sage, hitam [4]",Berjalan,Iklan Produk,6316156674,GMV Max ROAS,Semua Penempatan,22/09/2025 00:00:00,101897.0,4219.0,0.0414,78.0,35.0,0.018500000000000003,0.0083,29963.15,80.0,35.0,20600700.0,9235600.0,2337125.0,8.81,3.95,2026-01-01,2026-01-31,monthly,31,False,553.95,257508.75,75391.13,2.581,bree,13b8813f2b5bf770ce01c1c116a762e2,INKANO_Monthly_Ads_-_SHOPEE.csv
InKano Arbor - Outer wanita blazer wanita bahan soft suede,Berjalan,Iklan Produk,26439584864,GMV Max ROAS,Semua Penempatan,08/08/2025 00:00:00,97844.0,5524.0,0.0565,55.0,35.0,0.01,0.0063,28981.44,55.0,35.0,16005000.0,10565000.0,1593979.0,10.04,6.63,2026-01-01,2026-01-31,monthly,31,False,288.56,291000.0,51418.68,1.774,arbor,8eded1fbf0a29d9d8232512c8f3afba6,INKANO_Monthly_Ads_-_SHOPEE.csv
InKano Plume Sol - Sleeveless dress wanita dengan details texture fabric and tier silouette,Berjalan,Iklan Produk,55550137369,GMV Max ROAS,Semua Penempatan,25/10/2025 00:00:00,96601.0,4552.0,0.0471,61.0,34.0,0.0134,0.0075,29232.2,62.0,35.0,15918200.0,8615000.0,1783164.0,8.93,4.83,2026-01-01,2026-01-31,monthly,31,False,391.73,256745.16,57521.42,2.0,plume,fb7f35ea9b51f7d7ad2abdb6a42d5969,INKANO_Monthly_Ads_-_SHOPEE.csv
"InKano Linen Dress - Sleeveless dress linen, midi dress wanita warna offwhite stripes dan navy [5]",Berjalan,Iklan Produk,23870069126,GMV Max ROAS,Semua Penempatan,21/04/2025 00:00:00,94856.0,5157.0,0.054400000000000004,56.0,18.0,0.0109,0.0034999999999999996,31265.83,57.0,18.0,16419200.0,6568200.0,1750887.0,9.38,3.75,2026-01-01,2026-01-31,monthly,31,False,339.52,288056.14,56480.23,1.839,linen,f47ad835b18c6eb8f627a8b8fb43b9ba,INKANO_Monthly_Ads_-_SHOPEE.csv
InKano Elmore - Basic cardigan wanita rajut full kancing dengan bahan viscose yang lembut dan halus,Berjalan,Iklan Produk,24046286517,GMV Max ROAS,Semua Penempatan,08/08/2025 00:00:00,94384.0,4615.0,0.0489,47.0,22.0,0.0102,0.0048,28308.08,48.0,22.0,11747000.0,6358000.0,1330480.0,8.83,4.78,2026-01-01,2026-01-31,monthly,31,False,288.29,244729.17,42918.71,1.548,elmore,1f9bc66e52330e0ce45bb9ccb66f07fa,INKANO_Monthly_Ads_-_SHOPEE.csv
InKano Flow - Kemeja sleeveless wanita dengan bahan polyester linen dan relaxed fit,Berjalan,Iklan Produk,29362642841,GMV Max ROAS,Semua Penempatan,02/10/2024 00:00:00,93452.0,3661.0,0.0392,74.0,58.0,0.0202,0.0158,22294.46,85.0,69.0,13795500.0,10226500.0,1649790.0,8.36,6.2,2026-01-01,2026-01-31,monthly,31,False,450.64,162300.0,53219.03,2.742,flow,b6da1a006015fb7e5e21e7ea15ec9dfe,INKANO_Monthly_Ads_-_SHOPEE.csv
InKano Thames Outer - Outerwear wanita knit cardigan wanita dengan details dash dan kancing,Berjalan,Iklan Produk,51250852825,GMV Max ROAS,Semua Penempatan,05/11/2025 00:00:00,92183.0,3226.0,0.035,40.0,28.0,0.0124,0.0087,46654.11,40.0,28.0,15650000.0,11732000.0,1866164.0,8.39,6.29,2026-01-01,2026-01-31,monthly,31,False,578.48,391250.0,60198.84,1.29,thames,72fd5a0f1c7d10d0bec296fb408f1f9b,INKANO_Monthly_Ads_-_SHOPEE.csv
"InKano Gianna - Dress rayon dengan details ikat warna hitam, coklat muda, hijau olive dan soft pink [5]",Berjalan,Iklan Produk,4520695814,GMV Max ROAS,Semua Penempatan,08/06/2024 00:00:00,91589.0,1964.0,0.021400000000000002,16.0,12.0,0.008100000000000001,0.0060999999999999995,36268.76,17.0,12.0,3673000.0,2748000.0,580300.0,6.33,4.74,2026-01-01,2026-01-31,monthly,31,False,295.47,216058.82,18719.35,0.548,gianna,6c07f377ba0b660fbfef1741ef31eeea,INKANO_Monthly_Ads_-_SHOPEE.csv
InKano Basic Tee - Kaos wanita full katun atasan wanita basic lengan pendek,Berjalan,Iklan Produk,26514706880,GMV Max ROAS,Semua Penempatan,22/10/2024 00:00:00,87033.0,2681.0,0.0308,109.0,79.0,0.0407,0.029500000000000002,15834.61,145.0,109.0,15785200.0,10771200.0,1725973.0,9.15,6.24,2026-01-01,2026-01-31,monthly,31,False,643.78,108863.45,55676.55,4.677,kaos,59586226da074d49385d4bd84336c6a6,INKANO_Monthly_Ads_-_SHOPEE.csv
"InKano Sparrow - Sleeveless maxi dress dengan texture plisket berfuring warna putih gading, abu muda, pink, coklat [4]",Berjalan,Iklan Produk,8150225187,GMV Max ROAS,Semua Penempatan,10/07/2024 00:00:00,86370.0,2790.0,0.0323,39.0,29.0,0.013999999999999999,0.0104,29373.71,41.0,30.0,9959000.0,7470000.0,1145575.0,8.69,6.52,2026-01-01,2026-01-31,monthly,31,False,410.6,242902.44,36954.03,1.323,sparrow,32c30c478fd40e9d8a512f15125d17ec,INKANO_Monthly_Ads_-_SHOPEE.csv
InKano Rilys - Rok wanita rayon premium dengan details tier dan pinggang elastic,Berjalan,Iklan Produk,28738367414,GMV Max ROAS,Semua Penempatan,07/07/2025 00:00:00,84912.0,3988.0,0.047,69.0,59.0,0.0173,0.0148,25201.2,74.0,63.0,17246600.0,14279500.0,1738883.0,9.92,8.21,2026-01-01,2026-01-31,monthly,31,False,436.03,233062.16,56093.0,2.387,rilys,2dbae1d83c78c4710f370679ba3afd1b,INKANO_Monthly_Ads_-_SHOPEE.csv
"InKano Organic Tee - Organic cotton tee, 100% cotton tee from organic farm certified.",Berjalan,Iklan Produk,27343670002,GMV Max ROAS,Semua Penempatan,26/11/2025 00:00:00,80356.0,2787.0,0.0347,91.0,64.0,0.0327,0.023,21520.59,106.0,74.0,17880000.0,13120700.0,1958374.0,9.13,6.7,2026-01-01,2026-01-31,monthly,31,False,702.68,168679.25,63173.35,3.419,organic,61acf75c1ccd007501de2c7112dfa426,INKANO_Monthly_Ads_-_SHOPEE.csv
InKano Spire Dress - Sleeveless dress korea wanita katun warna coklat dan hitam black,Berjalan,Iklan Produk,49450872502,GMV Max ROAS,Semua Penempatan,05/11/2025 00:00:00,77488.0,2593.0,0.0335,38.0,21.0,0.0147,0.008100000000000001,36597.05,44.0,22.0,12076000.0,7188000.0,1390688.0,8.68,5.17,2026-01-01,2026-01-31,monthly,31,False,536.32,274454.55,44860.9,1.419,spire,822180b2b24a82637a49fcaacbbd0107,INKANO_Monthly_Ads_-_SHOPEE.csv
"InKano Crest - Pleated dress wanita sleeveless, dress wanita plisket tanpa lengan",Berjalan,Iklan Produk,24238660941,GMV Max ROAS,Semua Penempatan,25/11/2024 00:00:00,76848.0,2962.0,0.0385,40.0,15.0,0.013500000000000002,0.0051,29358.86,40.0,15.0,11350000.0,5085000.0,1174354.0,9.66,4.33,2026-01-01,2026-01-31,monthly,31,False,396.47,283750.0,37882.39,1.29,crest,f2da7f170a6e3e22a714dbcbf948aa4f,INKANO_Monthly_Ads_-_SHOPEE.csv
InKano Gale - Rok satin wanita warna bw creme dan hitam,Berjalan,Iklan Produk,28364865828,GMV Max ROAS,Semua Penempatan,24/10/2024 00:00:00,72139.0,4209.0,0.0583,57.0,39.0,0.013500000000000002,0.009300000000000001,22667.89,59.0,41.0,12235000.0,7714600.0,1292070.0,9.47,5.97,2026-01-01,2026-01-31,monthly,31,False,306.98,207372.88,41679.68,1.903,gale,738e742c648b8b8b7fe53c056fa20240,INKANO_Monthly_Ads_-_SHOPEE.csv
"InKano Seville - Sleeveless midi dress wanita bahan katun warna beige coklat muda, navy blue, pearl ivory, peanut coklat tua [6]",Berjalan,Iklan Produk,5418636273,GMV Max ROAS,Semua Penempatan,08/06/2024 00:00:00,70974.0,2440.0,0.0344,20.0,18.0,0.008199999999999999,0.0074,34063.68,20.0,18.0,4514300.0,3916300.0,681274.0,6.63,5.75,2026-01-01,2026-01-31,monthly,31,False,279.21,225715.0,21976.58,0.645,seville,b78a47d7aacae687165d0af95d253cde,INKANO_Monthly_Ads_-_SHOPEE.csv
InKano Ripple - Rok plisket wanita flowy pinggang karet [2],Berjalan,Iklan Produk,25439467291,GMV Max ROAS,Semua Penempatan,16/12/2024 00:00:00,70951.0,2638.0,0.037200000000000004,28.0,19.0,0.0106,0.0072,48330.53,31.0,22.0,9879000.0,8148000.0,1353255.0,7.3,6.02,2026-01-01,2026-01-31,monthly,31,False,512.99,318677.42,43653.39,1.0,ripple,a552b3b95196873ae0ee92e3c82069cc,INKANO_Monthly_Ads_-_SHOPEE.csv
"InKano Paige - Kemeja rayon wanita full kancing warna putih, coklat muda, hitam, olive, hijau sage, biru tua, biru muda [4]",Berjalan,Iklan Produk,4216455466,GMV Max ROAS,Semua Penempatan,08/06/2024 00:00:00,68036.0,2323.0,0.0341,30.0,24.0,0.0129,0.0103,25973.13,34.0,28.0,5354200.0,4420200.0,779194.0,6.87,5.67,2026-01-01,2026-01-31,monthly,31,False,335.43,157476.47,25135.29,1.097,paige,51c3d9f4c5742bb17614ad7e8845341c,INKANO_Monthly_Ads_-_SHOPEE.csv
InKano Fable - Kemeja katun wanita shirtdress dengan kancing full depan warna hitam dan abu [4],Berjalan,Iklan Produk,9449724340,GMV Max ROAS,Semua Penempatan,09/06/2024 00:00:00,63484.0,2657.0,0.04190000000000001,21.0,10.0,0.0079,0.0038,34289.64,21.0,10.0,5038300.0,2636200.0,720082.0,7.0,3.66,2026-01-01,2026-01-31,monthly,31,False,271.01,239919.05,23228.45,0.677,fable,8aec51c17caf9b6533f41a0bf4ce34e9,INKANO_Monthly_Ads_-_SHOPEE.csv
InKano Acker  - Atasan wanita dengan bahan soft rib rajut dan contrasting fabric,Berjalan,Iklan Produk,42561854974,GMV Max ROAS,Semua Penempatan,08/08/2025 00:00:00,62022.0,2642.0,0.0426,31.0,23.0,0.011699999999999999,0.0087,28333.98,32.0,23.0,6028000.0,4397000.0,878353.0,6.86,5.01,2026-01-01,2026-01-31,monthly,31,False,332.46,188375.0,28333.97,1.032,acker,9b024e2170d2ad753f58d085883e7258,INKANO_Monthly_Ads_-_SHOPEE.csv
InKano Denim Barrel Pants - Celana panjang wanita dengan cutting barrel dan bahan denim,Berjalan,Iklan Produk,49503822443,GMV Max ROAS,Semua Penempatan,29/12/2025 00:00:00,61993.0,2184.0,0.0352,29.0,22.0,0.013300000000000001,0.0101,45494.61,30.0,22.0,10280500.0,8578500.0,1319344.0,7.79,6.5,2026-01-01,2026-01-31,monthly,31,False,604.1,342683.33,42559.48,0.968,denim,fc257615a46cb30fac0dfe358005cdc9,INKANO_Monthly_Ads_-_SHOPEE.csv
"InKano Dill - Outerwear daily wanita bahan rayon texture crinkle warna muted pink mauve, hijau sage, coklat coffee [6]",Berjalan,Iklan Produk,16770157482,GMV Max ROAS,Semua Penempatan,09/06/2024 00:00:00,61071.0,2935.0,0.0481,37.0,22.0,0.0126,0.0075,29818.3,37.0,22.0,8770300.0,3902200.0,1103277.0,7.95,3.54,2026-01-01,2026-01-31,monthly,31,False,375.9,237035.14,35589.58,1.194,dill,3854b97045bd224f9416b33e0b768d40,INKANO_Monthly_Ads_-_SHOPEE.csv
InKano Nash - Sleeveless atasan blouse wanita dengan neckline tinggi dan tekstur kain,Berjalan,Iklan Produk,40157398753,GMV Max ROAS,Semua Penempatan,07/07/2025 00:00:00,58402.0,2352.0,0.0403,65.0,42.0,0.0276,0.0179,17206.05,66.0,43.0,9866500.0,5786300.0,1118393.0,8.82,5.17,2026-01-01,2026-01-31,monthly,31,False,475.51,149492.42,36077.19,2.129,nash,db9b9150f3ec94952b8d86d122fa0ae5,INKANO_Monthly_Ads_-_SHOPEE.csv
"InKano Basic Shirt - Kemeja basic rayon full kancing warna putih, hitam dan biru navy [4]",Berjalan,Iklan Produk,4654707139,GMV Max ROAS,Semua Penempatan,11/06/2024 00:00:00,57817.0,2751.0,0.047599999999999996,31.0,24.0,0.0113,0.0087,24861.84,32.0,25.0,6128000.0,4225000.0,770717.0,7.95,5.48,2026-01-01,2026-01-31,monthly,31,False,280.16,191500.0,24861.84,1.032,shirt,e176028f68d3e15de86ced1bd102a700,INKANO_Monthly_Ads_-_SHOPEE.csv
"InKano Waves - Midi dress bahan katun warna Putih (berfuring), Beige, Biru tua, Coklat tua, Hitam [5]",Berjalan,Iklan Produk,3537453641,GMV Max ROAS,Semua Penempatan,19/03/2025 00:00:00,54207.0,1954.0,0.036000000000000004,24.0,19.0,0.0123,0.0097,29832.29,24.0,19.0,5126000.0,3841000.0,715975.0,7.16,5.36,2026-01-01,2026-01-31,monthly,31,False,366.42,213583.33,23095.97,0.774,waves,b85b759cfcde312fff67c66cf240ed6f,INKANO_Monthly_Ads_-_SHOPEE.csv
InKano Rivera - Rok wanita dengan details kombinasi plisket,Berjalan,Iklan Produk,48753351177,GMV Max ROAS,Semua Penempatan,29/12/2025 00:00:00,52901.0,1918.0,0.0363,26.0,24.0,0.013600000000000001,0.0125,40555.78,28.0,26.0,8382000.0,7774000.0,1054450.0,7.95,7.37,2026-01-01,2026-01-31,monthly,31,False,549.77,299357.14,34014.52,0.903,rivera,56685203802a319157a5fe27bc529e63,INKANO_Monthly_Ads_-_SHOPEE.csv
InKano Basic Tee - Kaos wanita full katun atasan wanita basic lengan pendek,Berjalan,Iklan Produk,55250147702,GMV Max ROAS,Semua Penempatan,25/10/2025 00:00:00,51137.0,1737.0,0.034,46.0,35.0,0.0265,0.020099999999999996,14942.38,57.0,46.0,5853000.0,4554000.0,687350.0,8.52,6.63,2026-01-01,2026-01-31,monthly,31,False,395.71,102684.21,22172.58,1.839,kaos,c4f0d1008848892305aa704b4ebf6e4f,INKANO_Monthly_Ads_-_SHOPEE.csv
InKano Eyre Drawstring Dress - sleeveless dress wanita midi dress wanita dengan drawstring pinggang [4],Berjalan,Iklan Produk,25022052499,GMV Max ROAS,Semua Penempatan,11/07/2024 00:00:00,51017.0,2305.0,0.0452,30.0,26.0,0.013000000000000001,0.0113,27720.45,31.0,27.0,6586200.0,5750200.0,831614.0,7.92,6.91,2026-01-01,2026-01-31,monthly,31,False,360.79,212458.06,26826.26,1.0,eyre,f295875236853e42b1038698f44dc59e,INKANO_Monthly_Ads_-_SHOPEE.csv
InKano Skylet - Sleeveless dress wanita minimalist maxi dress wanita dengan details crinkle texture dan straight cut,Berjalan,Iklan Produk,27176054532,GMV Max ROAS,Semua Penempatan,15/02/2025 00:00:00,46272.0,1872.0,0.0405,39.0,27.0,0.0208,0.0144,24011.18,41.0,29.0,9675100.0,6571000.0,936436.0,10.33,7.02,2026-01-01,2026-01-31,monthly,31,False,500.23,235978.05,30207.61,1.323,skylet,c8f4c69fb47795acf29f91035e24c80e,INKANO_Monthly_Ads_-_SHOPEE.csv
Inkano Linden - Celana wanita relaxed celana bahan wanita untuk kantor dan casual,Berjalan,Iklan Produk,29112632697,GMV Max ROAS,Semua Penempatan,02/10/2024 00:00:00,45939.0,2116.0,0.0461,30.0,16.0,0.014199999999999999,0.0076,30236.13,31.0,17.0,7099000.0,3463000.0,907084.0,7.83,3.82,2026-01-01,2026-01-31,monthly,31,False,428.68,229000.0,29260.77,1.0,linden,26b21d2e37c1127061c1cebe16f0e810,INKANO_Monthly_Ads_-_SHOPEE.csv
InKano Echo - Celana pendek parasut wanita full pinggang karet,Berjalan,Iklan Produk,27703225497,GMV Max ROAS,Semua Penempatan,24/06/2024 00:00:00,40047.0,1549.0,0.0387,32.0,19.0,0.0207,0.0123,23800.14,35.0,21.0,6372100.0,3549000.0,761605.0,8.37,4.66,2026-01-01,2026-01-31,monthly,31,False,491.68,182060.0,24567.9,1.129,echo,214f14c4a220dfded367b3a21944799f,INKANO_Monthly_Ads_-_SHOPEE.csv
InKano Willow - Sleeveless dress satin wanita dengan details floral dress semi formal wanita untuk occasion [2],Berjalan,Iklan Produk,27970724615,GMV Max ROAS,Semua Penempatan,16/12/2024 00:00:00,39831.0,1879.0,0.0472,12.0,7.0,0.0064,0.0037,44456.0,14.0,7.0,3641100.0,2378100.0,533472.0,6.83,4.46,2026-01-01,2026-01-31,monthly,31,False,283.91,260078.57,17208.77,0.452,willow,4cd4c8c80857b341e614ed127587da4f,INKANO_Monthly_Ads_-_SHOPEE.csv
InKano Solin - Atasan wanita dengan details plisket crinkled fabric,Berjalan,Iklan Produk,40611870614,GMV Max ROAS,Semua Penempatan,08/08/2025 00:00:00,39691.0,1635.0,0.0412,27.0,14.0,0.0165,0.0086,24779.41,28.0,14.0,5892000.0,3156000.0,669044.0,8.81,4.72,2026-01-01,2026-01-31,monthly,31,False,409.2,210428.57,21582.06,0.903,solin,7d83854092ac83e9650245e744515ca2,INKANO_Monthly_Ads_-_SHOPEE.csv
InKano Brisa - Outerwear rajut wanita knitwear cardigan dengan details unfinished,Berjalan,Iklan Produk,43061856720,GMV Max ROAS,Semua Penempatan,08/08/2025 00:00:00,38947.0,1572.0,0.0404,22.0,18.0,0.013999999999999999,0.0115,46244.29,24.0,20.0,9886000.0,8380000.0,1017374.0,9.72,8.24,2026-01-01,2026-01-31,monthly,31,False,647.18,411916.67,32818.52,0.774,brisa,04413f446cb971a3000df9747368d079,INKANO_Monthly_Ads_-_SHOPEE.csv
InKano Pollen - Celana wanita kantor dengan potongan lurus dan bahan premium,Berjalan,Iklan Produk,53653314955,GMV Max ROAS,Semua Penempatan,29/12/2025 00:00:00,38546.0,1309.0,0.034,18.0,13.0,0.0138,0.009899999999999999,43767.83,18.0,13.0,4502000.0,3337000.0,787821.0,5.71,4.24,2026-01-01,2026-01-31,monthly,31,False,601.85,250111.11,25413.58,0.581,pollen,6603c0629828beb04b2b2bae3164dbdb,INKANO_Monthly_Ads_-_SHOPEE.csv
InKano Tava - Kaos 100% cotton long sleeve and high neck,Berjalan,Iklan Produk,53952628803,GMV Max ROAS,Semua Penempatan,29/12/2025 00:00:00,37792.0,1120.0,0.0296,40.0,28.0,0.035699999999999996,0.025,21876.4,47.0,34.0,8428500.0,5661500.0,875056.0,9.63,6.47,2026-01-01,2026-01-31,monthly,31,False,781.3,179329.79,28227.61,1.516,tava,485748bd65be40c2f598bbac3dafdb2e,INKANO_Monthly_Ads_-_SHOPEE.csv
InKano Shiso - Dress wanita 100% cotton dengan details contrast stitching,Berjalan,Iklan Produk,53403769798,GMV Max ROAS,Semua Penempatan,29/12/2025 00:00:00,34821.0,1167.0,0.0335,21.0,17.0,0.018000000000000002,0.0146,37245.17,21.0,17.0,6349000.0,5383000.0,782149.0,8.12,6.88,2026-01-01,2026-01-31,monthly,31,False,670.22,302333.33,25230.61,0.677,shiso,d57f107c7f5a856b1557981c70a3fd70,INKANO_Monthly_Ads_-_SHOPEE.csv
InKano Fray - Celana wanita high waist relaxed fit,Berjalan,Iklan Produk,24991420380,GMV Max ROAS,Semua Penempatan,15/02/2025 00:00:00,33148.0,1319.0,0.0398,30.0,13.0,0.0227,0.009899999999999999,25996.52,34.0,13.0,7586000.0,2567000.0,779896.0,9.73,3.29,2026-01-01,2026-01-31,monthly,31,False,591.28,223117.65,25157.94,1.097,fray,06499c9ba62f7ccb0c9977c546af1d6e,INKANO_Monthly_Ads_-_SHOPEE.csv
InKano Palmer - Celana pendek wanita,Berjalan,Iklan Produk,43161943121,GMV Max ROAS,Semua Penempatan,08/08/2025 00:00:00,30522.0,1275.0,0.0418,17.0,10.0,0.013300000000000001,0.0078000000000000005,38454.55,18.0,11.0,3582000.0,2259000.0,653727.0,5.48,3.46,2026-01-01,2026-01-31,monthly,31,False,512.73,199000.0,21087.97,0.581,palmer,e4d46a2544c2b4252afe8ebc139cc72d,INKANO_Monthly_Ads_-_SHOPEE.csv
"InKano Roue Tanktop & Roue Line - Tanktop rajut wanita knit crop top wanita basic warna putih, mauve, grey, hitam [6]",Berjalan,Iklan Produk,25256768865,GMV Max ROAS,Semua Penempatan,03/06/2025 00:00:00,29544.0,1080.0,0.0366,19.0,12.0,0.0176,0.0111,25888.81,22.0,14.0,4518000.0,2606000.0,491887.0,9.19,5.3,2026-01-01,2026-01-31,monthly,31,False,455.45,205363.64,15867.32,0.71,roue,454ea6010bda012b7eac54fafbb1e79a,INKANO_Monthly_Ads_-_SHOPEE.csv
In Kano Arden - Knit cardigan top wanita dengan bahan nylon,Berjalan,Iklan Produk,40367838067,GMV Max ROAS,Semua Penempatan,09/09/2025 00:00:00,28362.0,984.0,0.0347,14.0,4.0,0.014199999999999999,0.0040999999999999995,52534.31,15.0,4.0,5005000.0,1596000.0,735480.0,6.81,2.17,2026-01-01,2026-01-31,monthly,31,False,747.44,333666.67,23725.16,0.484,kano,2b2b827bd0b4559e9840189196cac64a,INKANO_Monthly_Ads_-_SHOPEE.csv
InKano Elm - Kemeja bahan rayon twill premium dengan details tali di belakang,Berjalan,Iklan Produk,53552634167,GMV Max ROAS,Semua Penempatan,29/12/2025 00:00:00,21230.0,647.0,0.0305,10.0,7.0,0.0155,0.0108,26739.1,10.0,7.0,1883100.0,1166100.0,267391.0,7.04,4.36,2026-01-01,2026-01-31,monthly,31,False,413.28,188310.0,8625.52,0.323,elm,7841b35c7579cebfa42b61bcd598e47e,INKANO_Monthly_Ads_-_SHOPEE.csv
InKano Flint - Kemeja sleeveless wanita 100% cotton dengan details contrast stitching,Berjalan,Iklan Produk,51853780373,GMV Max ROAS,Semua Penempatan,29/12/2025 00:00:00,20935.0,644.0,0.0308,8.0,2.0,0.0124,0.0031,31377.13,8.0,2.0,1202100.0,378100.0,251017.0,4.79,1.51,2026-01-01,2026-01-31,monthly,31,False,389.78,150262.5,8097.32,0.258,flint,11c735a7fc3dbf74eecd698ac4eb294b,INKANO_Monthly_Ads_-_SHOPEE.csv
InKano Castor - Atasan wanita dengan details kerut,Berjalan,Iklan Produk,56401919154,GMV Max ROAS,Semua Penempatan,26/11/2025 00:00:00,17841.0,344.0,0.019299999999999998,5.0,1.0,0.014499999999999999,0.0029,51371.67,5.0,1.0,1255000.0,189000.0,256858.0,4.89,0.74,2026-01-01,2026-01-31,monthly,31,False,746.68,251000.0,8285.74,0.161,castor,1615044cd079ac2322a7f9f58a688cd1,INKANO_Monthly_Ads_-_SHOPEE.csv
InKano Iris - Atasan knit Wanita bahan viscose blend dengan details neckline,Berjalan,Iklan Produk,57500013209,GMV Max ROAS,Semua Penempatan,05/11/2025 00:00:00,14090.0,397.0,0.0282,5.0,4.0,0.0126,0.0101,40830.65,5.0,4.0,1375000.0,1276000.0,204153.0,6.74,6.25,2026-01-01,2026-01-31,monthly,31,False,514.24,275000.0,6585.58,0.161,iris,3a03cff4d15f911d281c4cce0f967b9e,INKANO_Monthly_Ads_-_SHOPEE.csv
InKano Eiro - Rok wanita dengan pinggang karet dan details plisket crinkled fabric,Berjalan,Iklan Produk,29389584649,GMV Max ROAS,Semua Penempatan,08/08/2025 00:00:00,8094.0,400.0,0.049400000000000006,1.0,0.0,0.0025,0.0,68327.15,1.0,0.0,199000.0,0.0,68327.0,2.91,0.0,2026-01-01,2026-01-31,monthly,31,False,170.82,199000.0,2204.1,0.032,eiro,423b40bb532cc5a9f2b64b0aa31a611d,INKANO_Monthly_Ads_-_SHOPEE.csv
InKano Fressia - Sleeveless atasan wanita dengan details applikasi floral.,Berjalan,Iklan Produk,54450142578,GMV Max ROAS,Semua Penempatan,27/10/2025 00:00:00,7926.0,293.0,0.037000000000000005,8.0,6.0,0.0273,0.020499999999999997,18382.29,8.0,6.0,1762000.0,1374000.0,147058.0,11.98,9.34,2026-01-01,2026-01-31,monthly,31,False,501.9,220250.0,4743.81,0.258,fressia,0d694e7d20bc4895ccbaf78b07433c41,INKANO_Monthly_Ads_-_SHOPEE.csv
InKano Sorin - Outer wanita dengan textured floral fabric dan details tali.,Berjalan,Iklan Produk,27894132247,GMV Max ROAS,Semua Penempatan,28/01/2026 00:00:00,7051.0,183.0,0.026000000000000002,1.0,1.0,0.0055000000000000005,0.0055000000000000005,49192.84,1.0,1.0,289000.0,289000.0,49193.0,5.87,5.87,2026-01-01,2026-01-31,monthly,31,False,268.81,289000.0,1586.87,0.032,sorin,2ad3a115eee91370fbbb85ddb330f385,INKANO_Monthly_Ads_-_SHOPEE.csv
InKano Alpine - Celana denim wanita relaxed fit dengan elastic di bagian belakang,Berjalan,Iklan Produk,29777681282,GMV Max ROAS,Semua Penempatan,01/03/2025 00:00:00,6817.0,167.0,0.0245,3.0,3.0,0.018000000000000002,0.018000000000000002,38396.45,3.0,3.0,1077000.0,1077000.0,115189.0,9.35,9.35,2026-01-01,2026-01-31,monthly,31,False,689.75,359000.0,3715.77,0.097,alpine,8696dd28c2d034cd363a7d4a55748c28,INKANO_Monthly_Ads_-_SHOPEE.csv
InKano Miro - Atasan wanita semi-sheer dengan details floral embroidery dan classic Chinese knot buttons,Berjalan,Iklan Produk,44755366217,GMV Max ROAS,Semua Penempatan,28/01/2026 00:00:00,6497.0,260.0,0.04,2.0,2.0,0.0077,0.0077,21641.35,2.0,2.0,538000.0,538000.0,43283.0,12.43,12.43,2026-01-01,2026-01-31,monthly,31,False,166.47,269000.0,1396.23,0.065,miro,ff3084c5060ac5a8224fc61548ddd889,INKANO_Monthly_Ads_-_SHOPEE.csv
InKano Elka - Atasan sleeveless wanita dengan bahan satin rayon premium dan details ikat di belakang.,Berjalan,Iklan Produk,45255362046,GMV Max ROAS,Semua Penempatan,28/01/2026 00:00:00,4808.0,79.0,0.016399999999999998,0.0,0.0,0.0,0.0,0.0,0.0,0.0,0.0,0.0,12462.0,0.0,0.0,2026-01-01,2026-01-31,monthly,31,False,157.75,,402.0,,elka,866f5a98eb7b2311be5490982fb256a9,INKANO_Monthly_Ads_-_SHOPEE.csv
InKano Narei - Atasan/Outer wanita semi-sheer dengan details floral embroidery,Berjalan,Iklan Produk,55905332486,GMV Max ROAS,Semua Penempatan,28/01/2026 00:00:00,4694.0,164.0,0.0349,1.0,1.0,0.0060999999999999995,0.0060999999999999995,32027.91,1.0,1.0,219000.0,219000.0,32028.0,6.84,6.84,2026-01-01,2026-01-31,monthly,31,False,195.29,219000.0,1033.16,0.032,narei,37c1ff335f38c814222c6680d8e2e63c,INKANO_Monthly_Ads_-_SHOPEE.csv
InKano Elara - Atasan sleeveless wanita dengan details drape di leher,Berjalan,Iklan Produk,45855361281,GMV Max ROAS,Semua Penempatan,28/01/2026 00:00:00,3674.0,61.0,0.0166,0.0,0.0,0.0,0.0,0.0,0.0,0.0,0.0,0.0,24160.0,0.0,0.0,2026-01-01,2026-01-31,monthly,31,False,396.07,,779.35,,elara,3cc1b07e74f39f3bd0d24d8f7f8595c4,INKANO_Monthly_Ads_-_SHOPEE.csv
InKano Lunel - Rayon premium maxi dress with pleated details,Dijeda,Iklan Produk,47150051417,GMV Max ROAS,Semua Penempatan,05/11/2025 00:00:00,85147.0,3417.0,0.0401,48.0,25.0,0.013999999999999999,0.0073,37113.98,52.0,27.0,14058000.0,7803000.0,1781471.0,7.89,4.38,2026-01-01,2026-01-31,monthly,31,False,521.36,270346.15,57466.81,1.677,lunel,93411a1ab1ee7d86e9c47843a2482591,INKANO_Monthly_Ads_-_SHOPEE.csv
"InKano Pane Jacket - jaket wanita tipis dengan serat kain bertekstur, kancing depan, dan kantong [4]",Dijeda,Iklan Produk,25450648574,GMV Max ROAS,Semua Penempatan,17/06/2024 00:00:00,78805.0,4166.0,0.0529,55.0,34.0,0.0132,0.008199999999999999,22725.11,57.0,35.0,12757200.0,7490000.0,1249881.0,10.21,5.99,2026-01-01,2026-01-31,monthly,31,False,300.02,223810.53,40318.74,1.839,pane,7a861247c10dc3b51730e8e66c85a782,INKANO_Monthly_Ads_-_SHOPEE.csv
InKano Mallow - Knit top rajut jaket wanita dengan twi way zipper.,Dijeda,Iklan Produk,55500851049,GMV Max ROAS,Semua Penempatan,05/11/2025 00:00:00,60372.0,2709.0,0.0449,14.0,8.0,0.0052,0.003,60907.04,15.0,8.0,5435100.0,3432000.0,852699.0,6.37,4.02,2026-01-01,2026-01-31,monthly,31,False,314.77,362340.0,27506.42,0.484,mallow,795fb03c73c2941f354749d67875584a,INKANO_Monthly_Ads_-_SHOPEE.csv
InKano Ann Cardie - Cadigan wanita katun outer rajut korean style,Dijeda,Iklan Produk,27924789216,GMV Max ROAS,Semua Penempatan,04/07/2025 00:00:00,37497.0,1505.0,0.0401,28.0,19.0,0.018600000000000002,0.0126,29267.48,28.0,19.0,7602000.0,5681000.0,819489.0,9.28,6.93,2026-01-01,2026-01-31,monthly,31,False,544.51,271500.0,26435.13,0.903,ann,458607d6bb5172138789c3010418cae0,INKANO_Monthly_Ads_-_SHOPEE.csv
InKano Carra Pleated Dress - Sleeveless dress wanita midi dress plisket wanita [4],Dijeda,Iklan Produk,24325590048,GMV Max ROAS,Semua Penempatan,08/06/2024 00:00:00,35069.0,1409.0,0.04019999999999999,20.0,15.0,0.014199999999999999,0.0106,41608.21,20.0,15.0,5740000.0,4425000.0,832164.0,6.9,5.32,2026-01-01,2026-01-31,monthly,31,False,590.61,287000.0,26844.0,0.645,carra,54479f87fc46c4034057e1517deee7f4,INKANO_Monthly_Ads_-_SHOPEE.csv
InKano Hayes - Sleeveless dress wanita dengan details plisket di bagian depan,Dijeda,Iklan Produk,27029888504,GMV Max ROAS,Semua Penempatan,14/04/2025 00:00:00,34502.0,1149.0,0.0333,15.0,9.0,0.0131,0.0078000000000000005,31647.41,15.0,9.0,3875000.0,2331000.0,474711.0,8.16,4.91,2026-01-01,2026-01-31,monthly,31,False,413.15,258333.33,15313.26,0.484,hayes,5ac6ab3fdd17fce2164faa8db3f3cf75,INKANO_Monthly_Ads_-_SHOPEE.csv
InKano Stripes Union - Oversized stripes cotton knit top with long sleeve bahan katun korean style [5],Dijeda,Iklan Produk,18680549695,GMV Max ROAS,Semua Penempatan,08/06/2024 00:00:00,33416.0,1246.0,0.0373,13.0,11.0,0.0104,0.0088,29829.05,14.0,12.0,3946000.0,3588000.0,387778.0,10.18,9.25,2026-01-01,2026-01-31,monthly,31,False,311.22,281857.14,12508.97,0.452,stripes,27c381d63bdee4748e9c3ddecf495760,INKANO_Monthly_Ads_-_SHOPEE.csv
"InKano River - Sleeveless maxi cotton knit dress / Dress rajut katun panjang warna beige coklat susu, cloud grey abu muda, stone, asphalt abu tua [5]",Dijeda,Iklan Produk,9066211366,GMV Max ROAS,Semua Penempatan,18/07/2024 00:00:00,31140.0,1113.0,0.035699999999999996,12.0,9.0,0.0108,0.008100000000000001,32797.14,13.0,10.0,3717000.0,2790000.0,393566.0,9.44,7.09,2026-01-01,2026-01-31,monthly,31,False,353.61,285923.08,12695.68,0.419,river,dce8fcd083abe0094829bc3b4f77146d,INKANO_Monthly_Ads_-_SHOPEE.csv
"InKano Terrain Skirt - Rok wanita plisket dengan resliting belakang warna dusty pink, dark grey, dan hitam black [4]",Dijeda,Iklan Produk,19176939583,GMV Max ROAS,Semua Penempatan,08/06/2024 00:00:00,28153.0,1258.0,0.0447,4.0,3.0,0.0032,0.0024,75278.45,4.0,3.0,966000.0,867000.0,301114.0,3.21,2.88,2026-01-01,2026-01-31,monthly,31,False,239.36,241500.0,9713.35,0.129,terrain,aa7a635a52e624662e2da0dc8636d162,INKANO_Monthly_Ads_-_SHOPEE.csv
InKano Saffron - Rok Midi A Line wanita bahan katun dengan pinggang karet dan kantong samping,Dijeda,Iklan Produk,29638461726,GMV Max ROAS,Semua Penempatan,08/07/2025 00:00:00,24856.0,960.0,0.038599999999999995,20.0,12.0,0.0208,0.0125,27845.75,20.0,12.0,5539100.0,3528000.0,556915.0,9.95,6.33,2026-01-01,2026-01-31,monthly,31,False,580.12,276955.0,17965.0,0.645,saffron,b317c11a180b37785648ff13c343e86e,INKANO_Monthly_Ads_-_SHOPEE.csv
InKano Fleur - Kemeja sleeveless wanita dengan details flare di pinggang,Dijeda,Iklan Produk,42957848178,GMV Max ROAS,Semua Penempatan,09/07/2025 00:00:00,22158.0,890.0,0.04019999999999999,9.0,6.0,0.0101,0.0067,42494.25,9.0,6.0,2022200.0,1095100.0,382448.0,5.29,2.86,2026-01-01,2026-01-31,monthly,31,False,429.72,224688.89,12337.03,0.29,fleur,0e9f7b11d2d9d3fa2ff62191014cec78,INKANO_Monthly_Ads_-_SHOPEE.csv
InKano Soleil - Rok wanita dengan pinggang karet dan details kerut,Dijeda,Iklan Produk,25641348214,GMV Max ROAS,Semua Penempatan,15/02/2025 00:00:00,21675.0,956.0,0.0441,7.0,4.0,0.0073,0.0042,36452.79,7.0,4.0,1873000.0,1016000.0,255170.0,7.34,3.98,2026-01-01,2026-01-31,monthly,31,False,266.91,267571.43,8231.29,0.226,soleil,2d3fe403640f1039ad5b9c11f832a6b7,INKANO_Monthly_Ads_-_SHOPEE.csv
"InKano Naru - Sleveless semi-balloon top, elevated and versative basic top for everyday look",Dijeda,Iklan Produk,51550035702,GMV Max ROAS,Semua Penempatan,05/11/2025 00:00:00,18129.0,623.0,0.0344,12.0,7.0,0.019299999999999998,0.011200000000000002,28277.82,13.0,8.0,2436100.0,1572000.0,339334.0,7.18,4.63,2026-01-01,2026-01-31,monthly,31,False,544.68,187392.31,10946.26,0.419,naru,6993479afc72df49ea534b3f6315e0e8,INKANO_Monthly_Ads_-_SHOPEE.csv
InKano Orrin Skirt - Rok wanita dengan contrasting stitch details,Dijeda,Iklan Produk,43817851260,GMV Max ROAS,Semua Penempatan,09/09/2025 00:00:00,9834.0,374.0,0.038,4.0,1.0,0.010700000000000001,0.0027,47007.01,4.0,1.0,1016000.0,369000.0,188028.0,5.4,1.96,2026-01-01,2026-01-31,monthly,31,False,502.75,254000.0,6065.42,0.129,orrin,c8db91ca3905c9e6479d4ae0991817db,INKANO_Monthly_Ads_-_SHOPEE.csv
InKano Fressia - Sleeveless atasan wanita dengan details applikasi floral.,Dijeda,Iklan Produk,26778177709,GMV Max ROAS,Semua Penempatan,04/03/2025 00:00:00,2.0,0.0,0.0,0.0,0.0,0.0,0.0,0.0,0.0,0.0,0.0,0.0,0.0,0.0,0.0,2026-01-01,2026-01-31,monthly,31,False,,,,,fressia,172841fd5dafad99e99657aa804a4c38,INKANO_Monthly_Ads_-_SHOPEE.csv
Shop GMV Max,Berjalan,,0,GMV Max Auto Bidding (Shop),Semua Penempatan,05/11/2025 00:00:00,1599725.0,65877.0,0.0412,577.0,339.0,0.0088,0.0051,19539.93,627.0,367.0,129107000.0,83721700.0,11274537.0,11.45,7.43,2026-02-01,2026-02-28,monthly,28,True,171.15,205912.28,402662.04,22.393,shop,2bc61a09b74b8ef9083ae8f0cb1493e9,INKANO_Monthly_Ads_-_SHOPEE.csv
InKano Thames Outer - Outerwear wanita knit cardigan wanita dengan details dash dan kancing,Berjalan,Iklan Produk,29273185813,GMV Max ROAS,Semua Penempatan,11/01/2025 00:00:00,629387.0,20327.0,0.0323,219.0,175.0,0.0108,0.0086,40339.46,227.0,182.0,88877300.0,76258000.0,8834341.0,10.06,8.63,2026-02-01,2026-02-28,monthly,28,False,434.61,391529.96,315512.18,8.107,thames,a110fa599e2cde1ff808e1337baed614,INKANO_Monthly_Ads_-_SHOPEE.csv
InKano Spire Dress - Sleeveless dress korea wanita katun warna coklat dan hitam black [7],Berjalan,Iklan Produk,19970359270,GMV Max ROAS,Semua Penempatan,26/10/2024 00:00:00,531546.0,15843.0,0.0298,159.0,119.0,0.01,0.0075,31441.36,163.0,123.0,49592500.0,39604400.0,4999176.0,9.92,7.92,2026-02-01,2026-02-28,monthly,28,False,315.54,304248.47,178542.0,5.821,spire,05756ec0e37149621a65fbec0fb00a1b,INKANO_Monthly_Ads_-_SHOPEE.csv
InKano Thames Outer - Outerwear wanita knit cardigan wanita dengan details dash dan kancing [4],Berjalan,Iklan Produk,22787969197,GMV Max ROAS,Semua Penempatan,17/06/2024 00:00:00,400957.0,14247.0,0.0355,137.0,102.0,0.0096,0.0072,40506.46,143.0,107.0,54988900.0,44833000.0,5549385.0,9.91,8.08,2026-02-01,2026-02-28,monthly,28,False,389.51,384537.76,198192.32,5.107,thames,ac6d83f508c69e067f56c05a2015973d,INKANO_Monthly_Ads_-_SHOPEE.csv
InKano Spire Dress Maxi - Sleeveless dress korea wanita katun warna coklat dan hitam black,Berjalan,Iklan Produk,27923231189,GMV Max ROAS,Semua Penempatan,11/01/2025 00:00:00,387449.0,12273.0,0.0317,111.0,90.0,0.009000000000000001,0.0073,30114.03,117.0,90.0,35854100.0,29533300.0,3342657.0,10.73,8.84,2026-02-01,2026-02-28,monthly,28,False,272.36,306445.3,119380.61,4.179,spire,79391ee79caf3f19e9ecddfb412a89bb,INKANO_Monthly_Ads_-_SHOPEE.csv
InKano Cassia - Outer knit wanita lengan panjang dengan scallop hemming outerwear rajut wanita,Berjalan,Iklan Produk,27062867019,GMV Max ROAS,Semua Penempatan,04/11/2024 00:00:00,285105.0,10773.0,0.0378,102.0,81.0,0.0095,0.0075,34390.09,106.0,84.0,34603900.0,29236000.0,3507789.0,9.86,8.33,2026-02-01,2026-02-28,monthly,28,False,325.61,326451.89,125278.18,3.786,cassia,53b18e36d8061b0988e69245f60ce7a2,INKANO_Monthly_Ads_-_SHOPEE.csv
InKano Cirrus - Dress wanita sleeveless midi dress wanita dengan details rok balloon,Berjalan,Iklan Produk,25390328930,GMV Max ROAS,Semua Penempatan,11/01/2025 00:00:00,282801.0,10620.0,0.037599999999999995,101.0,68.0,0.0095,0.0064,27231.42,102.0,68.0,29195300.0,20072000.0,2750374.0,10.62,7.3,2026-02-01,2026-02-28,monthly,28,False,258.98,286228.43,98227.64,3.643,cirrus,b5be6fdf168ab51ea34c8188f2a22a86,INKANO_Monthly_Ads_-_SHOPEE.csv
InKano Neva Tee - Kaos wanita 100% cotton crewneck tee dengan contrastic fabric,Berjalan,Iklan Produk,42817883477,GMV Max ROAS,Semua Penempatan,10/09/2025 00:00:00,243363.0,10312.0,0.0424,197.0,163.0,0.0191,0.0158,13188.2,214.0,179.0,25694300.0,20421000.0,2598075.0,9.89,7.86,2026-02-01,2026-02-28,monthly,28,False,251.95,120066.82,92788.39,7.643,neva,030a3e7937fbed628831832a834baff2,INKANO_Monthly_Ads_-_SHOPEE.csv
InKano Cassia - Outer knit wanita lengan panjang dengan scallop hemming outerwear rajut wanita,Berjalan,Iklan Produk,40556691928,GMV Max ROAS,Semua Penempatan,30/06/2025 00:00:00,240655.0,9464.0,0.0393,97.0,66.0,0.0102,0.006999999999999999,29738.57,97.0,66.0,30127900.0,22834000.0,2884641.0,10.44,7.92,2026-02-01,2026-02-28,monthly,28,False,304.8,310596.91,103022.89,3.464,cassia,b51b9a924751f9ca40ba99d35aa3886f,INKANO_Monthly_Ads_-_SHOPEE.csv
InKano Plume Sol - Sleeveless dress wanita dengan details texture fabric and tier silouette,Berjalan,Iklan Produk,28074783892,GMV Max ROAS,Semua Penempatan,30/01/2025 00:00:00,219993.0,10589.0,0.0481,88.0,62.0,0.0083,0.0059,24636.36,94.0,62.0,21211200.0,15178000.0,2168000.0,9.78,7.0,2026-02-01,2026-02-28,monthly,28,False,204.74,225651.06,77428.57,3.357,plume,b4cc91068d4cd5f6780870241d9461dd,INKANO_Monthly_Ads_-_SHOPEE.csv
InKano Haze - Atasan rajut basic wanita dengan bahan full katun inner basic wanita lengan panjang,Berjalan,Iklan Produk,26214700605,GMV Max ROAS,Semua Penempatan,22/10/2024 00:00:00,210496.0,7633.0,0.0363,57.0,37.0,0.0075,0.0048,26659.78,62.0,40.0,14472100.0,9580000.0,1519607.0,9.52,6.3,2026-02-01,2026-02-28,monthly,28,False,199.08,233420.97,54271.68,2.214,haze,33f94696240640ed4be6a21e00e1f560,INKANO_Monthly_Ads_-_SHOPEE.csv
InKano Briette - Crop top wanita crop top outerwear wanita dengan details tali ikat [4],Berjalan,Iklan Produk,25575584031,GMV Max ROAS,Semua Penempatan,08/06/2024 00:00:00,208995.0,9632.0,0.0461,127.0,95.0,0.0132,0.009899999999999999,17861.88,137.0,103.0,24632000.0,18747000.0,2268459.0,10.86,8.26,2026-02-01,2026-02-28,monthly,28,False,235.51,179795.62,81016.39,4.893,briette,77e0cc904055e98edb8dd8c01dd56a4a,INKANO_Monthly_Ads_-_SHOPEE.csv
InKano Cirrus - Dress wanita sleeveless midi dress wanita dengan details rok balloon,Berjalan,Iklan Produk,26391942529,GMV Max ROAS,Semua Penempatan,22/09/2025 00:00:00,204580.0,10055.0,0.049100000000000005,81.0,58.0,0.008100000000000001,0.0058,26495.61,83.0,59.0,22624700.0,17401000.0,2146144.0,10.54,8.11,2026-02-01,2026-02-28,monthly,28,False,213.44,272586.75,76648.0,2.964,cirrus,6baa47fcfef42d61cf9e20a1713c95fe,INKANO_Monthly_Ads_-_SHOPEE.csv
InKano Thyme Clove - Atasan rajut wanita dengan floral details untuk layering,Berjalan,Iklan Produk,25339467342,GMV Max ROAS,Semua Penempatan,16/12/2024 00:00:00,202993.0,6531.0,0.0322,54.0,41.0,0.0083,0.0063,34595.47,56.0,43.0,19342700.0,15437000.0,1868155.0,10.35,8.26,2026-02-01,2026-02-28,monthly,28,False,286.04,345405.36,66719.82,2.0,thyme,cd486a73d49c1e9acdf4444d8db116c1,INKANO_Monthly_Ads_-_SHOPEE.csv
InKano Rene Cardigan - Everyday cardigan wanita outerwear wanita knit cardigan cotton viscose [4],Berjalan,Iklan Produk,24571129042,GMV Max ROAS,Semua Penempatan,11/06/2024 00:00:00,185533.0,6737.0,0.0363,80.0,61.0,0.011899999999999999,0.0091,33858.21,82.0,62.0,28766900.0,22878000.0,2708657.0,10.62,8.45,2026-02-01,2026-02-28,monthly,28,False,402.06,350815.85,96737.75,2.929,rene,c311f19480bbeb38f1d4855c9c399774,INKANO_Monthly_Ads_-_SHOPEE.csv
InKano Spire Dress - Sleeveless dress korea wanita katun warna coklat dan hitam black,Berjalan,Iklan Produk,29640723036,GMV Max ROAS,Semua Penempatan,30/08/2025 00:00:00,184336.0,6594.0,0.0358,110.0,89.0,0.0167,0.013500000000000002,28839.77,112.0,91.0,33761300.0,29339000.0,3172374.0,10.64,9.25,2026-02-01,2026-02-28,monthly,28,False,481.1,301440.18,113299.07,4.0,spire,939d73b3ed0dbd437e730cb194d8df3f,INKANO_Monthly_Ads_-_SHOPEE.csv
InKano Amary - Sleeveless dress wanita dengan details rok plisket,Berjalan,Iklan Produk,29075945430,GMV Max ROAS,Semua Penempatan,15/02/2025 00:00:00,178299.0,9015.0,0.0506,88.0,56.0,0.0098,0.0062,39275.39,92.0,60.0,32559700.0,23660000.0,3456235.0,9.42,6.85,2026-02-01,2026-02-28,monthly,28,False,383.39,353909.78,123436.96,3.286,amary,bcc118ac34f6d2dd0a6cfcc757cfb501,INKANO_Monthly_Ads_-_SHOPEE.csv
InKano Lyn - Atasan wanita tanpa lengan sleveless top wanita dengan bahan ironless dan flowy dan details drape di pundak,Berjalan,Iklan Produk,28753233081,GMV Max ROAS,Semua Penempatan,24/06/2024 00:00:00,168652.0,5957.0,0.0353,81.0,62.0,0.013600000000000001,0.0104,16826.12,86.0,66.0,13893400.0,11154000.0,1362916.0,10.19,8.18,2026-02-01,2026-02-28,monthly,28,False,228.79,161551.16,48675.57,3.071,lyn,c518401122a7279047fe65887bd90eee,INKANO_Monthly_Ads_-_SHOPEE.csv
InKano Stripes Union - Oversized stripes cotton knit top with long sleeve bahan katun korean style [5],Berjalan,Iklan Produk,18680549695,GMV Max ROAS,Semua Penempatan,08/06/2024 00:00:00,165468.0,5613.0,0.0339,74.0,68.0,0.0132,0.0121,29112.62,75.0,69.0,21894300.0,20631000.0,2154334.0,10.16,9.58,2026-02-01,2026-02-28,monthly,28,False,383.81,291924.0,76940.5,2.679,stripes,49c691137e173ef86a3371fc56789f0f,INKANO_Monthly_Ads_-_SHOPEE.csv
InKano Ann Cardie - Cadigan wanita katun outer rajut korean style [9],Berjalan,Iklan Produk,21486955097,GMV Max ROAS,Semua Penempatan,10/07/2024 00:00:00,160405.0,6446.0,0.04019999999999999,68.0,36.0,0.0105,0.005600000000000001,27984.46,74.0,36.0,20080000.0,10764000.0,1902943.0,10.55,5.66,2026-02-01,2026-02-28,monthly,28,False,295.21,271351.35,67962.25,2.643,ann,ff9e325a7a006bc657e53526f4697a3b,INKANO_Monthly_Ads_-_SHOPEE.csv
"InKano Waves - Midi dress bahan katun warna Putih (berfuring), Beige, Biru tua, Coklat tua, Hitam [7]",Berjalan,Iklan Produk,6137355964,GMV Max ROAS,Semua Penempatan,08/06/2024 00:00:00,160145.0,5877.0,0.036699999999999997,77.0,65.0,0.0131,0.0111,20073.74,77.0,65.0,15449100.0,13135000.0,1545678.0,10.0,8.5,2026-02-01,2026-02-28,monthly,28,False,263.0,200637.66,55202.79,2.75,waves,7241629dec837f6da48dd65c594e34d2,INKANO_Monthly_Ads_-_SHOPEE.csv
InKano Barrel Pants - Celana panjang wanita dengan cutting barrel dan bahan katun,Berjalan,Iklan Produk,27738375792,GMV Max ROAS,Semua Penempatan,07/07/2025 00:00:00,157925.0,7953.0,0.0504,72.0,60.0,0.0091,0.0075,28199.66,75.0,63.0,19232800.0,16677000.0,2030375.0,9.47,8.21,2026-02-01,2026-02-28,monthly,28,False,255.3,256437.33,72513.39,2.679,barrel,b108462d5d91ee583c80802ff32f32d7,INKANO_Monthly_Ads_-_SHOPEE.csv
InKano Basic Tee - Kaos wanita full katun atasan wanita basic lengan pendek,Berjalan,Iklan Produk,26124817232,GMV Max ROAS,Semua Penempatan,12/04/2025 00:00:00,150637.0,4415.0,0.029300000000000003,125.0,101.0,0.028300000000000002,0.0229,12234.33,149.0,122.0,15609700.0,12048300.0,1529291.0,10.21,7.88,2026-02-01,2026-02-28,monthly,28,False,346.39,104763.09,54617.54,5.321,kaos,0e848161f2de201d15699eae743a332e,INKANO_Monthly_Ads_-_SHOPEE.csv
InKano Tharra - Atasan sleeveless wanita katun dengan details bordir bunga,Berjalan,Iklan Produk,42817778717,GMV Max ROAS,Semua Penempatan,09/09/2025 00:00:00,149293.0,5848.0,0.0392,55.0,47.0,0.009399999999999999,0.008,21806.99,55.0,47.0,10992700.0,9533000.0,1199385.0,9.17,7.95,2026-02-01,2026-02-28,monthly,28,False,205.09,199867.27,42835.18,1.964,tharra,542d693619957cc584cfe0e0c7e5cd6e,INKANO_Monthly_Ads_-_SHOPEE.csv
"InKano Acre Dress - Sleeveless dress katun maxi dress sleeveless hitam, navy, dan gingham [3]",Berjalan,Iklan Produk,26150443050,GMV Max ROAS,Semua Penempatan,08/06/2024 00:00:00,147842.0,5101.0,0.0345,86.0,55.0,0.0169,0.0108,26575.4,87.0,56.0,24493400.0,17524000.0,2285484.0,10.72,7.67,2026-02-01,2026-02-28,monthly,28,False,448.05,281533.33,81624.43,3.107,acre,ed67d372c9c2386e87b6e3bdfc0aa1f6,INKANO_Monthly_Ads_-_SHOPEE.csv
"InKano Meadow - Cardigan rajut wanita bahan full katun, knit cardigan wanita",Berjalan,Iklan Produk,26670732939,GMV Max ROAS,Semua Penempatan,16/12/2024 00:00:00,146638.0,4600.0,0.031400000000000004,29.0,13.0,0.0063,0.0028000000000000004,34475.78,30.0,13.0,9576500.0,5057000.0,999798.0,9.58,5.06,2026-02-01,2026-02-28,monthly,28,False,217.35,319216.67,35707.07,1.071,meadow,4e2658806eb9fe729b1f324ff5687a5b,INKANO_Monthly_Ads_-_SHOPEE.csv
"InKano Seville - Sleeveless midi dress wanita bahan katun warna beige coklat muda, navy blue, pearl ivory, peanut coklat tua [6]",Berjalan,Iklan Produk,5418636273,GMV Max ROAS,Semua Penempatan,08/06/2024 00:00:00,141864.0,5209.0,0.036699999999999997,90.0,59.0,0.0173,0.0113,18688.2,98.0,63.0,17704400.0,14073100.0,1681938.0,10.53,8.37,2026-02-01,2026-02-28,monthly,28,False,322.89,180657.14,60069.21,3.5,seville,95b0b8c9a4d6c4e41da5cd35c8807916,INKANO_Monthly_Ads_-_SHOPEE.csv
"InKano Bree - Sleeveless midi dress rayon warna putih, coklat beige, hijau olive, hijau sage, hitam [4]",Berjalan,Iklan Produk,8012587266,GMV Max ROAS,Semua Penempatan,26/10/2024 00:00:00,140776.0,4566.0,0.032400000000000005,75.0,51.0,0.016399999999999998,0.011200000000000002,28066.67,77.0,53.0,20223800.0,14560100.0,2105001.0,9.61,6.92,2026-02-01,2026-02-28,monthly,28,False,461.02,262646.75,75178.61,2.75,bree,39537b6deda17aa9f40309c964537cc7,INKANO_Monthly_Ads_-_SHOPEE.csv
InKano Thames Outer - Outerwear wanita knit cardigan wanita dengan details dash dan kancing,Berjalan,Iklan Produk,51250852825,GMV Max ROAS,Semua Penempatan,05/11/2025 00:00:00,139586.0,4939.0,0.0354,44.0,34.0,0.0089,0.0069,42343.04,46.0,35.0,17622800.0,14665000.0,1863094.0,9.46,7.87,2026-02-01,2026-02-28,monthly,28,False,377.22,383104.35,66539.07,1.643,thames,2dd855e644282ca1580837060de1d93b,INKANO_Monthly_Ads_-_SHOPEE.csv
InKano Hawthorn - Atasan rajut knitwear wanita dengan details zipper dan tekstur,Berjalan,Iklan Produk,43807397639,GMV Max ROAS,Semua Penempatan,07/07/2025 00:00:00,132511.0,6905.0,0.0521,60.0,41.0,0.0087,0.0059,35110.73,61.0,42.0,20604500.0,16758000.0,2106644.0,9.78,7.95,2026-02-01,2026-02-28,monthly,28,False,305.09,337778.69,75237.29,2.179,hawthorn,beb051200c73b98d0916b393257d6349,INKANO_Monthly_Ads_-_SHOPEE.csv
InKano Solstice Dress - Dress maxi wanita dengan tali spaghetti strap,Berjalan,Iklan Produk,43350410595,GMV Max ROAS,Semua Penempatan,15/05/2025 00:00:00,130324.0,5302.0,0.0407,79.0,65.0,0.0149,0.0123,18568.31,82.0,67.0,15628000.0,12923000.0,1466896.0,10.65,8.81,2026-02-01,2026-02-28,monthly,28,False,276.67,190585.37,52389.14,2.929,solstice,b250b435c8f6a5b25a7a43c2e54e739a,INKANO_Monthly_Ads_-_SHOPEE.csv
InKano Rilys - Rok wanita rayon premium dengan details tier dan pinggang elastic,Berjalan,Iklan Produk,28738367414,GMV Max ROAS,Semua Penempatan,07/07/2025 00:00:00,130245.0,5824.0,0.0447,91.0,75.0,0.015600000000000001,0.0129,21740.9,94.0,78.0,21285600.0,17788100.0,1978422.0,10.76,8.99,2026-02-01,2026-02-28,monthly,28,False,339.7,226442.55,70657.93,3.357,rilys,3baef55ba8bb24c93e2e71bccc7da36b,INKANO_Monthly_Ads_-_SHOPEE.csv
InKano Cascade - Everyday sleeveless top wanita atasan wanita sleevelss bahan parasut,Berjalan,Iklan Produk,29802573288,GMV Max ROAS,Semua Penempatan,13/06/2024 00:00:00,129711.0,5323.0,0.040999999999999995,78.0,48.0,0.0147,0.009000000000000001,16900.01,87.0,52.0,12733900.0,7748000.0,1318201.0,9.66,5.88,2026-02-01,2026-02-28,monthly,28,False,247.64,146366.67,47078.61,3.107,cascade,5537e3cd1072522b73a56eaa3fbd33df,INKANO_Monthly_Ads_-_SHOPEE.csv
"InKano Organic Tee - Organic cotton tee, 100% cotton tee from organic farm certified.",Berjalan,Iklan Produk,27343670002,GMV Max ROAS,Semua Penempatan,26/11/2025 00:00:00,120816.0,3706.0,0.030699999999999998,97.0,75.0,0.0262,0.0202,21779.41,123.0,97.0,21307000.0,17219800.0,2112603.0,10.09,8.15,2026-02-01,2026-02-28,monthly,28,False,570.05,173227.64,75450.11,4.393,organic,eed48f6b394b3c086d04bd1f6ff6583f,INKANO_Monthly_Ads_-_SHOPEE.csv
"InKano Linen Dress - Sleeveless dress linen, midi dress wanita warna offwhite stripes dan navy [5]",Berjalan,Iklan Produk,23870069126,GMV Max ROAS,Semua Penempatan,21/04/2025 00:00:00,117655.0,6059.0,0.051500000000000004,48.0,28.0,0.0079,0.0046,33171.21,48.0,28.0,15049400.0,10332000.0,1592218.0,9.45,6.49,2026-02-01,2026-02-28,monthly,28,False,262.79,313529.17,56864.93,1.714,linen,64d25890cc74be0cce98da95e01fc91d,INKANO_Monthly_Ads_-_SHOPEE.csv
InKano Flow - Kemeja sleeveless wanita dengan bahan polyester linen dan relaxed fit,Berjalan,Iklan Produk,29362642841,GMV Max ROAS,Semua Penempatan,02/10/2024 00:00:00,116329.0,4304.0,0.037000000000000005,112.0,69.0,0.026000000000000002,0.016,15803.05,129.0,83.0,18914600.0,12337400.0,1769941.0,10.69,6.97,2026-02-01,2026-02-28,monthly,28,False,411.23,146624.81,63212.18,4.607,flow,dacb71659124d14e1ec0cc3054cbc20b,INKANO_Monthly_Ads_-_SHOPEE.csv
InKano Elmore - Basic cardigan wanita rajut full kancing dengan bahan viscose yang lembut dan halus,Berjalan,Iklan Produk,24046286517,GMV Max ROAS,Semua Penempatan,08/08/2025 00:00:00,115747.0,5923.0,0.0512,67.0,39.0,0.0113,0.0066,26749.31,71.0,40.0,19051600.0,11560000.0,1792204.0,10.63,6.45,2026-02-01,2026-02-28,monthly,28,False,302.58,268332.39,64007.29,2.536,elmore,a66037e245c312f36846192f3fd58dea,INKANO_Monthly_Ads_-_SHOPEE.csv
InKano Tava - Kaos 100% cotton long sleeve and high neck,Berjalan,Iklan Produk,53952628803,GMV Max ROAS,Semua Penempatan,29/12/2025 00:00:00,109767.0,3098.0,0.0282,61.0,50.0,0.0197,0.0161,21129.8,69.0,58.0,12527200.0,9768200.0,1288918.0,9.72,7.58,2026-02-01,2026-02-28,monthly,28,False,416.05,181553.62,46032.79,2.464,tava,c979109d5c904828dc40b600ec133d83,INKANO_Monthly_Ads_-_SHOPEE.csv
InKano Basic Tee - Kaos wanita full katun atasan wanita basic lengan pendek,Berjalan,Iklan Produk,26514706880,GMV Max ROAS,Semua Penempatan,22/10/2024 00:00:00,109587.0,2962.0,0.027000000000000003,93.0,71.0,0.031400000000000004,0.024,12098.04,113.0,87.0,11719600.0,8573400.0,1125118.0,10.42,7.62,2026-02-01,2026-02-28,monthly,28,False,379.85,103713.27,40182.79,4.036,kaos,753455a32f6131a6749ef4e25499e254,INKANO_Monthly_Ads_-_SHOPEE.csv
InKano Brisa - Outerwear rajut wanita knitwear cardigan dengan details unfinished,Berjalan,Iklan Produk,43061856720,GMV Max ROAS,Semua Penempatan,08/08/2025 00:00:00,107038.0,4205.0,0.0393,63.0,47.0,0.015,0.011200000000000002,36260.77,66.0,47.0,23665700.0,19693000.0,2284428.0,10.36,8.62,2026-02-01,2026-02-28,monthly,28,False,543.26,358571.21,81586.71,2.357,brisa,2a87a34c39b5a7b8c60133c0be39e52b,INKANO_Monthly_Ads_-_SHOPEE.csv
InKano Gale - Rok satin wanita warna bw creme dan hitam,Berjalan,Iklan Produk,28364865828,GMV Max ROAS,Semua Penempatan,24/10/2024 00:00:00,105534.0,5838.0,0.0553,92.0,72.0,0.0158,0.0123,17172.76,95.0,73.0,17460600.0,13834800.0,1579894.0,11.05,8.76,2026-02-01,2026-02-28,monthly,28,False,270.62,183795.79,56424.79,3.393,gale,a97f598ab6160db7f60cbbf10d866e0c,INKANO_Monthly_Ads_-_SHOPEE.csv
"InKano Gianna - Dress rayon dengan details ikat warna hitam, coklat muda, hijau olive dan soft pink [5]",Berjalan,Iklan Produk,4520695814,GMV Max ROAS,Semua Penempatan,08/06/2024 00:00:00,102947.0,3259.0,0.0317,48.0,40.0,0.0147,0.0123,20537.31,49.0,41.0,10894100.0,9389000.0,985791.0,11.05,9.52,2026-02-01,2026-02-28,monthly,28,False,302.48,222328.57,35206.82,1.75,gianna,3155c9494cfbb00e68ea9c8244951830,INKANO_Monthly_Ads_-_SHOPEE.csv
InKano Arbor - Outer wanita blazer wanita bahan soft suede,Berjalan,Iklan Produk,26439584864,GMV Max ROAS,Semua Penempatan,08/08/2025 00:00:00,102819.0,5772.0,0.056100000000000004,55.0,31.0,0.0095,0.0054,20295.99,56.0,31.0,13252300.0,9139000.0,1116280.0,11.87,8.19,2026-02-01,2026-02-28,monthly,28,False,193.4,236648.21,39867.14,2.0,arbor,bb12ed3283a6e380759dbb4523f01f07,INKANO_Monthly_Ads_-_SHOPEE.csv
InKano Haze - Atasan rajut basic wanita dengan bahan full katun inner basic wanita lengan panjang,Berjalan,Iklan Produk,42370553268,GMV Max ROAS,Semua Penempatan,22/09/2025 00:00:00,97567.0,3571.0,0.0366,54.0,38.0,0.0151,0.0106,25575.04,57.0,39.0,13923200.0,9501000.0,1381052.0,10.08,6.88,2026-02-01,2026-02-28,monthly,28,False,386.74,244266.67,49323.29,2.036,haze,de4c77db62758e5f8cec68c64c5d48bb,INKANO_Monthly_Ads_-_SHOPEE.csv
InKano Fable - Kemeja katun wanita shirtdress dengan kancing full depan warna hitam dan abu [4],Berjalan,Iklan Produk,9449724340,GMV Max ROAS,Semua Penempatan,09/06/2024 00:00:00,97061.0,4337.0,0.0447,44.0,40.0,0.0101,0.0092,25794.77,45.0,41.0,12095000.0,11029000.0,1134970.0,10.66,9.72,2026-02-01,2026-02-28,monthly,28,False,261.69,268777.78,40534.64,1.607,fable,2ec6f640a7d3fbc241aa4a9c80fa7924,INKANO_Monthly_Ads_-_SHOPEE.csv
InKano Marri Longsleeves - Cropped top knitted top with embossed pattern in long sleeves. [6],Berjalan,Iklan Produk,24369177837,GMV Max ROAS,Semua Penempatan,17/06/2024 00:00:00,96672.0,6375.0,0.0659,38.0,19.0,0.006,0.003,27079.35,40.0,20.0,9464700.0,6530000.0,1029015.0,9.2,6.35,2026-02-01,2026-02-28,monthly,28,False,161.41,236617.5,36750.54,1.429,marri,f84646ca19b37af20ee3c51bb0daafd4,INKANO_Monthly_Ads_-_SHOPEE.csv
InKano Denim Barrel Pants - Celana panjang wanita dengan cutting barrel dan bahan denim,Berjalan,Iklan Produk,49503822443,GMV Max ROAS,Semua Penempatan,29/12/2025 00:00:00,96526.0,3369.0,0.0349,63.0,50.0,0.0187,0.0148,33048.02,66.0,52.0,22270500.0,20628300.0,2082025.0,10.7,9.91,2026-02-01,2026-02-28,monthly,28,False,617.99,337431.82,74358.04,2.357,denim,674f819669e5ce4c84b0d78825b8b210,INKANO_Monthly_Ads_-_SHOPEE.csv
InKano Spire Dress - Sleeveless dress korea wanita katun warna coklat dan hitam black,Berjalan,Iklan Produk,49450872502,GMV Max ROAS,Semua Penempatan,05/11/2025 00:00:00,95163.0,3670.0,0.038599999999999995,44.0,31.0,0.012,0.0084,29196.65,45.0,32.0,13527500.0,10488000.0,1284653.0,10.53,8.16,2026-02-01,2026-02-28,monthly,28,False,350.04,300611.11,45880.46,1.607,spire,afd91fe1b15a9d7909bfd6d2dab232cd,INKANO_Monthly_Ads_-_SHOPEE.csv
InKano Eiro - Rok wanita dengan pinggang karet dan details plisket crinkled fabric,Berjalan,Iklan Produk,29389584649,GMV Max ROAS,Semua Penempatan,08/08/2025 00:00:00,92675.0,4667.0,0.0504,56.0,32.0,0.012,0.0069,24399.01,57.0,33.0,14012600.0,9777000.0,1366344.0,10.26,7.16,2026-02-01,2026-02-28,monthly,28,False,292.77,245835.09,48798.0,2.036,eiro,45ef72bb88ce9f6acef8d6d23a6fde4e,INKANO_Monthly_Ads_-_SHOPEE.csv
InKano Ripple - Rok plisket wanita flowy pinggang karet [2],Berjalan,Iklan Produk,25439467291,GMV Max ROAS,Semua Penempatan,16/12/2024 00:00:00,86020.0,3077.0,0.0358,57.0,34.0,0.018500000000000003,0.011000000000000001,25852.89,60.0,35.0,17486700.0,12825000.0,1473615.0,11.87,8.7,2026-02-01,2026-02-28,monthly,28,False,478.91,291445.0,52629.11,2.143,ripple,197c43fd2f6555bef33fbbbe3e234431,INKANO_Monthly_Ads_-_SHOPEE.csv
InKano Nash - Sleeveless atasan blouse wanita dengan neckline tinggi dan tekstur kain,Berjalan,Iklan Produk,40157398753,GMV Max ROAS,Semua Penempatan,07/07/2025 00:00:00,84285.0,3105.0,0.0368,82.0,70.0,0.0264,0.0225,14052.62,93.0,81.0,12305900.0,10935100.0,1152315.0,10.68,9.49,2026-02-01,2026-02-28,monthly,28,False,371.12,132321.51,41154.11,3.321,nash,eaa3157e2dcffcb67e99d8709b218360,INKANO_Monthly_Ads_-_SHOPEE.csv
"InKano Crest - Pleated dress wanita sleeveless, dress wanita plisket tanpa lengan",Berjalan,Iklan Produk,24238660941,GMV Max ROAS,Semua Penempatan,25/11/2024 00:00:00,83474.0,3102.0,0.037200000000000004,36.0,19.0,0.0116,0.0060999999999999995,22657.79,37.0,19.0,9934200.0,6441000.0,815681.0,12.18,7.9,2026-02-01,2026-02-28,monthly,28,False,262.95,268491.89,29131.46,1.321,crest,8d56b78f7c6c35799994c1091f708e94,INKANO_Monthly_Ads_-_SHOPEE.csv
Inkano Linden - Celana wanita relaxed celana bahan wanita untuk kantor dan casual,Berjalan,Iklan Produk,29112632697,GMV Max ROAS,Semua Penempatan,02/10/2024 00:00:00,80742.0,4099.0,0.0508,53.0,38.0,0.0129,0.009300000000000001,21692.47,56.0,39.0,10577300.0,8001000.0,1149701.0,9.2,6.96,2026-02-01,2026-02-28,monthly,28,False,280.48,188880.36,41060.75,2.0,linden,9f56b2480c004922464038216d00acde,INKANO_Monthly_Ads_-_SHOPEE.csv
InKano Elara - Atasan sleeveless wanita dengan details drape di leher,Berjalan,Iklan Produk,45855361281,GMV Max ROAS,Semua Penempatan,28/01/2026 00:00:00,80563.0,2216.0,0.0275,37.0,30.0,0.0167,0.013500000000000002,20903.08,39.0,32.0,7393100.0,6118000.0,773414.0,9.56,7.91,2026-02-01,2026-02-28,monthly,28,False,349.01,189566.67,27621.93,1.393,elara,af5f128fed3172124ad7174c99d05c0d,INKANO_Monthly_Ads_-_SHOPEE.csv
InKano Solin - Atasan wanita dengan details plisket crinkled fabric,Berjalan,Iklan Produk,40611870614,GMV Max ROAS,Semua Penempatan,08/08/2025 00:00:00,75943.0,3385.0,0.0446,49.0,27.0,0.014499999999999999,0.008,19526.65,50.0,28.0,10084300.0,6289100.0,956806.0,10.54,6.57,2026-02-01,2026-02-28,monthly,28,False,282.66,201686.0,34171.64,1.786,solin,91b6404acffe77c2053e292fc493b53b,INKANO_Monthly_Ads_-_SHOPEE.csv
InKano Willow - Sleeveless dress satin wanita dengan details floral dress semi formal wanita untuk occasion [2],Berjalan,Iklan Produk,27970724615,GMV Max ROAS,Semua Penempatan,16/12/2024 00:00:00,70439.0,3078.0,0.0437,29.0,14.0,0.009399999999999999,0.0045000000000000005,28997.27,30.0,14.0,8539800.0,4766000.0,840921.0,10.16,5.67,2026-02-01,2026-02-28,monthly,28,False,273.2,284660.0,30032.89,1.071,willow,ea6965b7d59f93f64d4b8ad51d6ffbff,INKANO_Monthly_Ads_-_SHOPEE.csv
InKano Shiso - Dress wanita 100% cotton dengan details contrast stitching,Berjalan,Iklan Produk,53403769798,GMV Max ROAS,Semua Penempatan,29/12/2025 00:00:00,68800.0,2442.0,0.0355,44.0,17.0,0.018000000000000002,0.006999999999999999,29882.93,52.0,17.0,14002900.0,5371100.0,1314849.0,10.65,4.08,2026-02-01,2026-02-28,monthly,28,False,538.43,269286.54,46958.89,1.857,shiso,424b9383b73c295f927c8fe7bea1e0c2,INKANO_Monthly_Ads_-_SHOPEE.csv
InKano Basic Tee - Kaos wanita full katun atasan wanita basic lengan pendek,Berjalan,Iklan Produk,55250147702,GMV Max ROAS,Semua Penempatan,25/10/2025 00:00:00,59597.0,1926.0,0.0323,67.0,58.0,0.0348,0.0301,9819.9,70.0,60.0,7037700.0,5940000.0,657933.0,10.7,9.03,2026-02-01,2026-02-28,monthly,28,False,341.61,100538.57,23497.61,2.5,kaos,5381b044fa5a44f91716296195f73911,INKANO_Monthly_Ads_-_SHOPEE.csv
"InKano Dill - Outerwear daily wanita bahan rayon texture crinkle warna muted pink mauve, hijau sage, coklat coffee [6]",Berjalan,Iklan Produk,16770157482,GMV Max ROAS,Semua Penempatan,09/06/2024 00:00:00,57359.0,2822.0,0.0492,38.0,17.0,0.013500000000000002,0.006,18505.67,39.0,17.0,7015600.0,3007200.0,703215.0,9.98,4.28,2026-02-01,2026-02-28,monthly,28,False,249.19,179887.18,25114.82,1.393,dill,be32d9ab6e7e986c710f34110a220ea1,INKANO_Monthly_Ads_-_SHOPEE.csv
InKano Pollen - Celana wanita kantor dengan potongan lurus dan bahan premium,Berjalan,Iklan Produk,53653314955,GMV Max ROAS,Semua Penempatan,29/12/2025 00:00:00,51313.0,2024.0,0.0394,27.0,17.0,0.013300000000000001,0.0084,26399.79,28.0,17.0,6341000.0,4413000.0,712794.0,8.9,6.19,2026-02-01,2026-02-28,monthly,28,False,352.17,226464.29,25456.93,1.0,pollen,0689c2061626e6643b91cccd4db4096b,INKANO_Monthly_Ads_-_SHOPEE.csv
"InKano Basic Shirt - Kemeja basic rayon full kancing warna putih, hitam dan biru navy [4]",Berjalan,Iklan Produk,4654707139,GMV Max ROAS,Semua Penempatan,11/06/2024 00:00:00,49578.0,1720.0,0.0347,24.0,18.0,0.013999999999999999,0.0105,18423.47,26.0,19.0,4622400.0,3211000.0,442163.0,10.45,7.26,2026-02-01,2026-02-28,monthly,28,False,257.07,177784.62,15791.54,0.929,shirt,23d73392d9f6205ed36ae108a4216e1b,INKANO_Monthly_Ads_-_SHOPEE.csv
InKano Fressia - Sleeveless atasan wanita dengan details applikasi floral.,Berjalan,Iklan Produk,54450142578,GMV Max ROAS,Semua Penempatan,27/10/2025 00:00:00,46724.0,1714.0,0.036699999999999997,24.0,15.0,0.013999999999999999,0.0088,27486.3,24.0,15.0,5127200.0,3435000.0,659671.0,7.77,5.21,2026-02-01,2026-02-28,monthly,28,False,384.87,213633.33,23559.68,0.857,fressia,76580927bcbbb25fba8ef91f52c780fd,INKANO_Monthly_Ads_-_SHOPEE.csv
InKano Harin - Atasan wanita katbol bahan 100% katun dengan floral embroidery,Berjalan,Iklan Produk,49456302667,GMV Max ROAS,Semua Penempatan,20/02/2026 00:00:00,34182.0,1024.0,0.03,7.0,6.0,0.0068000000000000005,0.0059,30366.51,7.0,6.0,1401700.0,1354000.0,212566.0,6.59,6.37,2026-02-01,2026-02-28,monthly,28,False,207.58,200242.86,7591.64,0.25,harin,540c92a48224a6c190c78424659985f2,INKANO_Monthly_Ads_-_SHOPEE.csv
InKano Alpine - Celana denim wanita relaxed fit dengan elastic di bagian belakang,Berjalan,Iklan Produk,29777681282,GMV Max ROAS,Semua Penempatan,01/03/2025 00:00:00,33636.0,964.0,0.0287,22.0,12.0,0.022799999999999997,0.0124,32690.33,23.0,13.0,6698700.0,4667000.0,719187.0,9.31,6.49,2026-02-01,2026-02-28,monthly,28,False,746.04,291247.83,25685.25,0.821,alpine,8a81886139a2db3650c58939de9c2d4c,INKANO_Monthly_Ads_-_SHOPEE.csv
InKano Castor - Atasan wanita dengan details kerut,Berjalan,Iklan Produk,56401919154,GMV Max ROAS,Semua Penempatan,26/11/2025 00:00:00,31592.0,730.0,0.0231,24.0,15.0,0.0329,0.020499999999999997,16754.24,25.0,16.0,4230100.0,2503100.0,402102.0,10.52,6.23,2026-02-01,2026-02-28,monthly,28,False,550.82,169204.0,14360.79,0.893,castor,be97625ec19bb9441bf56cb692544537,INKANO_Monthly_Ads_-_SHOPEE.csv
InKano Palmer - Celana pendek wanita,Berjalan,Iklan Produk,43161943121,GMV Max ROAS,Semua Penempatan,08/08/2025 00:00:00,30286.0,1161.0,0.0383,22.0,16.0,0.0189,0.0138,18612.86,23.0,16.0,4276700.0,3244000.0,409483.0,10.44,7.92,2026-02-01,2026-02-28,monthly,28,False,352.7,185943.48,14624.39,0.821,palmer,3247087a4ccde17411d8b9190649b859,INKANO_Monthly_Ads_-_SHOPEE.csv
InKano Flint - Kemeja sleeveless wanita 100% cotton dengan details contrast stitching,Berjalan,Iklan Produk,51853780373,GMV Max ROAS,Semua Penempatan,29/12/2025 00:00:00,26334.0,721.0,0.0274,12.0,9.0,0.0166,0.0125,17604.03,12.0,9.0,2253400.0,1771100.0,211248.0,10.67,8.38,2026-02-01,2026-02-28,monthly,28,False,292.99,187783.33,7544.57,0.429,flint,6a409931cae55a8885f69cc8b019a644,INKANO_Monthly_Ads_-_SHOPEE.csv
"InKano Sparrow - Sleeveless maxi dress dengan texture plisket berfuring warna putih gading, abu muda, pink, coklat [4]",Berjalan,Iklan Produk,8150225187,GMV Max ROAS,Semua Penempatan,10/07/2024 00:00:00,15598.0,618.0,0.039599999999999996,4.0,4.0,0.006500000000000001,0.006500000000000001,34666.51,4.0,4.0,996000.0,996000.0,138666.0,7.18,7.18,2026-02-01,2026-02-28,monthly,28,False,224.38,249000.0,4952.36,0.143,sparrow,efd8961726ff1c41f0d8f184c9362bf0,INKANO_Monthly_Ads_-_SHOPEE.csv
InKano Hinari - Outerwear wanita lightweight dan sheer dengan details bordir dan scallop edge,Berjalan,Iklan Produk,44956512669,GMV Max ROAS,Semua Penempatan,27/02/2026 00:00:00,382.0,7.0,0.0183,0.0,0.0,0.0,0.0,0.0,0.0,0.0,0.0,0.0,25000.0,0.0,0.0,2026-02-01,2026-02-28,monthly,28,False,3571.43,,892.86,,hinari,bfe73418c66ae0de36ec18459dd0d3ab,INKANO_Monthly_Ads_-_SHOPEE.csv
InKano Miro - Atasan wanita semi-sheer dengan details floral embroidery dan classic Chinese knot buttons,Dijeda,Iklan Produk,44755366217,GMV Max ROAS,Semua Penempatan,28/01/2026 00:00:00,472877.0,27090.0,0.057300000000000004,135.0,111.0,0.005,0.0040999999999999995,27415.95,140.0,113.0,37755500.0,31257000.0,3701154.0,10.2,8.45,2026-02-01,2026-02-28,monthly,28,False,136.62,269682.14,132184.07,5.0,miro,60282bda0ecd404a8724241022c27165,INKANO_Monthly_Ads_-_SHOPEE.csv
InKano Nile - Cardigan rajut wanita dengan details floral pattern,Dijeda,Iklan Produk,42867887324,GMV Max ROAS,Semua Penempatan,09/09/2025 00:00:00,288058.0,13910.0,0.0483,113.0,92.0,0.008100000000000001,0.0066,33361.61,113.0,92.0,38589400.0,33948000.0,3769862.0,10.24,9.01,2026-02-01,2026-02-28,monthly,28,False,271.02,341499.12,134637.93,4.036,nile,2009fc0c21516e6b3bda6d2c86fb62da,INKANO_Monthly_Ads_-_SHOPEE.csv
InKano Sorin - Outer wanita dengan textured floral fabric dan details tali.,Dijeda,Iklan Produk,27894132247,GMV Max ROAS,Semua Penempatan,28/01/2026 00:00:00,155868.0,5990.0,0.0384,60.0,45.0,0.01,0.0075,26964.85,60.0,45.0,16606400.0,13195000.0,1617891.0,10.26,8.16,2026-02-01,2026-02-28,monthly,28,False,270.1,276773.33,57781.82,2.143,sorin,8182f0ebc2994f17da535620256ff450,INKANO_Monthly_Ads_-_SHOPEE.csv
InKano Aera - Atasan Wanita dengan bahan rayon spandex dan details asymmetric draping,Dijeda,Iklan Produk,49950037935,GMV Max ROAS,Semua Penempatan,05/11/2025 00:00:00,114265.0,4095.0,0.0358,105.0,75.0,0.0256,0.0183,19075.97,114.0,78.0,19399600.0,13562000.0,2002977.0,9.69,6.77,2026-02-01,2026-02-28,monthly,28,False,489.13,170171.93,71534.89,4.071,aera,7694fdff1bcc0f5fe637d6e1995eace9,INKANO_Monthly_Ads_-_SHOPEE.csv
InKano Plume Sol - Sleeveless dress wanita dengan details texture fabric and tier silouette,Dijeda,Iklan Produk,55550137369,GMV Max ROAS,Semua Penempatan,25/10/2025 00:00:00,114000.0,5463.0,0.0479,76.0,42.0,0.0139,0.0077,22594.56,79.0,44.0,18422000.0,10706000.0,1717186.0,10.73,6.23,2026-02-01,2026-02-28,monthly,28,False,314.33,233189.87,61328.07,2.821,plume,a11dc1667f8ecc16dba8703a6af84572,INKANO_Monthly_Ads_-_SHOPEE.csv
"InKano Cycle Jacket - See through jacket texturized fabric jaket wanita dengan hoodie warna beige, dusty pink, coklat [6]",Dijeda,Iklan Produk,22619901508,GMV Max ROAS,Semua Penempatan,11/06/2024 00:00:00,105024.0,4050.0,0.038599999999999995,40.0,29.0,0.009899999999999999,0.0072,17121.49,41.0,30.0,8167700.0,5970000.0,684860.0,11.93,8.72,2026-02-01,2026-02-28,monthly,28,False,169.1,199212.2,24459.29,1.464,cycle,5453b22f857f3b392b73849104f1906f,INKANO_Monthly_Ads_-_SHOPEE.csv
InKano Rava - Atasan wanita longsleeve soft and lightweight,Dijeda,Iklan Produk,52856273449,GMV Max ROAS,Semua Penempatan,20/02/2026 00:00:00,90806.0,5437.0,0.0599,49.0,29.0,0.009000000000000001,0.0053,19491.86,49.0,29.0,10039400.0,6641000.0,955101.0,10.51,6.95,2026-02-01,2026-02-28,monthly,28,False,175.67,204885.71,34110.75,1.75,rava,ae8fade4fc496c458d4d1499c303f422,INKANO_Monthly_Ads_-_SHOPEE.csv
InKano Narei - Atasan/Outer wanita semi-sheer dengan details floral embroidery,Dijeda,Iklan Produk,55905332486,GMV Max ROAS,Semua Penempatan,28/01/2026 00:00:00,85544.0,4314.0,0.0504,33.0,22.0,0.0076,0.0051,24651.27,34.0,22.0,7381500.0,4878000.0,813492.0,9.07,6.0,2026-02-01,2026-02-28,monthly,28,False,188.57,217102.94,29053.29,1.214,narei,c3c63c5952eb176ed1aa8eefac6f2c3f,INKANO_Monthly_Ads_-_SHOPEE.csv
InKano Acker - Atasan wanita dengan bahan soft rib rajut dan contrasting fabric,Dijeda,Iklan Produk,42561854974,GMV Max ROAS,Semua Penempatan,08/08/2025 00:00:00,66505.0,2841.0,0.042699999999999995,28.0,22.0,0.009899999999999999,0.0077,19007.25,28.0,22.0,5392500.0,4138000.0,532203.0,10.13,7.78,2026-02-01,2026-02-28,monthly,28,False,187.33,192589.29,19007.25,1.0,acker,c5ac69a4bdc5500649ad079f2699a0bf,INKANO_Monthly_Ads_-_SHOPEE.csv
InKano Eyre Drawstring Dress - sleeveless dress wanita midi dress wanita dengan drawstring pinggang [4],Dijeda,Iklan Produk,25022052499,GMV Max ROAS,Semua Penempatan,11/07/2024 00:00:00,56066.0,2206.0,0.0393,22.0,17.0,0.01,0.0077,25865.87,22.0,17.0,4954600.0,3623000.0,569049.0,8.71,6.37,2026-02-01,2026-02-28,monthly,28,False,257.96,225209.09,20323.18,0.786,eyre,20d2248e6daae1263bc863787345e846,INKANO_Monthly_Ads_-_SHOPEE.csv
"InKano Paige - Kemeja rayon wanita full kancing warna putih, coklat muda, hitam, olive, hijau sage, biru tua, biru muda [4]",Dijeda,Iklan Produk,4216455466,GMV Max ROAS,Semua Penempatan,08/06/2024 00:00:00,49130.0,1883.0,0.0383,31.0,21.0,0.0165,0.011200000000000002,15089.55,32.0,22.0,4683000.0,3498000.0,467776.0,10.01,7.48,2026-02-01,2026-02-28,monthly,28,False,248.42,146343.75,16706.29,1.143,paige,62d806fec66dea0fedc1fb3efb4095c7,INKANO_Monthly_Ads_-_SHOPEE.csv
InKano Elm - Kemeja bahan rayon twill premium dengan details tali di belakang,Dijeda,Iklan Produk,53552634167,GMV Max ROAS,Semua Penempatan,29/12/2025 00:00:00,46526.0,1889.0,0.0406,35.0,18.0,0.018500000000000003,0.0095,17755.69,40.0,22.0,6370400.0,3718000.0,621449.0,10.25,5.98,2026-02-01,2026-02-28,monthly,28,False,328.98,159260.0,22194.61,1.429,elm,cdf271590da177fbdc4431a6da16fe03,INKANO_Monthly_Ads_-_SHOPEE.csv
InKano Fray - Celana wanita high waist relaxed fit,Dijeda,Iklan Produk,24991420380,GMV Max ROAS,Semua Penempatan,15/02/2025 00:00:00,37882.0,1570.0,0.0414,19.0,11.0,0.0121,0.006999999999999999,14743.86,19.0,11.0,3771800.0,2219000.0,280133.0,13.46,7.92,2026-02-01,2026-02-28,monthly,28,False,178.43,198515.79,10004.75,0.679,fray,fd5be9079b82f98a7ebd83dc0526f646,INKANO_Monthly_Ads_-_SHOPEE.csv
InKano Elka - Atasan sleeveless wanita dengan bahan satin rayon premium dan details ikat di belakang.,Dijeda,Iklan Produk,45255362046,GMV Max ROAS,Semua Penempatan,28/01/2026 00:00:00,37673.0,1119.0,0.0297,15.0,4.0,0.0134,0.0036,25857.52,15.0,4.0,4265000.0,876000.0,387863.0,11.0,2.26,2026-02-01,2026-02-28,monthly,28,False,346.62,284333.33,13852.25,0.536,elka,0de8f1351b5a0e8e1751a5ff1f63de9b,INKANO_Monthly_Ads_-_SHOPEE.csv
InKano Skylet - Sleeveless dress wanita minimalist maxi dress wanita dengan details crinkle texture dan straight cut,Dijeda,Iklan Produk,27176054532,GMV Max ROAS,Semua Penempatan,15/02/2025 00:00:00,37610.0,1805.0,0.048,26.0,11.0,0.0144,0.0060999999999999995,17278.46,28.0,11.0,5503100.0,2499000.0,449240.0,12.25,5.56,2026-02-01,2026-02-28,monthly,28,False,248.89,196539.29,16044.29,1.0,skylet,29fb98e2cbb86c9afc141d29eb1664ee,INKANO_Monthly_Ads_-_SHOPEE.csv
"InKano Roue Tanktop & Roue Line - Tanktop rajut wanita knit crop top wanita basic warna putih, mauve, grey, hitam [6]",Dijeda,Iklan Produk,25256768865,GMV Max ROAS,Semua Penempatan,03/06/2025 00:00:00,35878.0,1338.0,0.0373,21.0,11.0,0.015700000000000002,0.008199999999999999,22182.22,29.0,18.0,5108500.0,3162000.0,465827.0,10.97,6.79,2026-02-01,2026-02-28,monthly,28,False,348.15,176155.17,16636.68,1.036,roue,b2211ccd7f705f9629a91b9c5074d1f7,INKANO_Monthly_Ads_-_SHOPEE.csv
InKano Rivera - Rok wanita dengan details kombinasi plisket,Dijeda,Iklan Produk,48753351177,GMV Max ROAS,Semua Penempatan,29/12/2025 00:00:00,33828.0,1524.0,0.0451,20.0,17.0,0.0131,0.011200000000000002,27150.36,20.0,17.0,5990100.0,5053100.0,543007.0,11.03,9.31,2026-02-01,2026-02-28,monthly,28,False,356.3,299505.0,19393.11,0.714,rivera,735e1e92203f3e1a28545c5eb7dcd3b3,INKANO_Monthly_Ads_-_SHOPEE.csv
InKano Echo - Celana pendek parasut wanita full pinggang karet,Dijeda,Iklan Produk,27703225497,GMV Max ROAS,Semua Penempatan,24/06/2024 00:00:00,28473.0,1013.0,0.0356,14.0,12.0,0.0138,0.0118,16894.26,14.0,12.0,2466000.0,2028000.0,236520.0,10.43,8.57,2026-02-01,2026-02-28,monthly,28,False,233.48,176142.86,8447.14,0.5,echo,a7bb715402c3f894b613392c69c1fbea,INKANO_Monthly_Ads_-_SHOPEE.csv
InKano Mallow - Knit top rajut jaket wanita dengan twi way zipper.,Dijeda,Iklan Produk,27226014984,GMV Max ROAS,Semua Penempatan,15/02/2025 00:00:00,28266.0,1051.0,0.037200000000000004,2.0,2.0,0.0019,0.0019,99456.14,2.0,2.0,858000.0,858000.0,198912.0,4.31,4.31,2026-02-01,2026-02-28,monthly,28,False,189.26,429000.0,7104.0,0.071,mallow,147a14852ac6bab351cb766fe0269803,INKANO_Monthly_Ads_-_SHOPEE.csv
InKano Nako - Rok wanita motif floral A line midi skirt with floral texture,Dijeda,Iklan Produk,45106306428,GMV Max ROAS,Semua Penempatan,20/02/2026 00:00:00,27505.0,705.0,0.0256,4.0,0.0,0.005699999999999999,0.0,35475.56,5.0,0.0,667100.0,0.0,141902.0,4.7,0.0,2026-02-01,2026-02-28,monthly,28,False,201.28,133420.0,5067.93,0.179,nako,f0be5d5903669dd4e538d0da7fa72865,INKANO_Monthly_Ads_-_SHOPEE.csv
"InKano Meadow - Cardigan rajut wanita bahan full katun, knit cardigan wanita [2]",Dijeda,Iklan Produk,41051655502,GMV Max ROAS,Semua Penempatan,05/11/2025 00:00:00,26811.0,863.0,0.0322,10.0,5.0,0.0116,0.0058,25549.99,10.0,5.0,3280000.0,1945000.0,255500.0,12.84,7.61,2026-02-01,2026-02-28,monthly,28,False,296.06,328000.0,9125.0,0.357,meadow,5c8476181ea52a20a559f17e38b2533f,INKANO_Monthly_Ads_-_SHOPEE.csv
"InKano Bree - Sleeveless midi dress rayon warna putih, coklat beige, hijau olive, hijau sage, hitam [4]",Dijeda,Iklan Produk,6316156674,GMV Max ROAS,Semua Penempatan,22/09/2025 00:00:00,21823.0,938.0,0.043,8.0,5.0,0.0085,0.0053,33504.54,8.0,5.0,2322000.0,1395000.0,268036.0,8.66,5.2,2026-02-01,2026-02-28,monthly,28,False,285.75,290250.0,9572.71,0.286,bree,3e82ace3c3dc1165d83a832c3dfafa18,INKANO_Monthly_Ads_-_SHOPEE.csv
"InKano Waves - Midi dress bahan katun warna Putih (berfuring), Beige, Biru tua, Coklat tua, Hitam [5]",Dijeda,Iklan Produk,3537453641,GMV Max ROAS,Semua Penempatan,19/03/2025 00:00:00,9970.0,415.0,0.0416,3.0,3.0,0.0072,0.0072,19518.14,3.0,3.0,597000.0,597000.0,58554.0,10.2,10.2,2026-02-01,2026-02-28,monthly,28,False,141.09,199000.0,2091.21,0.107,waves,c82d1309c3abe9936ead06a044de42b4,INKANO_Monthly_Ads_-_SHOPEE.csv
In Kano Arden - Knit cardigan top wanita dengan bahan nylon,Dijeda,Iklan Produk,40367838067,GMV Max ROAS,Semua Penempatan,09/09/2025 00:00:00,7175.0,278.0,0.0387,1.0,0.0,0.0036,0.0,69268.17,1.0,0.0,259000.0,0.0,69268.0,3.74,0.0,2026-02-01,2026-02-28,monthly,28,False,249.17,259000.0,2473.86,0.036,kano,fbdf3244bfb38930ba8e643802395fee,INKANO_Monthly_Ads_-_SHOPEE.csv
InKano Iris - Atasan knit Wanita bahan viscose blend dengan details neckline,Dijeda,Iklan Produk,57500013209,GMV Max ROAS,Semua Penempatan,05/11/2025 00:00:00,4699.0,170.0,0.0362,2.0,1.0,0.0118,0.0059,36953.49,2.0,1.0,618000.0,319000.0,73907.0,8.36,4.32,2026-02-01,2026-02-28,monthly,28,False,434.75,309000.0,2639.54,0.071,iris,25fe142e3f0d7c0187d5eca2952151bb,INKANO_Monthly_Ads_-_SHOPEE.csv
InKano Alcea - Atasan vest dengan texture bordir dan details ribbon lace dan lightweight fabric,Dijeda,Iklan Produk,54456495723,GMV Max ROAS,Semua Penempatan,27/02/2026 00:00:00,2401.0,103.0,0.0429,2.0,2.0,0.0194,0.0194,18316.0,2.0,2.0,578000.0,578000.0,36632.0,15.78,15.78,2026-02-01,2026-02-28,monthly,28,False,355.65,289000.0,1308.29,0.071,alcea,065dcc182ef665c28741968398d23907,INKANO_Monthly_Ads_-_SHOPEE.csv
InKano Malva - Atasan wanita 100% katun lengan panjang dengan details kancing,Dijeda,Iklan Produk,53956496400,GMV Max ROAS,Semua Penempatan,27/02/2026 00:00:00,905.0,26.0,0.0287,0.0,0.0,0.0,0.0,0.0,0.0,0.0,0.0,0.0,6971.0,0.0,0.0,2026-02-01,2026-02-28,monthly,28,False,268.12,,248.96,,malva,75da4f746f602804e0cecc7aa556aaae,INKANO_Monthly_Ads_-_SHOPEE.csv
InKano Nemi - Atasan wanita lengan panjang dengan detail kancing dan curved hemming,Dijeda,Iklan Produk,41928916088,GMV Max ROAS,Semua Penempatan,27/02/2026 00:00:00,848.0,21.0,0.0248,0.0,0.0,0.0,0.0,0.0,0.0,0.0,0.0,0.0,25000.0,0.0,0.0,2026-02-01,2026-02-28,monthly,28,False,1190.48,,892.86,,nemi,5715cd7bce2047c393de87a549d0690d,INKANO_Monthly_Ads_-_SHOPEE.csv
InKano Saffron - Rok Midi A Line wanita bahan katun dengan pinggang karet dan kantong samping,Dijeda,Iklan Produk,29638461726,GMV Max ROAS,Semua Penempatan,08/07/2025 00:00:00,2.0,0.0,0.0,0.0,0.0,0.0,0.0,0.0,0.0,0.0,0.0,0.0,0.0,0.0,0.0,2026-02-01,2026-02-28,monthly,28,False,,,,,saffron,2c218844d917b7553208e4230bf2e69d,INKANO_Monthly_Ads_-_SHOPEE.csv
InKano Carra Pleated Dress - Sleeveless dress wanita midi dress plisket wanita [4],Dijeda,Iklan Produk,24325590048,GMV Max ROAS,Semua Penempatan,08/06/2024 00:00:00,1.0,0.0,0.0,0.0,0.0,0.0,0.0,0.0,0.0,0.0,0.0,0.0,0.0,0.0,0.0,2026-02-01,2026-02-28,monthly,28,False,,,,,carra,c9417c738eed89d40591278976d5fbc1,INKANO_Monthly_Ads_-_SHOPEE.csv
Shop GMV Max,Berjalan,,0,GMV Max Auto Bidding (Shop),Semua Penempatan,05/11/2025 00:00:00,4271026.0,206898.0,0.0484,2443.0,1653.0,0.0118,0.008,13834.22,2615.0,1778.0,377247100.0,261812700.0,33796991.0,11.16,7.75,2026-03-01,2026-03-31,monthly,31,True,163.35,144262.75,1090225.52,84.355,shop,9296730d099ac6ca64d5719c6c772247,INKANO_Monthly_Ads_-_SHOPEE.csv
InKano Spire Dress - Sleeveless dress korea wanita katun warna coklat dan hitam black [7],Berjalan,Iklan Produk,19970359270,GMV Max ROAS,Semua Penempatan,26/10/2024 00:00:00,581358.0,21668.0,0.0373,281.0,234.0,0.013000000000000001,0.0108,29639.36,283.0,235.0,85761700.0,75049800.0,8328661.0,10.3,9.01,2026-03-01,2026-03-31,monthly,31,False,384.38,303044.88,268666.48,9.129,spire,15888cb28385822799afd47afae1ddee,INKANO_Monthly_Ads_-_SHOPEE.csv
InKano Thames Outer - Outerwear wanita knit cardigan wanita dengan details dash dan kancing,Berjalan,Iklan Produk,29273185813,GMV Max ROAS,Semua Penempatan,11/01/2025 00:00:00,505184.0,17860.0,0.0354,200.0,172.0,0.011200000000000002,0.0096,37691.52,201.0,173.0,78782700.0,72487000.0,7538305.0,10.45,9.62,2026-03-01,2026-03-31,monthly,31,False,422.08,391953.73,243171.13,6.484,thames,72cb3569a0464a2553f64cb319248f5e,INKANO_Monthly_Ads_-_SHOPEE.csv
InKano Cassia - Outer knit wanita lengan panjang dengan scallop hemming outerwear rajut wanita,Berjalan,Iklan Produk,27062867019,GMV Max ROAS,Semua Penempatan,04/11/2024 00:00:00,503662.0,18967.0,0.0377,243.0,195.0,0.0128,0.0103,32990.87,248.0,199.0,80520400.0,68981000.0,8016782.0,10.04,8.6,2026-03-01,2026-03-31,monthly,31,False,422.67,324679.03,258605.87,8.0,cassia,402b6d8545de3744eb1a1149900efce8,INKANO_Monthly_Ads_-_SHOPEE.csv
InKano Spire Dress Maxi - Sleeveless dress korea wanita katun warna coklat dan hitam black,Berjalan,Iklan Produk,27923231189,GMV Max ROAS,Semua Penempatan,11/01/2025 00:00:00,492259.0,18747.0,0.0381,240.0,200.0,0.0128,0.010700000000000001,30949.82,247.0,207.0,76281200.0,66540600.0,7427958.0,10.27,8.96,2026-03-01,2026-03-31,monthly,31,False,396.22,308830.77,239611.55,7.968,spire,596e4137bd2c4a8351f935b80a82a4d5,INKANO_Monthly_Ads_-_SHOPEE.csv
InKano Thames Outer - Outerwear wanita knit cardigan wanita dengan details dash dan kancing [4],Berjalan,Iklan Produk,22787969197,GMV Max ROAS,Semua Penempatan,17/06/2024 00:00:00,441065.0,17210.0,0.039,197.0,170.0,0.011399999999999999,0.009899999999999999,41324.52,206.0,178.0,80915800.0,74414400.0,8140931.0,9.94,9.14,2026-03-01,2026-03-31,monthly,31,False,473.03,392795.15,262610.68,6.645,thames,f9db7b1bab3df893c6ab5abcbd59db1d,INKANO_Monthly_Ads_-_SHOPEE.csv
InKano Neva Tee - Kaos wanita 100% cotton crewneck tee dengan contrastic fabric,Berjalan,Iklan Produk,42817883477,GMV Max ROAS,Semua Penempatan,10/09/2025 00:00:00,412933.0,17460.0,0.042300000000000004,289.0,258.0,0.0166,0.0148,13870.53,335.0,302.0,39433400.0,34220600.0,4008582.0,9.84,8.54,2026-03-01,2026-03-31,monthly,31,False,229.59,117711.64,129309.1,10.806,neva,c338badb01ce70fa69541fabb3171fd5,INKANO_Monthly_Ads_-_SHOPEE.csv
InKano Cassia - Outer knit wanita lengan panjang dengan scallop hemming outerwear rajut wanita,Berjalan,Iklan Produk,40556691928,GMV Max ROAS,Semua Penempatan,30/06/2025 00:00:00,390767.0,15307.0,0.0392,215.0,170.0,0.013999999999999999,0.0111,29693.61,220.0,172.0,70474200.0,59808000.0,6384126.0,11.04,9.37,2026-03-01,2026-03-31,monthly,31,False,417.07,320337.27,205939.55,7.097,cassia,e855c2e102e489ebac065288ef41051f,INKANO_Monthly_Ads_-_SHOPEE.csv
InKano Spire Dress - Sleeveless dress korea wanita katun warna coklat dan hitam black,Berjalan,Iklan Produk,29640723036,GMV Max ROAS,Semua Penempatan,30/08/2025 00:00:00,373803.0,12586.0,0.0337,197.0,166.0,0.015700000000000002,0.0132,32801.78,205.0,174.0,64171400.0,57816000.0,6461951.0,9.93,8.95,2026-03-01,2026-03-31,monthly,31,False,513.42,313031.22,208450.03,6.613,spire,84f6f2b7971d911fa8d41430be1125fa,INKANO_Monthly_Ads_-_SHOPEE.csv
InKano Cirrus - Dress wanita sleeveless midi dress wanita dengan details rok balloon,Berjalan,Iklan Produk,25390328930,GMV Max ROAS,Semua Penempatan,11/01/2025 00:00:00,354899.0,15060.0,0.0424,141.0,125.0,0.009399999999999999,0.0083,30227.99,144.0,126.0,41617100.0,37144300.0,4262146.0,9.76,8.71,2026-03-01,2026-03-31,monthly,31,False,283.01,289007.64,137488.58,4.645,cirrus,e3702886e0db81c19f6b793d70fed2c8,INKANO_Monthly_Ads_-_SHOPEE.csv
InKano Hinari - Outerwear wanita lightweight dan sheer dengan details bordir dan scallop edge,Berjalan,Iklan Produk,44956512669,GMV Max ROAS,Semua Penempatan,27/02/2026 00:00:00,350981.0,14365.0,0.0409,131.0,94.0,0.0091,0.006500000000000001,19216.03,135.0,97.0,29054700.0,21755000.0,2517300.0,11.54,8.64,2026-03-01,2026-03-31,monthly,31,False,175.24,215220.0,81203.23,4.355,hinari,e51acee557e77c9775784549ba10770a,INKANO_Monthly_Ads_-_SHOPEE.csv
InKano Stripes Union - Oversized stripes cotton knit top with long sleeve bahan katun korean style [5],Berjalan,Iklan Produk,18680549695,GMV Max ROAS,Semua Penempatan,08/06/2024 00:00:00,320424.0,11028.0,0.0344,161.0,136.0,0.0146,0.0123,30191.43,168.0,143.0,47725300.0,42757000.0,4860820.0,9.82,8.8,2026-03-01,2026-03-31,monthly,31,False,440.77,284079.17,156800.65,5.419,stripes,60efb11bf86bffc578037a980eb569ae,INKANO_Monthly_Ads_-_SHOPEE.csv
InKano Haze - Atasan rajut basic wanita dengan bahan full katun inner basic wanita lengan panjang,Berjalan,Iklan Produk,26214700605,GMV Max ROAS,Semua Penempatan,22/10/2024 00:00:00,308950.0,12854.0,0.0416,186.0,146.0,0.014499999999999999,0.011399999999999999,23566.47,200.0,157.0,46003600.0,37753000.0,4383364.0,10.5,8.61,2026-03-01,2026-03-31,monthly,31,False,341.01,230018.0,141398.84,6.452,haze,1236ab3685d9da85773dc1236c3cb3ac,INKANO_Monthly_Ads_-_SHOPEE.csv
InKano Plume Sol - Sleeveless dress wanita dengan details texture fabric and tier silouette,Berjalan,Iklan Produk,28074783892,GMV Max ROAS,Semua Penempatan,30/01/2025 00:00:00,304314.0,15980.0,0.0525,194.0,146.0,0.0121,0.0091,22006.8,198.0,146.0,45809700.0,35587800.0,4269319.0,10.73,8.34,2026-03-01,2026-03-31,monthly,31,False,267.17,231362.12,137719.97,6.387,plume,d9d5cdf882fbd53ca613687fe34226f2,INKANO_Monthly_Ads_-_SHOPEE.csv
"InKano Gianna - Dress rayon dengan details ikat warna hitam, coklat muda, hijau olive dan soft pink [5]",Berjalan,Iklan Produk,4520695814,GMV Max ROAS,Semua Penempatan,08/06/2024 00:00:00,300275.0,11148.0,0.0371,166.0,142.0,0.0149,0.0127,19849.77,168.0,144.0,35500200.0,32289000.0,3295061.0,10.77,9.8,2026-03-01,2026-03-31,monthly,31,False,295.57,211310.71,106292.29,5.419,gianna,a9fd9517308aefc07a9428aacfcb8121,INKANO_Monthly_Ads_-_SHOPEE.csv
"InKano Waves - Midi dress bahan katun warna Putih (berfuring), Beige, Biru tua, Coklat tua, Hitam [7]",Berjalan,Iklan Produk,6137355964,GMV Max ROAS,Semua Penempatan,08/06/2024 00:00:00,277263.0,11101.0,0.04,142.0,124.0,0.0128,0.011200000000000002,20881.89,148.0,129.0,29540800.0,25976300.0,2965228.0,9.96,8.76,2026-03-01,2026-03-31,monthly,31,False,267.11,199600.0,95652.52,4.774,waves,83c6e3778bba54f992ecad78ba3492a9,INKANO_Monthly_Ads_-_SHOPEE.csv
InKano Elmore - Basic cardigan wanita rajut full kancing dengan bahan viscose yang lembut dan halus,Berjalan,Iklan Produk,24046286517,GMV Max ROAS,Semua Penempatan,08/08/2025 00:00:00,255143.0,11978.0,0.046900000000000004,118.0,88.0,0.009899999999999999,0.0073,32661.5,129.0,98.0,36559600.0,29002000.0,3854057.0,9.49,7.53,2026-03-01,2026-03-31,monthly,31,False,321.76,283407.75,124324.42,4.161,elmore,abde2d9490b98fcd61556b9907779bc5,INKANO_Monthly_Ads_-_SHOPEE.csv
InKano Tharra - Atasan sleeveless wanita katun dengan details bordir bunga,Berjalan,Iklan Produk,42817778717,GMV Max ROAS,Semua Penempatan,09/09/2025 00:00:00,254024.0,10047.0,0.039599999999999996,158.0,124.0,0.015700000000000002,0.0123,18787.93,164.0,125.0,32185300.0,25335000.0,2968492.0,10.84,8.53,2026-03-01,2026-03-31,monthly,31,False,295.46,196251.83,95757.81,5.29,tharra,a75ed969e33bd6602075ba1616a946bd,INKANO_Monthly_Ads_-_SHOPEE.csv
InKano Cascade - Everyday sleeveless top wanita atasan wanita sleevelss bahan parasut,Berjalan,Iklan Produk,29802573288,GMV Max ROAS,Semua Penempatan,13/06/2024 00:00:00,240300.0,10267.0,0.042699999999999995,168.0,126.0,0.016399999999999998,0.0123,14995.6,174.0,130.0,25252600.0,19310400.0,2519261.0,10.02,7.67,2026-03-01,2026-03-31,monthly,31,False,245.37,145129.89,81266.48,5.613,cascade,e071d02a2a97707023d1cb7230b49874,INKANO_Monthly_Ads_-_SHOPEE.csv
InKano Fable - Kemeja katun wanita shirtdress dengan kancing full depan warna hitam dan abu [4],Berjalan,Iklan Produk,9449724340,GMV Max ROAS,Semua Penempatan,09/06/2024 00:00:00,239095.0,10346.0,0.0433,139.0,110.0,0.0134,0.0106,26061.51,145.0,114.0,37396800.0,30666000.0,3622550.0,10.32,8.47,2026-03-01,2026-03-31,monthly,31,False,350.14,257908.97,116856.45,4.677,fable,4e57fe0947d32cfd69e894043e5dc380,INKANO_Monthly_Ads_-_SHOPEE.csv
"InKano Seville - Sleeveless midi dress wanita bahan katun warna beige coklat muda, navy blue, pearl ivory, peanut coklat tua [6]",Berjalan,Iklan Produk,5418636273,GMV Max ROAS,Semua Penempatan,08/06/2024 00:00:00,231070.0,8587.0,0.037200000000000004,138.0,91.0,0.0161,0.0106,22036.68,149.0,97.0,29530300.0,21549400.0,3041062.0,9.71,7.09,2026-03-01,2026-03-31,monthly,31,False,354.15,198189.93,98098.77,4.806,seville,6cea788e0c489441d3d1021f14542522,INKANO_Monthly_Ads_-_SHOPEE.csv
InKano Lyn - Atasan wanita tanpa lengan sleveless top wanita dengan bahan ironless dan flowy dan details drape di pundak,Berjalan,Iklan Produk,28753233081,GMV Max ROAS,Semua Penempatan,24/06/2024 00:00:00,224411.0,8231.0,0.036699999999999997,117.0,102.0,0.014199999999999999,0.0124,16283.38,117.0,102.0,19472200.0,17187300.0,1905155.0,10.22,9.02,2026-03-01,2026-03-31,monthly,31,False,231.46,166429.06,61456.61,3.774,lyn,23eea567246b106650090e3343c001e4,INKANO_Monthly_Ads_-_SHOPEE.csv
InKano Briette - Crop top wanita crop top outerwear wanita dengan details tali ikat [4],Berjalan,Iklan Produk,25575584031,GMV Max ROAS,Semua Penempatan,08/06/2024 00:00:00,223162.0,10360.0,0.0464,138.0,106.0,0.013300000000000001,0.0102,18900.33,139.0,107.0,25150600.0,19423000.0,2608246.0,9.64,7.45,2026-03-01,2026-03-31,monthly,31,False,251.76,180939.57,84136.97,4.484,briette,651886f54e115910a03e329679349bee,INKANO_Monthly_Ads_-_SHOPEE.csv
InKano Tava - Kaos 100% cotton long sleeve and high neck,Berjalan,Iklan Produk,53952628803,GMV Max ROAS,Semua Penempatan,29/12/2025 00:00:00,220407.0,6880.0,0.031200000000000002,184.0,135.0,0.026699999999999998,0.0196,16910.7,203.0,152.0,32095000.0,25654200.0,3111569.0,10.31,8.24,2026-03-01,2026-03-31,monthly,31,False,452.26,158103.45,100373.19,6.548,tava,64514ea916a2348d89eb9617f45ddb81,INKANO_Monthly_Ads_-_SHOPEE.csv
InKano Cirrus - Dress wanita sleeveless midi dress wanita dengan details rok balloon,Berjalan,Iklan Produk,26391942529,GMV Max ROAS,Semua Penempatan,22/09/2025 00:00:00,219172.0,11794.0,0.0538,84.0,58.0,0.0070999999999999995,0.0049,26875.9,92.0,62.0,24901800.0,18298000.0,2257576.0,11.03,8.11,2026-03-01,2026-03-31,monthly,31,False,191.42,270671.74,72825.03,2.968,cirrus,aad27ea3f0bccfd63640848b91706fd9,INKANO_Monthly_Ads_-_SHOPEE.csv
"InKano Bree - Sleeveless midi dress rayon warna putih, coklat beige, hijau olive, hijau sage, hitam [4]",Berjalan,Iklan Produk,8012587266,GMV Max ROAS,Semua Penempatan,26/10/2024 00:00:00,214958.0,7935.0,0.0369,116.0,90.0,0.0146,0.0113,26373.13,123.0,95.0,31690800.0,25600600.0,3059283.0,10.36,8.37,2026-03-01,2026-03-31,monthly,31,False,385.54,257648.78,98686.55,3.968,bree,1ba88abdcc76d577702f830987b55582,INKANO_Monthly_Ads_-_SHOPEE.csv
InKano Ann Cardie - Cadigan wanita katun outer rajut korean style [9],Berjalan,Iklan Produk,21486955097,GMV Max ROAS,Semua Penempatan,10/07/2024 00:00:00,211178.0,9778.0,0.0463,120.0,99.0,0.0123,0.0101,27070.06,124.0,102.0,34294600.0,30498000.0,3248407.0,10.56,9.39,2026-03-01,2026-03-31,monthly,31,False,332.22,276569.35,104787.32,4.0,ann,648ad9fdc1656bb3a1b8534aaf86c40e,INKANO_Monthly_Ads_-_SHOPEE.csv
InKano Marri Longsleeves - Cropped top knitted top with embossed pattern in long sleeves. [6],Berjalan,Iklan Produk,24369177837,GMV Max ROAS,Semua Penempatan,17/06/2024 00:00:00,209169.0,10781.0,0.051500000000000004,91.0,62.0,0.0084,0.0058,28735.91,94.0,63.0,24869100.0,20087000.0,2614967.0,9.51,7.68,2026-03-01,2026-03-31,monthly,31,False,242.55,264564.89,84353.77,3.032,marri,7fa5ae1f4b6c9de9ad7980815866ab3c,INKANO_Monthly_Ads_-_SHOPEE.csv
InKano Basic Tee - Kaos wanita full katun atasan wanita basic lengan pendek,Berjalan,Iklan Produk,26514706880,GMV Max ROAS,Semua Penempatan,22/10/2024 00:00:00,206513.0,5929.0,0.0287,170.0,145.0,0.0287,0.0245,11897.38,206.0,180.0,20798300.0,17721000.0,2022554.0,10.28,8.76,2026-03-01,2026-03-31,monthly,31,False,341.13,100962.62,65243.68,6.645,kaos,ace3521ed828c97bff5918e89493566c,INKANO_Monthly_Ads_-_SHOPEE.csv
InKano Rene Cardigan - Everyday cardigan wanita outerwear wanita knit cardigan cotton viscose [4],Berjalan,Iklan Produk,24571129042,GMV Max ROAS,Semua Penempatan,11/06/2024 00:00:00,190509.0,7886.0,0.0414,91.0,72.0,0.0115,0.0091,33108.77,93.0,74.0,31756400.0,27306000.0,3012898.0,10.54,9.06,2026-03-01,2026-03-31,monthly,31,False,382.06,341466.67,97190.26,3.0,rene,971ef96878d5a24d9805c7e008a3ed9d,INKANO_Monthly_Ads_-_SHOPEE.csv
InKano Rilys - Rok wanita rayon premium dengan details tier dan pinggang elastic,Berjalan,Iklan Produk,28738367414,GMV Max ROAS,Semua Penempatan,07/07/2025 00:00:00,188354.0,9274.0,0.0492,99.0,87.0,0.010700000000000001,0.009399999999999999,22047.61,104.0,91.0,23014200.0,20410700.0,2182713.0,10.54,9.35,2026-03-01,2026-03-31,monthly,31,False,235.36,221290.38,70410.1,3.355,rilys,14cd583fe29d4b3501523f3bc9ea05b0,INKANO_Monthly_Ads_-_SHOPEE.csv
InKano Solstice Dress - Dress maxi wanita dengan tali spaghetti strap,Berjalan,Iklan Produk,43350410595,GMV Max ROAS,Semua Penempatan,15/05/2025 00:00:00,187337.0,8786.0,0.046900000000000004,128.0,109.0,0.0146,0.0124,19637.81,138.0,118.0,25998100.0,22653000.0,2513640.0,10.34,9.01,2026-03-01,2026-03-31,monthly,31,False,286.1,188392.03,81085.16,4.452,solstice,7fdb47c95171a50b8d4ab052515b99bd,INKANO_Monthly_Ads_-_SHOPEE.csv
InKano Basic Tee - Kaos wanita full katun atasan wanita basic lengan pendek,Berjalan,Iklan Produk,26124817232,GMV Max ROAS,Semua Penempatan,12/04/2025 00:00:00,183518.0,5320.0,0.028999999999999998,105.0,94.0,0.0197,0.0177,11393.46,114.0,103.0,12103600.0,10217100.0,1196313.0,10.12,8.54,2026-03-01,2026-03-31,monthly,31,False,224.87,106171.93,38590.74,3.677,kaos,1a71fe7f8894bd3b4cef9857d3604dcf,INKANO_Monthly_Ads_-_SHOPEE.csv
InKano Amary - Sleeveless dress wanita dengan details rok plisket,Berjalan,Iklan Produk,29075945430,GMV Max ROAS,Semua Penempatan,15/02/2025 00:00:00,179662.0,8986.0,0.05,89.0,54.0,0.009899999999999999,0.006,33407.88,92.0,56.0,28609200.0,22044100.0,2973301.0,9.62,7.41,2026-03-01,2026-03-31,monthly,31,False,330.88,310969.57,95912.94,2.968,amary,7c27110ec84859ecc3cf073759826f7b,INKANO_Monthly_Ads_-_SHOPEE.csv
InKano Hawthorn - Atasan rajut knitwear wanita dengan details zipper dan tekstur,Berjalan,Iklan Produk,43807397639,GMV Max ROAS,Semua Penempatan,07/07/2025 00:00:00,176728.0,9047.0,0.0512,78.0,65.0,0.0086,0.0072,34768.29,78.0,65.0,28648400.0,25935000.0,2711927.0,10.56,9.56,2026-03-01,2026-03-31,monthly,31,False,299.76,367287.18,87481.52,2.516,hawthorn,71c904dcbcc8c456601f663e823ac5b9,INKANO_Monthly_Ads_-_SHOPEE.csv
InKano Haze - Atasan rajut basic wanita dengan bahan full katun inner basic wanita lengan panjang,Berjalan,Iklan Produk,42370553268,GMV Max ROAS,Semua Penempatan,22/09/2025 00:00:00,174745.0,6137.0,0.0351,100.0,87.0,0.0163,0.014199999999999999,26133.49,116.0,99.0,27630900.0,23901000.0,2613349.0,10.57,9.15,2026-03-01,2026-03-31,monthly,31,False,425.83,238197.41,84301.58,3.742,haze,4e4630af094b94cc471b104d71b23cb4,INKANO_Monthly_Ads_-_SHOPEE.csv
InKano Spire Dress - Sleeveless dress korea wanita katun warna coklat dan hitam black,Berjalan,Iklan Produk,49450872502,GMV Max ROAS,Semua Penempatan,05/11/2025 00:00:00,170982.0,6547.0,0.0383,89.0,71.0,0.013600000000000001,0.0108,30679.26,90.0,72.0,26896700.0,23428000.0,2730454.0,9.85,8.58,2026-03-01,2026-03-31,monthly,31,False,417.05,298852.22,88079.16,2.903,spire,e2ba83d8337dcf74b7da3bb8ae44c2ba,INKANO_Monthly_Ads_-_SHOPEE.csv
"InKano Organic Tee - Organic cotton tee, 100% cotton tee from organic farm certified.",Berjalan,Iklan Produk,27343670002,GMV Max ROAS,Semua Penempatan,26/11/2025 00:00:00,159331.0,5658.0,0.0355,156.0,119.0,0.0276,0.021,18633.0,183.0,137.0,30389300.0,24111300.0,2906747.0,10.45,8.29,2026-03-01,2026-03-31,monthly,31,False,513.74,166061.75,93766.03,5.903,organic,8e2d28dcd15240926e1a83934bcdb084,INKANO_Monthly_Ads_-_SHOPEE.csv
"InKano Sparrow - Sleeveless maxi dress dengan texture plisket berfuring warna putih gading, abu muda, pink, coklat [4]",Berjalan,Iklan Produk,8150225187,GMV Max ROAS,Semua Penempatan,10/07/2024 00:00:00,156575.0,7028.0,0.0449,115.0,95.0,0.016399999999999998,0.013500000000000002,21564.48,118.0,96.0,26379400.0,22011600.0,2479915.0,10.64,8.88,2026-03-01,2026-03-31,monthly,31,False,352.86,223554.24,79997.26,3.806,sparrow,503970992f9fae1cace87f4d19547cc7,INKANO_Monthly_Ads_-_SHOPEE.csv
InKano Rumi - Atasan sleeveless gingham dengan texture smock dan contrasting thread,Berjalan,Iklan Produk,42028904977,GMV Max ROAS,Semua Penempatan,02/03/2026 00:00:00,154805.0,5531.0,0.035699999999999996,81.0,58.0,0.0146,0.0105,20480.19,82.0,58.0,22196700.0,16952000.0,1658895.0,13.38,10.22,2026-03-01,2026-03-31,monthly,31,False,299.93,270691.46,53512.74,2.645,rumi,b166d7c2e93482f73df3330ef1c08624,INKANO_Monthly_Ads_-_SHOPEE.csv
InKano Eiro - Rok wanita dengan pinggang karet dan details plisket crinkled fabric,Berjalan,Iklan Produk,29389584649,GMV Max ROAS,Semua Penempatan,08/08/2025 00:00:00,152942.0,8026.0,0.0525,92.0,62.0,0.0115,0.0077,26973.17,95.0,62.0,24490900.0,18318000.0,2481532.0,9.87,7.38,2026-03-01,2026-03-31,monthly,31,False,309.19,257798.95,80049.42,3.065,eiro,bbc27c71959173b26a5c4319ed2f9760,INKANO_Monthly_Ads_-_SHOPEE.csv
InKano Harin - Atasan wanita katbol bahan 100% katun dengan floral embroidery,Berjalan,Iklan Produk,49456302667,GMV Max ROAS,Semua Penempatan,20/02/2026 00:00:00,152135.0,4977.0,0.0327,64.0,47.0,0.0129,0.009399999999999999,20250.99,70.0,50.0,13208700.0,11086200.0,1296063.0,10.19,8.55,2026-03-01,2026-03-31,monthly,31,False,260.41,188695.71,41808.48,2.258,harin,591ed0cca9d68422369ef31bae36c3f6,INKANO_Monthly_Ads_-_SHOPEE.csv
"InKano Meadow - Cardigan rajut wanita bahan full katun, knit cardigan wanita",Berjalan,Iklan Produk,26670732939,GMV Max ROAS,Semua Penempatan,16/12/2024 00:00:00,150086.0,6175.0,0.041100000000000005,52.0,38.0,0.0084,0.0062,33999.63,53.0,39.0,18410200.0,14976500.0,1767981.0,10.41,8.47,2026-03-01,2026-03-31,monthly,31,False,286.31,347362.26,57031.65,1.71,meadow,921cd553261d53737849f181120139af,INKANO_Monthly_Ads_-_SHOPEE.csv
InKano Thyme Clove - Atasan rajut wanita dengan floral details untuk layering,Berjalan,Iklan Produk,25339467342,GMV Max ROAS,Semua Penempatan,16/12/2024 00:00:00,143760.0,5800.0,0.0403,47.0,32.0,0.008100000000000001,0.0055000000000000005,31053.18,48.0,32.0,14256600.0,11488000.0,1459499.0,9.77,7.87,2026-03-01,2026-03-31,monthly,31,False,251.64,297012.5,47080.61,1.548,thyme,f7f83d303239215f545d5bad574a8290,INKANO_Monthly_Ads_-_SHOPEE.csv
InKano Barrel Pants - Celana panjang wanita dengan cutting barrel dan bahan katun,Berjalan,Iklan Produk,27738375792,GMV Max ROAS,Semua Penempatan,07/07/2025 00:00:00,140076.0,8083.0,0.057699999999999994,83.0,54.0,0.0103,0.0067,22265.7,86.0,54.0,19373200.0,14479100.0,1848053.0,10.48,7.83,2026-03-01,2026-03-31,monthly,31,False,228.63,225269.77,59614.61,2.774,barrel,e81d9a401eaaeb9b5b1c5f2d7d8d8862,INKANO_Monthly_Ads_-_SHOPEE.csv
"InKano Crest - Pleated dress wanita sleeveless, dress wanita plisket tanpa lengan",Berjalan,Iklan Produk,24238660941,GMV Max ROAS,Semua Penempatan,25/11/2024 00:00:00,139672.0,5161.0,0.037000000000000005,96.0,55.0,0.018600000000000002,0.010700000000000001,20956.81,99.0,56.0,26958500.0,18509400.0,2011854.0,13.4,9.2,2026-03-01,2026-03-31,monthly,31,False,389.82,272308.08,64898.52,3.194,crest,d6c77097eefa491c44e0c29f83e3466b,INKANO_Monthly_Ads_-_SHOPEE.csv
Inkano Linden - Celana wanita relaxed celana bahan wanita untuk kantor dan casual,Berjalan,Iklan Produk,29112632697,GMV Max ROAS,Semua Penempatan,02/10/2024 00:00:00,138166.0,7922.0,0.057300000000000004,120.0,90.0,0.0151,0.011399999999999999,19019.77,122.0,92.0,22867200.0,18015400.0,2282373.0,10.02,7.89,2026-03-01,2026-03-31,monthly,31,False,288.11,187436.07,73624.94,3.935,linden,b7175f6ef328d22dc5c1dfd8c5a4eca7,INKANO_Monthly_Ads_-_SHOPEE.csv
"InKano Basic Shirt - Kemeja basic rayon full kancing warna putih, hitam dan biru navy [4]",Berjalan,Iklan Produk,4654707139,GMV Max ROAS,Semua Penempatan,11/06/2024 00:00:00,136019.0,4564.0,0.0336,90.0,69.0,0.0197,0.0151,18952.76,108.0,87.0,18149700.0,14669200.0,1705749.0,10.64,8.6,2026-03-01,2026-03-31,monthly,31,False,373.74,168052.78,55024.16,3.484,shirt,5cd17fd69b66a7a46225584c7ad6ba89,INKANO_Monthly_Ads_-_SHOPEE.csv
InKano Arbor - Outer wanita blazer wanita bahan soft suede,Berjalan,Iklan Produk,26439584864,GMV Max ROAS,Semua Penempatan,08/08/2025 00:00:00,134205.0,7380.0,0.055,77.0,42.0,0.0104,0.005699999999999999,21832.45,81.0,42.0,18652400.0,12418000.0,1681099.0,11.1,7.39,2026-03-01,2026-03-31,monthly,31,False,227.79,230276.54,54229.0,2.613,arbor,381f492d343b4f2bc6856ba4a5413002,INKANO_Monthly_Ads_-_SHOPEE.csv
InKano Elara - Atasan sleeveless wanita dengan details drape di leher,Berjalan,Iklan Produk,45855361281,GMV Max ROAS,Semua Penempatan,28/01/2026 00:00:00,131923.0,4221.0,0.032,64.0,37.0,0.0152,0.0088,18026.67,65.0,38.0,11092300.0,7275300.0,1153707.0,9.61,6.31,2026-03-01,2026-03-31,monthly,31,False,273.33,170650.77,37216.35,2.097,elara,a8a8f1ee55d9eb33486858394edeae73,INKANO_Monthly_Ads_-_SHOPEE.csv
InKano Flow - Kemeja sleeveless wanita dengan bahan polyester linen dan relaxed fit,Berjalan,Iklan Produk,29362642841,GMV Max ROAS,Semua Penempatan,02/10/2024 00:00:00,128983.0,4736.0,0.036699999999999997,95.0,69.0,0.020099999999999996,0.0146,16488.26,103.0,77.0,15710000.0,11382000.0,1566385.0,10.03,7.27,2026-03-01,2026-03-31,monthly,31,False,330.74,152524.27,50528.55,3.323,flow,ec6339de1a7929d5159686c0f5ec629c,INKANO_Monthly_Ads_-_SHOPEE.csv
InKano Thames Outer - Outerwear wanita knit cardigan wanita dengan details dash dan kancing,Berjalan,Iklan Produk,51250852825,GMV Max ROAS,Semua Penempatan,05/11/2025 00:00:00,127505.0,4499.0,0.0353,43.0,28.0,0.0096,0.0062,36532.37,43.0,28.0,15449700.0,11732000.0,1570892.0,9.83,7.47,2026-03-01,2026-03-31,monthly,31,False,349.16,359295.35,50673.94,1.387,thames,f9414fb40a995a7723e30a3357fb54a6,INKANO_Monthly_Ads_-_SHOPEE.csv
InKano Nash - Sleeveless atasan blouse wanita dengan neckline tinggi dan tekstur kain,Berjalan,Iklan Produk,40157398753,GMV Max ROAS,Semua Penempatan,07/07/2025 00:00:00,124324.0,4626.0,0.037200000000000004,97.0,74.0,0.021,0.016,14180.5,103.0,78.0,13261600.0,10610300.0,1375509.0,9.64,7.71,2026-03-01,2026-03-31,monthly,31,False,297.34,128753.4,44371.26,3.323,nash,6b31eb7fdd4da0686c84db9fda39f14c,INKANO_Monthly_Ads_-_SHOPEE.csv
InKano Denim Barrel Pants - Celana panjang wanita dengan cutting barrel dan bahan denim,Berjalan,Iklan Produk,49503822443,GMV Max ROAS,Semua Penempatan,29/12/2025 00:00:00,122214.0,4692.0,0.0384,68.0,61.0,0.014499999999999999,0.013000000000000001,35459.58,69.0,61.0,25404600.0,24059700.0,2411252.0,10.54,9.98,2026-03-01,2026-03-31,monthly,31,False,513.91,368182.61,77782.32,2.226,denim,e8b605a7305f543ea7f617ff26ba6814,INKANO_Monthly_Ads_-_SHOPEE.csv
"InKano Linen Dress - Sleeveless dress linen, midi dress wanita warna offwhite stripes dan navy [5]",Berjalan,Iklan Produk,23870069126,GMV Max ROAS,Semua Penempatan,21/04/2025 00:00:00,118968.0,6604.0,0.0555,53.0,28.0,0.008,0.0042,29301.86,55.0,28.0,14628400.0,9741600.0,1552999.0,9.42,6.27,2026-03-01,2026-03-31,monthly,31,False,235.16,265970.91,50096.74,1.774,linen,7132623c837559120050c6f6f97d97ce,INKANO_Monthly_Ads_-_SHOPEE.csv
InKano Vireya - Dress wanita pleats dengan bahan yang flowy dan ringan,Berjalan,Iklan Produk,56456273971,GMV Max ROAS,Semua Penempatan,08/03/2026 00:00:00,118739.0,4292.0,0.0361,28.0,18.0,0.006500000000000001,0.0042,39323.63,29.0,18.0,9771900.0,7073100.0,1101062.0,8.87,6.42,2026-03-01,2026-03-31,monthly,31,False,256.54,336962.07,35518.13,0.935,vireya,444bda78902549d0a9940ddb20bf2263,INKANO_Monthly_Ads_-_SHOPEE.csv
InKano Gale - Rok satin wanita warna bw creme dan hitam,Berjalan,Iklan Produk,28364865828,GMV Max ROAS,Semua Penempatan,24/10/2024 00:00:00,116863.0,6430.0,0.055,85.0,42.0,0.0132,0.006500000000000001,15125.54,85.0,42.0,11863800.0,6748600.0,1285671.0,9.23,5.25,2026-03-01,2026-03-31,monthly,31,False,199.95,139574.12,41473.26,2.742,gale,8f625331db7705d865f00bd0ec38f422,INKANO_Monthly_Ads_-_SHOPEE.csv
InKano Fressia - Sleeveless atasan wanita dengan details applikasi floral.,Berjalan,Iklan Produk,26778177709,GMV Max ROAS,Semua Penempatan,04/03/2025 00:00:00,116580.0,5291.0,0.0454,45.0,36.0,0.0085,0.0068000000000000005,25799.27,48.0,39.0,10697400.0,8908100.0,1160967.0,9.21,7.67,2026-03-01,2026-03-31,monthly,31,False,219.42,222862.5,37450.55,1.548,fressia,33d9fe2aaa4c8fb4aca88aeac9d1a655,INKANO_Monthly_Ads_-_SHOPEE.csv
InKano Basic Tee - Kaos wanita full katun atasan wanita basic lengan pendek,Berjalan,Iklan Produk,55250147702,GMV Max ROAS,Semua Penempatan,25/10/2025 00:00:00,103093.0,3317.0,0.0322,73.0,60.0,0.022000000000000002,0.0181,13043.41,82.0,67.0,9034200.0,6603300.0,952169.0,9.49,6.94,2026-03-01,2026-03-31,monthly,31,False,287.06,110173.17,30715.13,2.645,kaos,28d64076c96cfe27d7d500da8e97aced,INKANO_Monthly_Ads_-_SHOPEE.csv
InKano Brisa - Outerwear rajut wanita knitwear cardigan dengan details unfinished,Berjalan,Iklan Produk,43061856720,GMV Max ROAS,Semua Penempatan,08/08/2025 00:00:00,102001.0,4240.0,0.0416,28.0,20.0,0.0066,0.004699999999999999,43260.68,28.0,20.0,9543300.0,8380000.0,1211299.0,7.88,6.92,2026-03-01,2026-03-31,monthly,31,False,285.68,340832.14,39074.16,0.903,brisa,f2e2752fa1bbdfe714ddb658adf3c306,INKANO_Monthly_Ads_-_SHOPEE.csv
"InKano Acre Dress - Sleeveless dress katun maxi dress sleeveless hitam, navy, dan gingham [3]",Berjalan,Iklan Produk,26150443050,GMV Max ROAS,Semua Penempatan,08/06/2024 00:00:00,97971.0,4027.0,0.041100000000000005,39.0,23.0,0.0097,0.005699999999999999,28400.01,39.0,23.0,9918500.0,7037000.0,1107600.0,8.95,6.35,2026-03-01,2026-03-31,monthly,31,False,275.04,254320.51,35729.03,1.258,acre,d5e1c04bbc012996d07e4e4a48e56e57,INKANO_Monthly_Ads_-_SHOPEE.csv
InKano Pollen - Celana wanita kantor dengan potongan lurus dan bahan premium,Berjalan,Iklan Produk,53653314955,GMV Max ROAS,Semua Penempatan,29/12/2025 00:00:00,90404.0,3823.0,0.042300000000000004,46.0,31.0,0.012,0.008100000000000001,22459.72,49.0,31.0,10934200.0,7840300.0,1033147.0,10.58,7.59,2026-03-01,2026-03-31,monthly,31,False,270.25,223146.94,33327.32,1.581,pollen,e53340009c954e97b5ea7f2e625af09e,INKANO_Monthly_Ads_-_SHOPEE.csv
InKano Shiso - Dress wanita 100% cotton dengan details contrast stitching,Berjalan,Iklan Produk,53403769798,GMV Max ROAS,Semua Penempatan,29/12/2025 00:00:00,90231.0,3493.0,0.0387,34.0,21.0,0.0097,0.006,29501.59,35.0,21.0,9581700.0,6639000.0,1003054.0,9.55,6.62,2026-03-01,2026-03-31,monthly,31,False,287.16,273762.86,32356.58,1.129,shiso,03d28da59aebf35773a0b528256184d0,INKANO_Monthly_Ads_-_SHOPEE.csv
InKano Solin - Atasan wanita dengan details plisket crinkled fabric,Berjalan,Iklan Produk,40611870614,GMV Max ROAS,Semua Penempatan,08/08/2025 00:00:00,87952.0,4217.0,0.0479,40.0,27.0,0.0095,0.0064,22781.06,41.0,27.0,8700500.0,6103000.0,911242.0,9.55,6.7,2026-03-01,2026-03-31,monthly,31,False,216.09,212207.32,29394.9,1.323,solin,f8fe49565278426aba9b52657fb6d429,INKANO_Monthly_Ads_-_SHOPEE.csv
InKano Ripple - Rok plisket wanita flowy pinggang karet [2],Berjalan,Iklan Produk,25439467291,GMV Max ROAS,Semua Penempatan,16/12/2024 00:00:00,82005.0,3010.0,0.036699999999999997,42.0,26.0,0.013999999999999999,0.0086,25484.25,44.0,26.0,11807800.0,9462400.0,1070339.0,11.03,8.84,2026-03-01,2026-03-31,monthly,31,False,355.59,268359.09,34527.06,1.419,ripple,c13bd5edb23be393f81e9971b03d0f5b,INKANO_Monthly_Ads_-_SHOPEE.csv
InKano Castor - Atasan wanita dengan details kerut,Berjalan,Iklan Produk,56401919154,GMV Max ROAS,Semua Penempatan,26/11/2025 00:00:00,80683.0,1890.0,0.023399999999999997,47.0,33.0,0.024900000000000002,0.0175,10973.29,50.0,35.0,5041600.0,3352600.0,515745.0,9.78,6.5,2026-03-01,2026-03-31,monthly,31,False,272.88,100832.0,16636.94,1.613,castor,eb1888880e90c8714508a88dfa4defa0,INKANO_Monthly_Ads_-_SHOPEE.csv
"InKano Dill - Outerwear daily wanita bahan rayon texture crinkle warna muted pink mauve, hijau sage, coklat coffee [6]",Berjalan,Iklan Produk,16770157482,GMV Max ROAS,Semua Penempatan,09/06/2024 00:00:00,76889.0,4318.0,0.0562,44.0,24.0,0.0102,0.005600000000000001,16697.76,45.0,24.0,7181700.0,4278100.0,734701.0,9.77,5.82,2026-03-01,2026-03-31,monthly,31,False,170.15,159593.33,23700.03,1.452,dill,629fb9abc1514f589dc8901631531e24,INKANO_Monthly_Ads_-_SHOPEE.csv
InKano Willow - Sleeveless dress satin wanita dengan details floral dress semi formal wanita untuk occasion [2],Berjalan,Iklan Produk,27970724615,GMV Max ROAS,Semua Penempatan,16/12/2024 00:00:00,76740.0,3330.0,0.0434,25.0,16.0,0.0075,0.0048,30995.06,25.0,16.0,6858500.0,5378400.0,774877.0,8.85,6.94,2026-03-01,2026-03-31,monthly,31,False,232.7,274340.0,24996.03,0.806,willow,684785185bee85e3e6fb4ad04b3130f8,INKANO_Monthly_Ads_-_SHOPEE.csv
"InKano Ravine - Sleveless dress wanita ironless crinkle fabric, midi inner dress wanita",Berjalan,Iklan Produk,25532425535,GMV Max ROAS,Semua Penempatan,24/06/2024 00:00:00,65183.0,2619.0,0.04019999999999999,40.0,29.0,0.015300000000000001,0.0111,15124.4,42.0,29.0,8065900.0,5341000.0,604976.0,13.33,8.83,2026-03-01,2026-03-31,monthly,31,False,231.0,192045.24,19515.35,1.355,ravine,d86c80ea75a67749ba00ba4f2494f36c,INKANO_Monthly_Ads_-_SHOPEE.csv
InKano Fressia - Sleeveless atasan wanita dengan details applikasi floral.,Berjalan,Iklan Produk,54450142578,GMV Max ROAS,Semua Penempatan,27/10/2025 00:00:00,61726.0,2003.0,0.032400000000000005,51.0,30.0,0.0255,0.015,21699.29,52.0,30.0,11094500.0,6870000.0,1106664.0,10.03,6.21,2026-03-01,2026-03-31,monthly,31,False,552.5,213355.77,35698.84,1.677,fressia,6af9777803a41c473cbc579074c377d7,INKANO_Monthly_Ads_-_SHOPEE.csv
InKano Alpine - Celana denim wanita relaxed fit dengan elastic di bagian belakang,Berjalan,Iklan Produk,29777681282,GMV Max ROAS,Semua Penempatan,01/03/2025 00:00:00,56744.0,1618.0,0.0285,22.0,12.0,0.013600000000000001,0.0074,34968.89,23.0,12.0,7080300.0,4272100.0,769316.0,9.2,5.55,2026-03-01,2026-03-31,monthly,31,False,475.47,307839.13,24816.65,0.742,alpine,84a194dccb30683b9e6030aea5ccf678,INKANO_Monthly_Ads_-_SHOPEE.csv
InKano Palmer - Celana pendek wanita,Berjalan,Iklan Produk,43161943121,GMV Max ROAS,Semua Penempatan,08/08/2025 00:00:00,48969.0,2239.0,0.045700000000000005,33.0,16.0,0.0147,0.0070999999999999995,17603.64,34.0,17.0,5664000.0,3453000.0,580920.0,9.75,5.94,2026-03-01,2026-03-31,monthly,31,False,259.46,166588.24,18739.35,1.097,palmer,579fe171bf7e4b764d75feb375bbd59f,INKANO_Monthly_Ads_-_SHOPEE.csv
InKano Flint - Kemeja sleeveless wanita 100% cotton dengan details contrast stitching,Berjalan,Iklan Produk,51853780373,GMV Max ROAS,Semua Penempatan,29/12/2025 00:00:00,44222.0,1311.0,0.0296,24.0,19.0,0.0183,0.014499999999999999,17380.92,25.0,19.0,3691200.0,3004900.0,417142.0,8.85,7.2,2026-03-01,2026-03-31,monthly,31,False,318.19,147648.0,13456.19,0.806,flint,b826309fbeb530e594aee15b9562b3e7,INKANO_Monthly_Ads_-_SHOPEE.csv
InKano Surrey - Rok midi wanita pleated bahan katun [5],Berjalan,Iklan Produk,11800739620,GMV Max ROAS,Semua Penempatan,08/06/2024 00:00:00,30551.0,1479.0,0.0484,9.0,7.0,0.0060999999999999995,0.004699999999999999,44135.5,10.0,8.0,2588400.0,2152000.0,397219.0,6.52,5.42,2026-03-01,2026-03-31,monthly,31,False,268.57,258840.0,12813.52,0.323,surrey,619cc30888b09245be3da2f07c79bf8b,INKANO_Monthly_Ads_-_SHOPEE.csv
InKano Nemi - Atasan wanita lengan panjang dengan detail kancing dan curved hemming,Dijeda,Iklan Produk,41928916088,GMV Max ROAS,Semua Penempatan,27/02/2026 00:00:00,559962.0,24838.0,0.0444,168.0,127.0,0.0068000000000000005,0.0051,26324.33,176.0,134.0,42234800.0,34143800.0,4422488.0,9.55,7.72,2026-03-01,2026-03-31,monthly,31,False,178.05,239970.45,142660.9,5.677,nemi,ee9cbfecbb7507f43f65513c71584187,INKANO_Monthly_Ads_-_SHOPEE.csv
InKano Karu - Atasan wanita semi-sheer dengan details bordir floral dan classic knot details,Dijeda,Iklan Produk,44606509508,GMV Max ROAS,Semua Penempatan,02/03/2026 00:00:00,488844.0,36671.0,0.075,236.0,182.0,0.0064,0.005,25049.89,241.0,185.0,64830300.0,55812900.0,5911773.0,10.97,9.44,2026-03-01,2026-03-31,monthly,31,False,161.21,269005.39,190702.35,7.774,karu,0834f7a19420a5d5f6196b7a0b9c3140,INKANO_Monthly_Ads_-_SHOPEE.csv
InKano Malva - Atasan wanita 100% katun lengan panjang dengan details kancing,Dijeda,Iklan Produk,53956496400,GMV Max ROAS,Semua Penempatan,27/02/2026 00:00:00,442663.0,17073.0,0.038599999999999995,171.0,154.0,0.01,0.009000000000000001,28278.45,182.0,163.0,46460800.0,43062500.0,4835616.0,9.61,8.91,2026-03-01,2026-03-31,monthly,31,False,283.23,255279.12,155987.61,5.871,malva,68e9bbed842324e0f9641d1cd90ac0de,INKANO_Monthly_Ads_-_SHOPEE.csv
InKano Rava - Atasan wanita longsleeve soft and lightweight,Dijeda,Iklan Produk,52856273449,GMV Max ROAS,Semua Penempatan,20/02/2026 00:00:00,418939.0,24006.0,0.057300000000000004,159.0,83.0,0.0066,0.0034999999999999996,25268.65,166.0,84.0,34776000.0,19213100.0,4017715.0,8.66,4.78,2026-03-01,2026-03-31,monthly,31,False,167.36,209493.98,129603.71,5.355,rava,e29f08563090ba9f5c84333483f8b159,INKANO_Monthly_Ads_-_SHOPEE.csv
InKano Suki - Sleeveless midi dress A Line dengan motif gingham details smock,Dijeda,Iklan Produk,55556500199,GMV Max ROAS,Semua Penempatan,02/03/2026 00:00:00,336628.0,13154.0,0.0391,123.0,90.0,0.009399999999999999,0.0068000000000000005,29248.26,123.0,90.0,42412900.0,34460000.0,3597536.0,11.79,9.58,2026-03-01,2026-03-31,monthly,31,False,273.49,344820.33,116049.55,3.968,suki,4bbb2aa875dc479e076ad64506725237,INKANO_Monthly_Ads_-_SHOPEE.csv
InKano Sorin - Outer wanita dengan textured floral fabric dan details tali.,Dijeda,Iklan Produk,27894132247,GMV Max ROAS,Semua Penempatan,28/01/2026 00:00:00,252663.0,11091.0,0.043899999999999995,115.0,97.0,0.0104,0.0087,25570.61,120.0,99.0,33324900.0,28681000.0,2940620.0,11.33,9.75,2026-03-01,2026-03-31,monthly,31,False,265.14,277707.5,94858.71,3.871,sorin,20210fcca7973182a53c3f5bc6490591,INKANO_Monthly_Ads_-_SHOPEE.csv
InKano Plume Sol - Sleeveless dress wanita dengan details texture fabric and tier silouette,Dijeda,Iklan Produk,55550137369,GMV Max ROAS,Semua Penempatan,25/10/2025 00:00:00,243163.0,11091.0,0.045599999999999995,132.0,98.0,0.011899999999999999,0.0088,22882.94,133.0,98.0,30882100.0,24102000.0,3020549.0,10.22,7.98,2026-03-01,2026-03-31,monthly,31,False,272.34,232196.24,97437.06,4.29,plume,a500e1ed844ffa4de10d884ced197265,INKANO_Monthly_Ads_-_SHOPEE.csv
InKano Aera - Atasan Wanita dengan bahan rayon spandex dan details asymmetric draping,Dijeda,Iklan Produk,49950037935,GMV Max ROAS,Semua Penempatan,05/11/2025 00:00:00,147948.0,5527.0,0.0374,109.0,75.0,0.0197,0.013600000000000001,18024.62,112.0,76.0,18593800.0,13150200.0,1964684.0,9.46,6.69,2026-03-01,2026-03-31,monthly,31,False,355.47,166016.07,63376.9,3.613,aera,d6b4a74403b28ec615da74048115351d,INKANO_Monthly_Ads_-_SHOPEE.csv
InKano Nile - Cardigan rajut wanita dengan details floral pattern,Dijeda,Iklan Produk,42867887324,GMV Max ROAS,Semua Penempatan,09/09/2025 00:00:00,140528.0,8022.0,0.0571,53.0,35.0,0.0066,0.0044,31938.92,56.0,35.0,16835600.0,12915000.0,1692763.0,9.95,7.63,2026-03-01,2026-03-31,monthly,31,False,211.02,300635.71,54605.26,1.806,nile,30595bccdb31a59ea1e24073d7d5a7fa,INKANO_Monthly_Ads_-_SHOPEE.csv
"InKano Liora - Rok maxi wanita dengan crinkle textured, pinggang elastic, bahan lightweight, dan furing katun",Dijeda,Iklan Produk,56456500783,GMV Max ROAS,Semua Penempatan,04/03/2026 00:00:00,103921.0,8116.0,0.0781,53.0,37.0,0.006500000000000001,0.0046,24957.82,57.0,37.0,12456400.0,9700200.0,1322765.0,9.42,7.33,2026-03-01,2026-03-31,monthly,31,False,162.98,218533.33,42669.84,1.839,liora,812dc3cc2cfb6e22521a4cfbab3bb1ad,INKANO_Monthly_Ads_-_SHOPEE.csv
InKano Acker - Atasan wanita dengan bahan soft rib rajut dan contrasting fabric,Dijeda,Iklan Produk,42561854974,GMV Max ROAS,Semua Penempatan,08/08/2025 00:00:00,100131.0,4014.0,0.0401,42.0,30.0,0.0105,0.0075,18528.69,42.0,30.0,7547100.0,5610000.0,778205.0,9.7,7.21,2026-03-01,2026-03-31,monthly,31,False,193.87,179692.86,25103.39,1.355,acker,4c9e371a37aba0820152e3b4039d5f39,INKANO_Monthly_Ads_-_SHOPEE.csv
"InKano Cycle Jacket - See through jacket texturized fabric jaket wanita dengan hoodie warna beige, dusty pink, coklat [6]",Dijeda,Iklan Produk,22619901508,GMV Max ROAS,Semua Penempatan,11/06/2024 00:00:00,94111.0,4633.0,0.0492,49.0,35.0,0.0106,0.0076,16130.37,49.0,35.0,8428200.0,6965000.0,790388.0,10.66,8.81,2026-03-01,2026-03-31,monthly,31,False,170.6,172004.08,25496.39,1.581,cycle,80449a98b5054f06822773c6e2461dbd,INKANO_Monthly_Ads_-_SHOPEE.csv
InKano Nako - Rok wanita motif floral A line midi skirt with floral texture,Dijeda,Iklan Produk,45106306428,GMV Max ROAS,Semua Penempatan,20/02/2026 00:00:00,84427.0,2533.0,0.03,42.0,30.0,0.0166,0.0118,18979.01,43.0,31.0,13275300.0,10784100.0,797118.0,16.65,13.53,2026-03-01,2026-03-31,monthly,31,False,314.69,308727.91,25713.48,1.387,nako,4260a71166df12d85433ec79671d2c12,INKANO_Monthly_Ads_-_SHOPEE.csv
"InKano Paige - Kemeja rayon wanita full kancing warna putih, coklat muda, hitam, olive, hijau sage, biru tua, biru muda [4]",Dijeda,Iklan Produk,4216455466,GMV Max ROAS,Semua Penempatan,08/06/2024 00:00:00,81800.0,3439.0,0.042,38.0,33.0,0.011000000000000001,0.0096,15478.06,38.0,33.0,5751900.0,5088000.0,588166.0,9.78,8.65,2026-03-01,2026-03-31,monthly,31,False,171.03,151365.79,18973.1,1.226,paige,1fc55704b772ad017edf47bba484dea9,INKANO_Monthly_Ads_-_SHOPEE.csv
InKano Elm - Kemeja bahan rayon twill premium dengan details tali di belakang,Dijeda,Iklan Produk,53552634167,GMV Max ROAS,Semua Penempatan,29/12/2025 00:00:00,79581.0,3703.0,0.04650000000000001,46.0,33.0,0.0124,0.0089,16643.01,50.0,35.0,7399400.0,5390600.0,765578.0,9.67,7.04,2026-03-01,2026-03-31,monthly,31,False,206.75,147988.0,24696.06,1.613,elm,13ecbe927ad7e1148741bc0c6146a989,INKANO_Monthly_Ads_-_SHOPEE.csv
InKano Fray - Celana wanita high waist relaxed fit,Dijeda,Iklan Produk,24991420380,GMV Max ROAS,Semua Penempatan,15/02/2025 00:00:00,63834.0,2903.0,0.0455,38.0,30.0,0.0131,0.0103,19959.09,40.0,32.0,7446900.0,6258000.0,758445.0,9.82,8.25,2026-03-01,2026-03-31,monthly,31,False,261.26,186172.5,24465.97,1.29,fray,45b1d22331aa8043433490a064a3a0ea,INKANO_Monthly_Ads_-_SHOPEE.csv
InKano Narei - Atasan/Outer wanita semi-sheer dengan details floral embroidery,Dijeda,Iklan Produk,55905332486,GMV Max ROAS,Semua Penempatan,28/01/2026 00:00:00,61092.0,2910.0,0.047599999999999996,14.0,4.0,0.0048,0.0014000000000000002,26963.85,14.0,4.0,3141800.0,896000.0,377494.0,8.32,2.37,2026-03-01,2026-03-31,monthly,31,False,129.72,224414.29,12177.23,0.452,narei,193a02d5c44307a35ac0ce4182f292f2,INKANO_Monthly_Ads_-_SHOPEE.csv
InKano Alcea - Atasan vest dengan texture bordir dan details ribbon lace dan lightweight fabric,Dijeda,Iklan Produk,54456495723,GMV Max ROAS,Semua Penempatan,27/02/2026 00:00:00,53219.0,3097.0,0.0582,34.0,20.0,0.011000000000000001,0.006500000000000001,19973.98,34.0,20.0,8165800.0,5780000.0,679115.0,12.02,8.51,2026-03-01,2026-03-31,monthly,31,False,219.28,240170.59,21906.94,1.097,alcea,9fe61dc8a3a4f4d12dfc3eb344d3a85c,INKANO_Monthly_Ads_-_SHOPEE.csv
InKano Skylet - Sleeveless dress wanita minimalist maxi dress wanita dengan details crinkle texture dan straight cut,Dijeda,Iklan Produk,27176054532,GMV Max ROAS,Semua Penempatan,15/02/2025 00:00:00,52963.0,2761.0,0.0521,37.0,25.0,0.0134,0.0091,19211.02,37.0,25.0,7914900.0,5645000.0,710808.0,11.14,7.94,2026-03-01,2026-03-31,monthly,31,False,257.45,213916.22,22929.29,1.194,skylet,97a61155f5597403618df5044a83cf66,INKANO_Monthly_Ads_-_SHOPEE.csv
InKano Eyre Drawstring Dress - sleeveless dress wanita midi dress wanita dengan drawstring pinggang [4],Dijeda,Iklan Produk,25022052499,GMV Max ROAS,Semua Penempatan,11/07/2024 00:00:00,50003.0,2113.0,0.042300000000000004,27.0,9.0,0.0128,0.0043,18834.89,29.0,9.0,4820300.0,1900100.0,508542.0,9.48,3.74,2026-03-01,2026-03-31,monthly,31,False,240.67,166217.24,16404.58,0.935,eyre,a8da352d171e64db312d72c318b21546,INKANO_Monthly_Ads_-_SHOPEE.csv
InKano Echo - Celana pendek parasut wanita full pinggang karet,Dijeda,Iklan Produk,27703225497,GMV Max ROAS,Semua Penempatan,24/06/2024 00:00:00,41924.0,1568.0,0.0374,18.0,12.0,0.0115,0.0077,23582.52,20.0,13.0,3499400.0,2197000.0,424485.0,8.24,5.18,2026-03-01,2026-03-31,monthly,31,False,270.72,174970.0,13693.06,0.645,echo,b551afe85bf72834258cc4d140dd1bf5,INKANO_Monthly_Ads_-_SHOPEE.csv
"InKano Ridge - Sleeveless maxi dress terbaru dengan style korea dan bahan rayon premium warna hitam, dusty lilac ungu muda, pink shades [4]",Dijeda,Iklan Produk,10979039292,GMV Max ROAS,Semua Penempatan,10/07/2024 00:00:00,38210.0,1766.0,0.0462,8.0,7.0,0.0045000000000000005,0.004,36060.9,8.0,7.0,1902000.0,1703000.0,288487.0,6.59,5.9,2026-03-01,2026-03-31,monthly,31,False,163.36,237750.0,9306.03,0.258,ridge,f1033364951ae9b195c76a38ef03ef4e,INKANO_Monthly_Ads_-_SHOPEE.csv
InKano Elka - Atasan sleeveless wanita dengan bahan satin rayon premium dan details ikat di belakang.,Dijeda,Iklan Produk,45255362046,GMV Max ROAS,Semua Penempatan,28/01/2026 00:00:00,32006.0,1121.0,0.035,11.0,1.0,0.0098,0.0009,22935.33,13.0,1.0,2032900.0,229000.0,252289.0,8.06,0.91,2026-03-01,2026-03-31,monthly,31,False,225.06,156376.92,8138.35,0.419,elka,8b6a24014425fb014455339706a5132d,INKANO_Monthly_Ads_-_SHOPEE.csv
"InKano Roue Tanktop & Roue Line - Tanktop rajut wanita knit crop top wanita basic warna putih, mauve, grey, hitam [6]",Dijeda,Iklan Produk,25256768865,GMV Max ROAS,Semua Penempatan,03/06/2025 00:00:00,27846.0,1025.0,0.0368,14.0,9.0,0.0137,0.0088,16839.71,18.0,10.0,2392100.0,1910000.0,235756.0,10.15,8.1,2026-03-01,2026-03-31,monthly,31,False,230.01,132894.44,7605.03,0.581,roue,0ab7ae4e6928a8b3a522d27ba827e854,INKANO_Monthly_Ads_-_SHOPEE.csv
InKano Miro - Atasan wanita semi-sheer dengan details floral embroidery dan classic Chinese knot buttons,Dijeda,Iklan Produk,44755366217,GMV Max ROAS,Semua Penempatan,28/01/2026 00:00:00,1.0,0.0,0.0,0.0,0.0,0.0,0.0,0.0,0.0,0.0,0.0,0.0,0.0,0.0,0.0,2026-03-01,2026-03-31,monthly,31,False,,,,,miro,f091d1da4578d6490605c5240d5ca226,INKANO_Monthly_Ads_-_SHOPEE.csv
Shop GMV Max,Berjalan,,0,GMV Max Auto Bidding (Shop),Semua Penempatan,05/11/2025 00:00:00,2677118.0,132957.0,0.049699999999999994,1088.0,774.0,0.008199999999999999,0.0058,19451.04,1141.0,811.0,233973500.0,170396100.0,21162732.0,11.06,8.05,2026-04-01,2026-04-30,monthly,30,True,159.17,205060.04,705424.4,38.033,shop,c0ed625230387b6eb21b045a6324626e,INKANO_Monthly_Ads_-_SHOPEE.csv
InKano Cassia - Outer knit wanita lengan panjang dengan scallop hemming outerwear rajut wanita,Berjalan,Iklan Produk,27062867019,GMV Max ROAS,Semua Penempatan,04/11/2024 00:00:00,457008.0,15954.0,0.0349,189.0,169.0,0.0118,0.0106,38125.45,193.0,170.0,65052300.0,59230000.0,7205710.0,9.03,8.22,2026-04-01,2026-04-30,monthly,30,False,451.66,337058.55,240190.33,6.433,cassia,f64bbfc8405eefbebd39e4850ae7f07d,INKANO_Monthly_Ads_-_SHOPEE.csv
InKano Thames Outer - Outerwear wanita knit cardigan wanita dengan details dash dan kancing [4],Berjalan,Iklan Produk,22787969197,GMV Max ROAS,Semua Penempatan,17/06/2024 00:00:00,429430.0,14225.0,0.0331,138.0,116.0,0.0097,0.008199999999999999,42059.49,139.0,117.0,55417000.0,49023000.0,5804209.0,9.55,8.45,2026-04-01,2026-04-30,monthly,30,False,408.03,398683.45,193473.63,4.633,thames,9e959f9ecce1ba15955e13e7a2d35054,INKANO_Monthly_Ads_-_SHOPEE.csv
InKano Fressia - Sleeveless atasan wanita dengan details applikasi floral.,Berjalan,Iklan Produk,26778177709,GMV Max ROAS,Semua Penempatan,04/03/2025 00:00:00,405316.0,16742.0,0.041299999999999996,184.0,169.0,0.011000000000000001,0.0101,23443.51,190.0,175.0,43054400.0,39868900.0,4313606.0,9.98,9.24,2026-04-01,2026-04-30,monthly,30,False,257.65,226602.11,143786.87,6.333,fressia,f075ac3b56c6697b087b8b54c7d71d1f,INKANO_Monthly_Ads_-_SHOPEE.csv
InKano Cassia - Outer knit wanita lengan panjang dengan scallop hemming outerwear rajut wanita,Berjalan,Iklan Produk,40556691928,GMV Max ROAS,Semua Penempatan,30/06/2025 00:00:00,393247.0,15030.0,0.0382,203.0,169.0,0.013500000000000002,0.011200000000000002,36303.42,213.0,177.0,72479700.0,61423000.0,7369595.0,9.83,8.33,2026-04-01,2026-04-30,monthly,30,False,490.33,340280.28,245653.17,7.1,cassia,f427cd7cffd7246746ab6f225b9806b6,INKANO_Monthly_Ads_-_SHOPEE.csv
InKano Thames Outer - Outerwear wanita knit cardigan wanita dengan details dash dan kancing,Berjalan,Iklan Produk,29273185813,GMV Max ROAS,Semua Penempatan,11/01/2025 00:00:00,389241.0,15344.0,0.0394,157.0,139.0,0.0102,0.0091,42678.25,158.0,139.0,64661700.0,58241000.0,6700485.0,9.65,8.69,2026-04-01,2026-04-30,monthly,30,False,436.68,409251.27,223349.5,5.267,thames,46c4334ad743fe6f742f0134886542aa,INKANO_Monthly_Ads_-_SHOPEE.csv
InKano Spire Dress - Sleeveless dress korea wanita katun warna coklat dan hitam black [7],Berjalan,Iklan Produk,19970359270,GMV Max ROAS,Semua Penempatan,26/10/2024 00:00:00,387554.0,12731.0,0.032799999999999996,105.0,95.0,0.008199999999999999,0.0075,34360.56,108.0,98.0,34817400.0,32270000.0,3607858.0,9.65,8.94,2026-04-01,2026-04-30,monthly,30,False,283.39,322383.33,120261.93,3.6,spire,8cde1a37f7393e825b879fdd33b751e3,INKANO_Monthly_Ads_-_SHOPEE.csv
InKano Haze - Atasan rajut basic wanita dengan bahan full katun inner basic wanita lengan panjang,Berjalan,Iklan Produk,26214700605,GMV Max ROAS,Semua Penempatan,22/10/2024 00:00:00,386324.0,14376.0,0.037200000000000004,185.0,161.0,0.0129,0.011200000000000002,27442.53,198.0,174.0,47264400.0,42077200.0,5076868.0,9.31,8.29,2026-04-01,2026-04-30,monthly,30,False,353.15,238709.09,169228.93,6.6,haze,454107933a72bfc1c8be25a2904fe425,INKANO_Monthly_Ads_-_SHOPEE.csv
InKano Stripes Union - Oversized stripes cotton knit top with long sleeve bahan katun korean style [5],Berjalan,Iklan Produk,18680549695,GMV Max ROAS,Semua Penempatan,08/06/2024 00:00:00,313600.0,10539.0,0.0336,173.0,155.0,0.016399999999999998,0.0147,32447.12,181.0,163.0,53945500.0,48557600.0,5613352.0,9.61,8.65,2026-04-01,2026-04-30,monthly,30,False,532.63,298041.44,187111.73,6.033,stripes,696d4be127fee21ffe7a4c7c3eb4b086,INKANO_Monthly_Ads_-_SHOPEE.csv
InKano Neva Tee - Kaos wanita 100% cotton crewneck tee dengan contrastic fabric,Berjalan,Iklan Produk,42817883477,GMV Max ROAS,Semua Penempatan,10/09/2025 00:00:00,288295.0,11435.0,0.0397,214.0,190.0,0.0187,0.0166,13938.1,238.0,213.0,28085100.0,24006100.0,2982752.0,9.42,8.05,2026-04-01,2026-04-30,monthly,30,False,260.84,118004.62,99425.07,7.933,neva,8d3398cc5d8bc56ad78626e16118b812,INKANO_Monthly_Ads_-_SHOPEE.csv
InKano Spire Dress Maxi - Sleeveless dress korea wanita katun warna coklat dan hitam black,Berjalan,Iklan Produk,27923231189,GMV Max ROAS,Semua Penempatan,11/01/2025 00:00:00,254647.0,8460.0,0.0332,91.0,76.0,0.0108,0.009000000000000001,33075.06,91.0,76.0,29690000.0,25175000.0,3009830.0,9.86,8.36,2026-04-01,2026-04-30,monthly,30,False,355.77,326263.74,100327.67,3.033,spire,a410bea5f0cb47d15e750cb4ec3fa9d8,INKANO_Monthly_Ads_-_SHOPEE.csv
InKano Elmore - Basic cardigan wanita rajut full kancing dengan bahan viscose yang lembut dan halus,Berjalan,Iklan Produk,24046286517,GMV Max ROAS,Semua Penempatan,08/08/2025 00:00:00,241741.0,9886.0,0.0409,129.0,114.0,0.013000000000000001,0.0115,29597.4,132.0,117.0,37823800.0,35033000.0,3818065.0,9.91,9.18,2026-04-01,2026-04-30,monthly,30,False,386.21,286543.94,127268.83,4.4,elmore,dec783f943e2827b5533ba6cb433247d,INKANO_Monthly_Ads_-_SHOPEE.csv
"InKano Waves - Midi dress bahan katun warna Putih (berfuring), Beige, Biru tua, Coklat tua, Hitam [7]",Berjalan,Iklan Produk,6137355964,GMV Max ROAS,Semua Penempatan,08/06/2024 00:00:00,226570.0,9946.0,0.043899999999999995,145.0,118.0,0.0146,0.011899999999999999,21926.03,155.0,128.0,29967000.0,25685500.0,3179274.0,9.43,8.08,2026-04-01,2026-04-30,monthly,30,False,319.65,193335.48,105975.8,5.167,waves,d730d886600f1b1679dddd4b4dca6cc0,INKANO_Monthly_Ads_-_SHOPEE.csv
InKano Barrel Pants - Celana panjang wanita dengan cutting barrel dan bahan katun,Berjalan,Iklan Produk,27738375792,GMV Max ROAS,Semua Penempatan,07/07/2025 00:00:00,222860.0,10687.0,0.048,175.0,163.0,0.016399999999999998,0.015300000000000001,26595.5,182.0,170.0,48863800.0,46184100.0,4654213.0,10.5,9.92,2026-04-01,2026-04-30,monthly,30,False,435.5,268482.42,155140.43,6.067,barrel,3808ae08a97d20b31bfd1c4be5270ee2,INKANO_Monthly_Ads_-_SHOPEE.csv
InKano Haze - Atasan rajut basic wanita dengan bahan full katun inner basic wanita lengan panjang,Berjalan,Iklan Produk,42370553268,GMV Max ROAS,Semua Penempatan,22/09/2025 00:00:00,212838.0,7208.0,0.0339,134.0,124.0,0.018600000000000002,0.0172,27432.37,148.0,136.0,36197500.0,33124000.0,3675937.0,9.85,9.01,2026-04-01,2026-04-30,monthly,30,False,509.98,244577.7,122531.23,4.933,haze,5ece7430a01a2b4c1deac1ec2dc2261c,INKANO_Monthly_Ads_-_SHOPEE.csv
InKano Cascade - Everyday sleeveless top wanita atasan wanita sleevelss bahan parasut,Berjalan,Iklan Produk,29802573288,GMV Max ROAS,Semua Penempatan,13/06/2024 00:00:00,208508.0,7733.0,0.0371,132.0,104.0,0.0171,0.0134,16656.92,140.0,111.0,21635000.0,16539000.0,2198713.0,9.84,7.52,2026-04-01,2026-04-30,monthly,30,False,284.33,154535.71,73290.43,4.667,cascade,456139d5ad0b5726b29caee122e76a00,INKANO_Monthly_Ads_-_SHOPEE.csv
InKano Spire Dress - Sleeveless dress korea wanita katun warna coklat dan hitam black,Berjalan,Iklan Produk,29640723036,GMV Max ROAS,Semua Penempatan,30/08/2025 00:00:00,207468.0,7066.0,0.0341,104.0,79.0,0.0147,0.011200000000000002,34664.35,108.0,81.0,34410600.0,26829000.0,3605092.0,9.54,7.44,2026-04-01,2026-04-30,monthly,30,False,510.2,318616.67,120169.73,3.6,spire,819772e7953de353d38764b568941a1c,INKANO_Monthly_Ads_-_SHOPEE.csv
InKano Ann Cardie - Cadigan wanita katun outer rajut korean style [9],Berjalan,Iklan Produk,21486955097,GMV Max ROAS,Semua Penempatan,10/07/2024 00:00:00,205529.0,9324.0,0.0454,111.0,90.0,0.011899999999999999,0.0097,32074.13,111.0,90.0,32040700.0,26910000.0,3560229.0,9.0,7.56,2026-04-01,2026-04-30,monthly,30,False,381.83,288654.95,118674.3,3.7,ann,dd0f111a30ee032f041a0e411f362e0b,INKANO_Monthly_Ads_-_SHOPEE.csv
InKano Plume Sol - Sleeveless dress wanita dengan details texture fabric and tier silouette,Berjalan,Iklan Produk,28074783892,GMV Max ROAS,Semua Penempatan,30/01/2025 00:00:00,198909.0,10604.0,0.0533,96.0,81.0,0.0091,0.0076,25709.1,96.0,81.0,24088900.0,20119000.0,2468074.0,9.76,8.15,2026-04-01,2026-04-30,monthly,30,False,232.75,250926.04,82269.13,3.2,plume,a1d0a1953d1740526758b78396a94ed4,INKANO_Monthly_Ads_-_SHOPEE.csv
InKano Lyn - Atasan wanita tanpa lengan sleveless top wanita dengan bahan ironless dan flowy dan details drape di pundak,Berjalan,Iklan Produk,28753233081,GMV Max ROAS,Semua Penempatan,24/06/2024 00:00:00,196076.0,6179.0,0.0315,94.0,86.0,0.0152,0.0139,15820.54,99.0,90.0,16684600.0,15210000.0,1487131.0,11.22,10.23,2026-04-01,2026-04-30,monthly,30,False,240.68,168531.31,49571.03,3.3,lyn,729fa33c84346eb3d287d859a877039b,INKANO_Monthly_Ads_-_SHOPEE.csv
"InKano Organic Tee - Organic cotton tee, 100% cotton tee from organic farm certified.",Berjalan,Iklan Produk,27343670002,GMV Max ROAS,Semua Penempatan,26/11/2025 00:00:00,187626.0,5620.0,0.03,182.0,159.0,0.032400000000000005,0.028300000000000002,22924.7,211.0,187.0,37420700.0,33383500.0,4172295.0,8.97,8.0,2026-04-01,2026-04-30,monthly,30,False,742.4,177349.29,139076.5,7.033,organic,a6b94da3cbba697d1bea3582c17f6841,INKANO_Monthly_Ads_-_SHOPEE.csv
InKano Cirrus - Dress wanita sleeveless midi dress wanita dengan details rok balloon,Berjalan,Iklan Produk,25390328930,GMV Max ROAS,Semua Penempatan,11/01/2025 00:00:00,183928.0,7195.0,0.0391,82.0,64.0,0.011399999999999999,0.0089,28389.64,84.0,66.0,23177600.0,19254000.0,2327951.0,9.96,8.27,2026-04-01,2026-04-30,monthly,30,False,323.55,275923.81,77598.37,2.8,cirrus,3ad3978487a2c461d52dc262fbbc6ab8,INKANO_Monthly_Ads_-_SHOPEE.csv
InKano Basic Tee - Kaos wanita full katun atasan wanita basic lengan pendek,Berjalan,Iklan Produk,26514706880,GMV Max ROAS,Semua Penempatan,22/10/2024 00:00:00,183043.0,4970.0,0.027200000000000002,161.0,137.0,0.032400000000000005,0.0276,13854.15,194.0,168.0,20719700.0,16762800.0,2230519.0,9.29,7.52,2026-04-01,2026-04-30,monthly,30,False,448.8,106802.58,74350.63,6.467,kaos,6fae3e2a42a9948d81c02d8a40004b77,INKANO_Monthly_Ads_-_SHOPEE.csv
InKano Fable - Kemeja katun wanita shirtdress dengan kancing full depan warna hitam dan abu [4],Berjalan,Iklan Produk,9449724340,GMV Max ROAS,Semua Penempatan,09/06/2024 00:00:00,181571.0,6833.0,0.037599999999999995,84.0,74.0,0.0123,0.0108,29575.64,85.0,75.0,23146700.0,20175000.0,2484354.0,9.32,8.12,2026-04-01,2026-04-30,monthly,30,False,363.58,272314.12,82811.8,2.833,fable,f6dd3cd7ab83fbc378684af68eb1ed03,INKANO_Monthly_Ads_-_SHOPEE.csv
InKano Denim Barrel Pants - Celana panjang wanita dengan cutting barrel dan bahan denim,Berjalan,Iklan Produk,49503822443,GMV Max ROAS,Semua Penempatan,29/12/2025 00:00:00,176139.0,6473.0,0.036699999999999997,99.0,93.0,0.015300000000000001,0.0144,40880.35,101.0,95.0,38955300.0,37336500.0,4047155.0,9.63,9.23,2026-04-01,2026-04-30,monthly,30,False,625.24,385696.04,134905.17,3.367,denim,4cd20db128c27c7352db3786b3431f3d,INKANO_Monthly_Ads_-_SHOPEE.csv
InKano Marri Longsleeves - Cropped top knitted top with embossed pattern in long sleeves. [6],Berjalan,Iklan Produk,24369177837,GMV Max ROAS,Semua Penempatan,17/06/2024 00:00:00,166212.0,7800.0,0.046900000000000004,72.0,61.0,0.0092,0.0078000000000000005,29952.03,73.0,61.0,21869000.0,19489000.0,2156546.0,10.14,9.04,2026-04-01,2026-04-30,monthly,30,False,276.48,299575.34,71884.87,2.433,marri,2be53560f0a81284cb61f47e1cedab4f,INKANO_Monthly_Ads_-_SHOPEE.csv
InKano Rene Cardigan - Everyday cardigan wanita outerwear wanita knit cardigan cotton viscose [4],Berjalan,Iklan Produk,24571129042,GMV Max ROAS,Semua Penempatan,11/06/2024 00:00:00,162384.0,6169.0,0.038,95.0,88.0,0.0154,0.0143,35932.72,97.0,90.0,35358500.0,33210000.0,3413608.0,10.36,9.73,2026-04-01,2026-04-30,monthly,30,False,553.35,364520.62,113786.93,3.233,rene,4fa9b62fdfdc25bd5544df5b661d13d1,INKANO_Monthly_Ads_-_SHOPEE.csv
InKano Basic Tee - Kaos wanita full katun atasan wanita basic lengan pendek,Berjalan,Iklan Produk,26124817232,GMV Max ROAS,Semua Penempatan,12/04/2025 00:00:00,155447.0,4464.0,0.0287,110.0,96.0,0.0246,0.0215,12394.51,123.0,109.0,12770600.0,10811100.0,1363396.0,9.37,7.93,2026-04-01,2026-04-30,monthly,30,False,305.42,103826.02,45446.53,4.1,kaos,1dbda100eea2b1a6965248c38ec8442b,INKANO_Monthly_Ads_-_SHOPEE.csv
"InKano Sparrow - Sleeveless maxi dress dengan texture plisket berfuring warna putih gading, abu muda, pink, coklat [4]",Berjalan,Iklan Produk,8150225187,GMV Max ROAS,Semua Penempatan,10/07/2024 00:00:00,148448.0,5043.0,0.034,84.0,65.0,0.0167,0.0129,24492.96,84.0,65.0,19194850.0,14641200.0,2057409.0,9.33,7.12,2026-04-01,2026-04-30,monthly,30,False,407.97,228510.12,68580.3,2.8,sparrow,beba485e7d99bcf118da84fd145594e3,INKANO_Monthly_Ads_-_SHOPEE.csv
"InKano Seville - Sleeveless midi dress wanita bahan katun warna beige coklat muda, navy blue, pearl ivory, peanut coklat tua [6]",Berjalan,Iklan Produk,5418636273,GMV Max ROAS,Semua Penempatan,08/06/2024 00:00:00,144027.0,5614.0,0.039,114.0,82.0,0.0203,0.0146,16441.16,119.0,85.0,21562600.0,16621200.0,1874292.0,11.5,8.87,2026-04-01,2026-04-30,monthly,30,False,333.86,181198.32,62476.4,3.967,seville,044f566e6f7f9c237f6340356538708f,INKANO_Monthly_Ads_-_SHOPEE.csv
"InKano Meadow - Cardigan rajut wanita bahan full katun, knit cardigan wanita",Berjalan,Iklan Produk,26670732939,GMV Max ROAS,Semua Penempatan,16/12/2024 00:00:00,143502.0,4190.0,0.0292,35.0,24.0,0.0084,0.005699999999999999,34002.44,36.0,25.0,12574500.0,9725000.0,1190085.0,10.57,8.17,2026-04-01,2026-04-30,monthly,30,False,284.03,349291.67,39669.5,1.2,meadow,f05cd9e833c3d538ca47d73251920b44,INKANO_Monthly_Ads_-_SHOPEE.csv
InKano Thames Outer - Outerwear wanita knit cardigan wanita dengan details dash dan kancing,Berjalan,Iklan Produk,51250852825,GMV Max ROAS,Semua Penempatan,05/11/2025 00:00:00,126405.0,4154.0,0.0329,60.0,48.0,0.0144,0.0116,45332.87,70.0,57.0,27347000.0,23883000.0,2719972.0,10.05,8.78,2026-04-01,2026-04-30,monthly,30,False,654.78,390671.43,90665.73,2.333,thames,6c17270a0febd68aa83152e290dadf26,INKANO_Monthly_Ads_-_SHOPEE.csv
InKano Hawthorn - Atasan rajut knitwear wanita dengan details zipper dan tekstur,Berjalan,Iklan Produk,43807397639,GMV Max ROAS,Semua Penempatan,07/07/2025 00:00:00,125523.0,5849.0,0.0466,43.0,33.0,0.0074,0.005600000000000001,44264.92,47.0,37.0,17147200.0,14763000.0,1903391.0,9.01,7.76,2026-04-01,2026-04-30,monthly,30,False,325.42,364834.04,63446.37,1.567,hawthorn,caa49df86b4609346f7b8b0960838233,INKANO_Monthly_Ads_-_SHOPEE.csv
InKano Rilys - Rok wanita rayon premium dengan details tier dan pinggang elastic,Berjalan,Iklan Produk,28738367414,GMV Max ROAS,Semua Penempatan,07/07/2025 00:00:00,121139.0,6127.0,0.0506,89.0,69.0,0.014499999999999999,0.0113,24596.24,97.0,77.0,22077000.0,17391300.0,2189065.0,10.09,7.94,2026-04-01,2026-04-30,monthly,30,False,357.28,227597.94,72968.83,3.233,rilys,abca19e20ba3de9fc998bb896874971a,INKANO_Monthly_Ads_-_SHOPEE.csv
InKano Flow - Kemeja sleeveless wanita dengan bahan polyester linen dan relaxed fit,Berjalan,Iklan Produk,29362642841,GMV Max ROAS,Semua Penempatan,02/10/2024 00:00:00,116637.0,3797.0,0.0326,91.0,77.0,0.024,0.0203,17476.91,98.0,84.0,15642300.0,12594200.0,1590399.0,9.84,7.92,2026-04-01,2026-04-30,monthly,30,False,418.86,159615.31,53013.3,3.267,flow,a59648a62b8e725d1c060e9cc50b2eb6,INKANO_Monthly_Ads_-_SHOPEE.csv
InKano Harin - Atasan wanita katbol bahan 100% katun dengan floral embroidery,Berjalan,Iklan Produk,49456302667,GMV Max ROAS,Semua Penempatan,20/02/2026 00:00:00,115982.0,3481.0,0.03,69.0,42.0,0.019799999999999998,0.0121,20986.63,73.0,44.0,14618500.0,9769300.0,1448078.0,10.1,6.75,2026-04-01,2026-04-30,monthly,30,False,415.99,200253.42,48269.27,2.433,harin,5421399bdd8150f4c3883f38c64775f9,INKANO_Monthly_Ads_-_SHOPEE.csv
InKano Fressia - Sleeveless atasan wanita dengan details applikasi floral.,Berjalan,Iklan Produk,54450142578,GMV Max ROAS,Semua Penempatan,27/10/2025 00:00:00,115171.0,3360.0,0.0292,94.0,74.0,0.027999999999999997,0.022000000000000002,24664.61,95.0,74.0,20969900.0,16946000.0,2318474.0,9.04,7.31,2026-04-01,2026-04-30,monthly,30,False,690.02,220735.79,77282.47,3.167,fressia,baab331e4f65a3e5822c609f34bdcf44,INKANO_Monthly_Ads_-_SHOPEE.csv
InKano Nash - Sleeveless atasan blouse wanita dengan neckline tinggi dan tekstur kain,Berjalan,Iklan Produk,40157398753,GMV Max ROAS,Semua Penempatan,07/07/2025 00:00:00,105487.0,3061.0,0.028999999999999998,108.0,75.0,0.0353,0.0245,14205.9,115.0,79.0,16836200.0,10620600.0,1534238.0,10.97,6.92,2026-04-01,2026-04-30,monthly,30,False,501.22,146401.74,51141.27,3.833,nash,bbfac30dc3dbf6a51b89c88e8fcf21b5,INKANO_Monthly_Ads_-_SHOPEE.csv
InKano Lunel - Rayon premium maxi dress with pleated details,Berjalan,Iklan Produk,47150051417,GMV Max ROAS,Semua Penempatan,05/11/2025 00:00:00,99921.0,4475.0,0.044800000000000006,76.0,57.0,0.017,0.0127,28180.28,76.0,57.0,20171200.0,16218200.0,2141701.0,9.42,7.57,2026-04-01,2026-04-30,monthly,30,False,478.59,265410.53,71390.03,2.533,lunel,fdb1e5bc8ebb2dc1f6dcbd685c71ad7f,INKANO_Monthly_Ads_-_SHOPEE.csv
"InKano Crest - Pleated dress wanita sleeveless, dress wanita plisket tanpa lengan",Berjalan,Iklan Produk,24238660941,GMV Max ROAS,Semua Penempatan,25/11/2024 00:00:00,96867.0,2944.0,0.0304,40.0,35.0,0.013600000000000001,0.011899999999999999,30939.62,41.0,36.0,13242050.0,11797200.0,1237585.0,10.7,9.53,2026-04-01,2026-04-30,monthly,30,False,420.38,322976.83,41252.83,1.367,crest,2d2dafe1f038e784efe69ed89a5832c1,INKANO_Monthly_Ads_-_SHOPEE.csv
InKano Elara - Atasan sleeveless wanita dengan details drape di leher,Berjalan,Iklan Produk,45855361281,GMV Max ROAS,Semua Penempatan,28/01/2026 00:00:00,94755.0,3010.0,0.0318,60.0,45.0,0.0199,0.015,17650.19,62.0,45.0,11185200.0,8291500.0,1059011.0,10.56,7.83,2026-04-01,2026-04-30,monthly,30,False,351.83,180406.45,35300.37,2.067,elara,54801bad7e7614d41914718d2db3272b,INKANO_Monthly_Ads_-_SHOPEE.csv
InKano Spire Dress - Sleeveless dress korea wanita katun warna coklat dan hitam black,Berjalan,Iklan Produk,49450872502,GMV Max ROAS,Semua Penempatan,05/11/2025 00:00:00,93308.0,2962.0,0.0317,46.0,32.0,0.0155,0.0108,32602.36,46.0,32.0,14663800.0,10638000.0,1499708.0,9.78,7.09,2026-04-01,2026-04-30,monthly,30,False,506.32,318778.26,49990.27,1.533,spire,f7f1dcaf07bf38c76ff7306d3bba4237,INKANO_Monthly_Ads_-_SHOPEE.csv
InKano Aera - Atasan Wanita dengan bahan rayon spandex dan details asymmetric draping,Berjalan,Iklan Produk,49950037935,GMV Max ROAS,Semua Penempatan,05/11/2025 00:00:00,89272.0,2840.0,0.0318,74.0,63.0,0.026099999999999998,0.0222,19886.61,79.0,68.0,14471600.0,11818200.0,1471609.0,9.83,8.03,2026-04-01,2026-04-30,monthly,30,False,518.17,183184.81,49053.63,2.633,aera,06f7cf3efe24842d17eafbb1f99154ff,INKANO_Monthly_Ads_-_SHOPEE.csv
InKano Gale - Rok satin wanita warna bw creme dan hitam,Berjalan,Iklan Produk,28364865828,GMV Max ROAS,Semua Penempatan,24/10/2024 00:00:00,88924.0,3596.0,0.0404,68.0,45.0,0.0189,0.0125,13529.42,69.0,45.0,10011000.0,6205600.0,920001.0,10.88,6.75,2026-04-01,2026-04-30,monthly,30,False,255.84,145086.96,30666.7,2.3,gale,42e1c60ff9840353108b78698b804fd3,INKANO_Monthly_Ads_-_SHOPEE.csv
InKano Arbor - Outer wanita blazer wanita bahan soft suede,Berjalan,Iklan Produk,26439584864,GMV Max ROAS,Semua Penempatan,08/08/2025 00:00:00,81738.0,4149.0,0.0508,33.0,28.0,0.008,0.0067,28315.75,33.0,28.0,9463700.0,8332000.0,934420.0,10.13,8.92,2026-04-01,2026-04-30,monthly,30,False,225.22,286778.79,31147.33,1.1,arbor,e5ef9973036e83fa0fceece3605fffa6,INKANO_Monthly_Ads_-_SHOPEE.csv
InKano Vireya - Dress wanita pleats dengan bahan yang flowy dan ringan,Berjalan,Iklan Produk,56456273971,GMV Max ROAS,Semua Penempatan,08/03/2026 00:00:00,80042.0,3279.0,0.040999999999999995,51.0,38.0,0.015600000000000001,0.0116,34185.73,51.0,38.0,18564050.0,14913100.0,1743472.0,10.65,8.55,2026-04-01,2026-04-30,monthly,30,False,531.71,364000.98,58115.73,1.7,vireya,f1a8994d79580a6ed98cc9cac26a9bf1,INKANO_Monthly_Ads_-_SHOPEE.csv
"InKano Gianna - Dress rayon dengan details ikat warna hitam, coklat muda, hijau olive dan soft pink [5]",Berjalan,Iklan Produk,4520695814,GMV Max ROAS,Semua Penempatan,08/06/2024 00:00:00,79178.0,2607.0,0.0329,40.0,31.0,0.015300000000000001,0.011899999999999999,19065.33,42.0,33.0,8541100.0,6961600.0,762613.0,11.2,9.13,2026-04-01,2026-04-30,monthly,30,False,292.53,203359.52,25420.43,1.4,gianna,600ed4ae8e75bb0a2169b9979095c3fe,INKANO_Monthly_Ads_-_SHOPEE.csv
InKano Solstice Dress - Dress maxi wanita dengan tali spaghetti strap,Berjalan,Iklan Produk,43350410595,GMV Max ROAS,Semua Penempatan,15/05/2025 00:00:00,76785.0,3176.0,0.0414,30.0,26.0,0.009399999999999999,0.008199999999999999,19849.71,32.0,28.0,6085000.0,5374200.0,595491.0,10.22,9.02,2026-04-01,2026-04-30,monthly,30,False,187.5,190156.25,19849.7,1.067,solstice,93acd7ef2c529c0d1db9214750810fa6,INKANO_Monthly_Ads_-_SHOPEE.csv
"InKano Pane Jacket - jaket wanita tipis dengan serat kain bertekstur, kancing depan, dan kantong [4]",Berjalan,Iklan Produk,25450648574,GMV Max ROAS,Semua Penempatan,17/06/2024 00:00:00,76599.0,3929.0,0.0513,55.0,44.0,0.013999999999999999,0.011200000000000002,19911.17,57.0,45.0,11823200.0,9630000.0,1095114.0,10.8,8.79,2026-04-01,2026-04-30,monthly,30,False,278.73,207424.56,36503.8,1.9,pane,230c46d4e4fb7914ca211695485c3405,INKANO_Monthly_Ads_-_SHOPEE.csv
InKano Willow - Sleeveless dress satin wanita dengan details floral dress semi formal wanita untuk occasion [2],Berjalan,Iklan Produk,27970724615,GMV Max ROAS,Semua Penempatan,16/12/2024 00:00:00,74685.0,3124.0,0.0418,39.0,23.0,0.0125,0.0074,28136.95,40.0,24.0,10557400.0,8030400.0,1097341.0,9.62,7.32,2026-04-01,2026-04-30,monthly,30,False,351.26,263935.0,36578.03,1.333,willow,72b3284c04c7be7792e2a545f2a57493,INKANO_Monthly_Ads_-_SHOPEE.csv
"InKano Linen Dress - Sleeveless dress linen, midi dress wanita warna offwhite stripes dan navy [5]",Berjalan,Iklan Produk,23870069126,GMV Max ROAS,Semua Penempatan,21/04/2025 00:00:00,74300.0,4175.0,0.0562,24.0,16.0,0.005699999999999999,0.0038,35788.41,24.0,16.0,7357400.0,5608800.0,858922.0,8.57,6.53,2026-04-01,2026-04-30,monthly,30,False,205.73,306558.33,28630.73,0.8,linen,07b440e96a95ab392affa756e3da02f9,INKANO_Monthly_Ads_-_SHOPEE.csv
"InKano Dill - Outerwear daily wanita bahan rayon texture crinkle warna muted pink mauve, hijau sage, coklat coffee [6]",Berjalan,Iklan Produk,16770157482,GMV Max ROAS,Semua Penempatan,09/06/2024 00:00:00,71909.0,4068.0,0.056600000000000004,54.0,44.0,0.013300000000000001,0.0108,18324.43,54.0,44.0,10986100.0,7876000.0,989519.0,11.1,7.96,2026-04-01,2026-04-30,monthly,30,False,243.24,203446.3,32983.97,1.8,dill,dd5468a8f6149e1bd85f861f67a037e5,INKANO_Monthly_Ads_-_SHOPEE.csv
InKano Briette - Crop top wanita crop top outerwear wanita dengan details tali ikat [4],Berjalan,Iklan Produk,25575584031,GMV Max ROAS,Semua Penempatan,08/06/2024 00:00:00,67195.0,2858.0,0.0425,26.0,19.0,0.0091,0.0066,19569.9,26.0,19.0,4955100.0,3451000.0,508817.0,9.74,6.78,2026-04-01,2026-04-30,monthly,30,False,178.03,190580.77,16960.57,0.867,briette,d1b1bbed44836b4e0418b367b6d95ea8,INKANO_Monthly_Ads_-_SHOPEE.csv
"InKano Ravine - Sleveless dress wanita ironless crinkle fabric, midi inner dress wanita",Berjalan,Iklan Produk,25532425535,GMV Max ROAS,Semua Penempatan,24/06/2024 00:00:00,64812.0,1905.0,0.0294,40.0,20.0,0.021,0.0105,16040.46,43.0,22.0,7748100.0,3978000.0,641618.0,12.08,6.2,2026-04-01,2026-04-30,monthly,30,False,336.81,180188.37,21387.27,1.433,ravine,523ff5a2724038d3b71da4834fe00612,INKANO_Monthly_Ads_-_SHOPEE.csv
InKano Shiso - Dress wanita 100% cotton dengan details contrast stitching,Berjalan,Iklan Produk,53403769798,GMV Max ROAS,Semua Penempatan,29/12/2025 00:00:00,63283.0,1847.0,0.0292,21.0,21.0,0.011399999999999999,0.011399999999999999,31069.91,21.0,21.0,6547100.0,6547100.0,652468.0,10.03,10.03,2026-04-01,2026-04-30,monthly,30,False,353.26,311766.67,21748.93,0.7,shiso,5e8d6ba1e9dd3ab8d9dd8af06a68d431,INKANO_Monthly_Ads_-_SHOPEE.csv
InKano Ripple - Rok plisket wanita flowy pinggang karet [2],Berjalan,Iklan Produk,25439467291,GMV Max ROAS,Semua Penempatan,16/12/2024 00:00:00,62992.0,1821.0,0.028900000000000002,26.0,23.0,0.0143,0.0126,35317.48,26.0,23.0,8610700.0,8127300.0,918254.0,9.38,8.85,2026-04-01,2026-04-30,monthly,30,False,504.26,331180.77,30608.47,0.867,ripple,c6872eeb1a82f7e559d8cefa268e16e4,INKANO_Monthly_Ads_-_SHOPEE.csv
InKano Alpine - Celana denim wanita relaxed fit dengan elastic di bagian belakang,Berjalan,Iklan Produk,29777681282,GMV Max ROAS,Semua Penempatan,01/03/2025 00:00:00,61100.0,1607.0,0.0263,40.0,23.0,0.024900000000000002,0.0143,37921.22,43.0,24.0,12541500.0,8364700.0,1516849.0,8.27,5.51,2026-04-01,2026-04-30,monthly,30,False,943.9,291662.79,50561.63,1.433,alpine,dceca92016be1164d0d8b3ca6b23dff6,INKANO_Monthly_Ads_-_SHOPEE.csv
InKano Flint - Kemeja sleeveless wanita 100% cotton dengan details contrast stitching,Berjalan,Iklan Produk,51853780373,GMV Max ROAS,Semua Penempatan,29/12/2025 00:00:00,60244.0,1939.0,0.0322,40.0,34.0,0.0206,0.0175,17399.8,43.0,36.0,6173300.0,4975000.0,695992.0,8.87,7.15,2026-04-01,2026-04-30,monthly,30,False,358.94,143565.12,23199.73,1.433,flint,64c291eb62847ecc37fa1b5f407cf90b,INKANO_Monthly_Ads_-_SHOPEE.csv
InKano Palmer - Celana pendek wanita,Berjalan,Iklan Produk,43161943121,GMV Max ROAS,Semua Penempatan,08/08/2025 00:00:00,51308.0,2566.0,0.05,43.0,34.0,0.0168,0.013300000000000001,19003.07,43.0,34.0,8150600.0,6684800.0,817132.0,9.97,8.18,2026-04-01,2026-04-30,monthly,30,False,318.45,189548.84,27237.73,1.433,palmer,1ba55525b3b4339f0ac7f7b81006415e,INKANO_Monthly_Ads_-_SHOPEE.csv
InKano Tharra - Atasan sleeveless wanita katun dengan details bordir bunga,Berjalan,Iklan Produk,42817778717,GMV Max ROAS,Semua Penempatan,09/09/2025 00:00:00,43695.0,1892.0,0.0433,24.0,19.0,0.0127,0.01,22315.62,24.0,19.0,4522300.0,3617200.0,535575.0,8.44,6.75,2026-04-01,2026-04-30,monthly,30,False,283.07,188429.17,17852.5,0.8,tharra,0b850bfce0f5d188b541d6235d37fdd8,INKANO_Monthly_Ads_-_SHOPEE.csv
InKano Vine - Kemeja wanita stripes bahan full katun,Berjalan,Iklan Produk,27774742340,GMV Max ROAS,Semua Penempatan,30/01/2025 00:00:00,29555.0,949.0,0.0321,13.0,12.0,0.0137,0.0126,24719.2,14.0,13.0,3176000.0,2997000.0,321350.0,9.88,9.33,2026-04-01,2026-04-30,monthly,30,False,338.62,226857.14,10711.67,0.467,vine,f2012115c3fa6f2ce7fc0b713c0b144a,INKANO_Monthly_Ads_-_SHOPEE.csv
InKano Elden - Cardigan/atasan rajut dengan details kancing dan unfinished hemming,Berjalan,Iklan Produk,56109117307,GMV Max ROAS,Semua Penempatan,20/04/2026 00:00:00,28998.0,842.0,0.028999999999999998,0.0,0.0,0.0,0.0,0.0,0.0,0.0,0.0,0.0,105672.0,0.0,0.0,2026-04-01,2026-04-30,monthly,30,False,125.5,,3522.4,,elden,788973e95ef2486a752819171850fdc6,INKANO_Monthly_Ads_-_SHOPEE.csv
InKano Kairi - Atasan Wanita sleeveless bahan kain soft flannel kotak,Berjalan,Iklan Produk,48959151353,GMV Max ROAS,Semua Penempatan,20/04/2026 00:00:00,24870.0,1315.0,0.0529,17.0,13.0,0.0129,0.009899999999999999,17032.94,17.0,13.0,3793000.0,2647000.0,289560.0,13.1,9.14,2026-04-01,2026-04-30,monthly,30,False,220.2,223117.65,9652.0,0.567,kairi,4ec8e2d4491fa82048c9c0cc619a8a47,INKANO_Monthly_Ads_-_SHOPEE.csv
InKano Kaeli - Dress wanita katun sleeveless dengan details stitching,Berjalan,Iklan Produk,50859129020,GMV Max ROAS,Semua Penempatan,20/04/2026 00:00:00,24008.0,745.0,0.031,17.0,17.0,0.022799999999999997,0.022799999999999997,23763.48,17.0,17.0,5213000.0,5213000.0,403979.0,12.9,12.9,2026-04-01,2026-04-30,monthly,30,False,542.25,306647.06,13465.97,0.567,kaeli,bf02459d467d1a1dd2541ed4c1e09f1b,INKANO_Monthly_Ads_-_SHOPEE.csv
"InKano Paige - Kemeja rayon wanita full kancing warna putih, coklat muda, hitam, olive, hijau sage, biru tua, biru muda [4]",Berjalan,Iklan Produk,4216455466,GMV Max ROAS,Semua Penempatan,08/06/2024 00:00:00,22916.0,845.0,0.0369,20.0,19.0,0.023700000000000002,0.0225,13724.3,21.0,20.0,3286500.0,3116400.0,274486.0,11.97,11.35,2026-04-01,2026-04-30,monthly,30,False,324.84,156500.0,9149.53,0.7,paige,671b6078b9ea9c0eb97f7118e51dadf9,INKANO_Monthly_Ads_-_SHOPEE.csv
InKano Veluna - Cardigan rajut dengan textur cable dan details kancing,Berjalan,Iklan Produk,47159137555,GMV Max ROAS,Semua Penempatan,20/04/2026 00:00:00,22131.0,765.0,0.0346,10.0,6.0,0.0131,0.0078000000000000005,38979.94,10.0,6.0,3790000.0,2574000.0,389799.0,9.72,6.6,2026-04-01,2026-04-30,monthly,30,False,509.54,379000.0,12993.3,0.333,veluna,7b56e45ca6d62b07ec6f493f93b5b571,INKANO_Monthly_Ads_-_SHOPEE.csv
InKano Arin - Rok midi Wanita dengan bahan kain soft flannel kotak,Berjalan,Iklan Produk,47709151141,GMV Max ROAS,Semua Penempatan,20/04/2026 00:00:00,19276.0,746.0,0.0387,5.0,4.0,0.0067,0.0054,47476.61,5.0,4.0,1525000.0,1136000.0,237383.0,6.42,4.79,2026-04-01,2026-04-30,monthly,30,False,318.21,305000.0,7912.77,0.167,arin,2bc1689b623eeffa86887dbe53500ba4,INKANO_Monthly_Ads_-_SHOPEE.csv
InKano Sable - Linen outer wanita unfinished details and contrast stitching,Berjalan,Iklan Produk,41511942583,GMV Max ROAS,Semua Penempatan,08/08/2025 00:00:00,18764.0,1051.0,0.055999999999999994,5.0,4.0,0.0048,0.0038,39708.5,5.0,4.0,995000.0,806000.0,198543.0,5.01,4.06,2026-04-01,2026-04-30,monthly,30,False,188.91,199000.0,6618.1,0.167,sable,048b27ba8b9914ff600782a2d8c81531,INKANO_Monthly_Ads_-_SHOPEE.csv
InKano Lerya - Rok satin ikat dengan details drapery,Berjalan,Iklan Produk,57309133858,GMV Max ROAS,Semua Penempatan,20/04/2026 00:00:00,13279.0,435.0,0.032799999999999996,4.0,2.0,0.0092,0.0046,25571.22,4.0,2.0,704700.0,438000.0,102285.0,6.89,4.28,2026-04-01,2026-04-30,monthly,30,False,235.14,176175.0,3409.5,0.133,lerya,5327ef270261d35fa3dce680a3836e48,INKANO_Monthly_Ads_-_SHOPEE.csv
"InKano Bree - Sleeveless midi dress rayon warna putih, coklat beige, hijau olive, hijau sage, hitam [4]",Dijeda,Iklan Produk,8012587266,GMV Max ROAS,Semua Penempatan,26/10/2024 00:00:00,134295.0,4396.0,0.0327,85.0,63.0,0.019299999999999998,0.0143,28207.3,88.0,66.0,21948400.0,17609000.0,2397621.0,9.15,7.34,2026-04-01,2026-04-30,monthly,30,False,545.41,249413.64,79920.7,2.933,bree,96dfd671e02947cbc9a318a54c1c6e29,INKANO_Monthly_Ads_-_SHOPEE.csv
InKano Brisa - Outerwear rajut wanita knitwear cardigan dengan details unfinished,Dijeda,Iklan Produk,43061856720,GMV Max ROAS,Semua Penempatan,08/08/2025 00:00:00,130382.0,4671.0,0.0358,118.0,109.0,0.0253,0.0233,35439.64,120.0,110.0,48524600.0,46090000.0,4181878.0,11.6,11.02,2026-04-01,2026-04-30,monthly,30,False,895.29,404371.67,139395.93,4.0,brisa,c607aec10b2cfb10008062648065ff96,INKANO_Monthly_Ads_-_SHOPEE.csv
InKano Rumi - Atasan sleeveless gingham dengan texture smock dan contrasting thread,Dijeda,Iklan Produk,42028904977,GMV Max ROAS,Semua Penempatan,02/03/2026 00:00:00,96478.0,4077.0,0.042300000000000004,48.0,36.0,0.0118,0.0088,26720.39,48.0,36.0,13318300.0,10534000.0,1282579.0,10.38,8.21,2026-04-01,2026-04-30,monthly,30,False,314.59,277464.58,42752.63,1.6,rumi,03dc906109b8238f2bf8e02bb81c28ad,INKANO_Monthly_Ads_-_SHOPEE.csv
InKano Cirrus - Dress wanita sleeveless midi dress wanita dengan details rok balloon,Dijeda,Iklan Produk,26391942529,GMV Max ROAS,Semua Penempatan,22/09/2025 00:00:00,96136.0,6088.0,0.0633,36.0,29.0,0.0059,0.0048,33204.2,37.0,30.0,10727200.0,8770000.0,1195351.0,8.97,7.34,2026-04-01,2026-04-30,monthly,30,False,196.35,289924.32,39845.03,1.233,cirrus,56ea192ad1a4425e6cf2de5338d44822,INKANO_Monthly_Ads_-_SHOPEE.csv
InKano Thyme Clove - Atasan rajut wanita dengan floral details untuk layering,Dijeda,Iklan Produk,25339467342,GMV Max ROAS,Semua Penempatan,16/12/2024 00:00:00,93226.0,3460.0,0.0371,27.0,25.0,0.0078000000000000005,0.0072,35372.15,27.0,25.0,9423000.0,8975000.0,955048.0,9.87,9.4,2026-04-01,2026-04-30,monthly,30,False,276.03,349000.0,31834.93,0.9,thyme,57982b9cd7e6d22a686f9435fea26780,INKANO_Monthly_Ads_-_SHOPEE.csv
InKano Tava - Kaos 100% cotton long sleeve and high neck,Dijeda,Iklan Produk,53952628803,GMV Max ROAS,Semua Penempatan,29/12/2025 00:00:00,83528.0,3518.0,0.0421,51.0,44.0,0.014499999999999999,0.0125,21994.99,60.0,53.0,10077400.0,8957000.0,1121744.0,8.98,7.98,2026-04-01,2026-04-30,monthly,30,False,318.86,167956.67,37391.47,2.0,tava,9911cbc4a9b5279350f767c557daaa11,INKANO_Monthly_Ads_-_SHOPEE.csv
Inkano Linden - Celana wanita relaxed celana bahan wanita untuk kantor dan casual,Dijeda,Iklan Produk,29112632697,GMV Max ROAS,Semua Penempatan,02/10/2024 00:00:00,81859.0,3192.0,0.039,60.0,55.0,0.018799999999999997,0.0172,17104.58,61.0,56.0,11819800.0,10945600.0,1026275.0,11.52,10.67,2026-04-01,2026-04-30,monthly,30,False,321.51,193767.21,34209.17,2.033,linden,5df056aa986d8105729e582fef496673,INKANO_Monthly_Ads_-_SHOPEE.csv
InKano Amary - Sleeveless dress wanita dengan details rok plisket,Dijeda,Iklan Produk,29075945430,GMV Max ROAS,Semua Penempatan,15/02/2025 00:00:00,77107.0,3330.0,0.0432,30.0,25.0,0.009000000000000001,0.0075,37794.25,30.0,25.0,11108700.0,9845100.0,1133827.0,9.8,8.68,2026-04-01,2026-04-30,monthly,30,False,340.49,370290.0,37794.23,1.0,amary,fe699eb38270d51179d34fe96c6d4ffe,INKANO_Monthly_Ads_-_SHOPEE.csv
InKano Surrey - Rok midi wanita pleated bahan katun [5],Dijeda,Iklan Produk,11800739620,GMV Max ROAS,Semua Penempatan,08/06/2024 00:00:00,76003.0,2950.0,0.0388,31.0,21.0,0.0105,0.0070999999999999995,27914.02,33.0,22.0,7040000.0,5649000.0,865335.0,8.14,6.53,2026-04-01,2026-04-30,monthly,30,False,293.33,213333.33,28844.5,1.1,surrey,57a8f5b8a0ce10689e0d21b5171e9f9a,INKANO_Monthly_Ads_-_SHOPEE.csv
"InKano Basic Shirt - Kemeja basic rayon full kancing warna putih, hitam dan biru navy [4]",Dijeda,Iklan Produk,4654707139,GMV Max ROAS,Semua Penempatan,11/06/2024 00:00:00,69967.0,2364.0,0.0338,34.0,33.0,0.0144,0.013999999999999999,18836.14,37.0,36.0,6373000.0,6084000.0,640429.0,9.95,9.5,2026-04-01,2026-04-30,monthly,30,False,270.91,172243.24,21347.63,1.233,shirt,eff948bfe7120a347e616a3743e6a58f,INKANO_Monthly_Ads_-_SHOPEE.csv
InKano Basic Tee - Kaos wanita full katun atasan wanita basic lengan pendek,Dijeda,Iklan Produk,55250147702,GMV Max ROAS,Semua Penempatan,25/10/2025 00:00:00,63823.0,1673.0,0.0262,52.0,47.0,0.0311,0.0281,13354.05,63.0,56.0,6451700.0,5514300.0,694411.0,9.29,7.94,2026-04-01,2026-04-30,monthly,30,False,415.07,102407.94,23147.03,2.1,kaos,ae810883fd0b92dc42bf924f8abfd472,INKANO_Monthly_Ads_-_SHOPEE.csv
InKano Pollen - Celana wanita kantor dengan potongan lurus dan bahan premium,Dijeda,Iklan Produk,53653314955,GMV Max ROAS,Semua Penempatan,29/12/2025 00:00:00,63142.0,1944.0,0.0308,35.0,28.0,0.018000000000000002,0.0144,24754.71,36.0,29.0,8145200.0,7296500.0,866415.0,9.4,8.42,2026-04-01,2026-04-30,monthly,30,False,445.69,226255.56,28880.5,1.2,pollen,19e661f70f28e3e000f3ce36a396d998,INKANO_Monthly_Ads_-_SHOPEE.csv
InKano Eiro - Rok wanita dengan pinggang karet dan details plisket crinkled fabric,Dijeda,Iklan Produk,29389584649,GMV Max ROAS,Semua Penempatan,08/08/2025 00:00:00,55856.0,2257.0,0.0404,29.0,15.0,0.0128,0.0066,28025.04,33.0,18.0,7716500.0,5362000.0,812726.0,9.49,6.6,2026-04-01,2026-04-30,monthly,30,False,360.09,233833.33,27090.87,1.1,eiro,7e91e63175d6fbb64d71f822d163b69b,INKANO_Monthly_Ads_-_SHOPEE.csv
"InKano Acre Dress - Sleeveless dress katun maxi dress sleeveless hitam, navy, dan gingham [3]",Dijeda,Iklan Produk,26150443050,GMV Max ROAS,Semua Penempatan,08/06/2024 00:00:00,43793.0,1941.0,0.0443,14.0,10.0,0.0072,0.0052,33908.02,14.0,10.0,4042600.0,3050000.0,474712.0,8.52,6.42,2026-04-01,2026-04-30,monthly,30,False,244.57,288757.14,15823.73,0.467,acre,ca0245abc423749e0713037ab02bab2c,INKANO_Monthly_Ads_-_SHOPEE.csv
InKano Solin - Atasan wanita dengan details plisket crinkled fabric,Dijeda,Iklan Produk,40611870614,GMV Max ROAS,Semua Penempatan,08/08/2025 00:00:00,28581.0,1348.0,0.0472,14.0,4.0,0.0104,0.003,22144.8,14.0,4.0,2840400.0,896000.0,310027.0,9.16,2.89,2026-04-01,2026-04-30,monthly,30,False,229.99,202885.71,10334.23,0.467,solin,1160a24a1599ab6b616de726409eb574,INKANO_Monthly_Ads_-_SHOPEE.csv
InKano Hinari - Outerwear wanita lightweight dan sheer dengan details bordir dan scallop edge,Dijeda,Iklan Produk,44956512669,GMV Max ROAS,Semua Penempatan,27/02/2026 00:00:00,19925.0,747.0,0.0375,3.0,2.0,0.004,0.0027,34001.75,3.0,2.0,647000.0,458000.0,102005.0,6.34,4.49,2026-04-01,2026-04-30,monthly,30,False,136.55,215666.67,3400.17,0.1,hinari,4dfcbac6c78616c4b289dd03f794210b,INKANO_Monthly_Ads_-_SHOPEE.csv
InKano Plume Sol - Sleeveless dress wanita dengan details texture fabric and tier silouette,Dijeda,Iklan Produk,55550137369,GMV Max ROAS,Semua Penempatan,25/10/2025 00:00:00,16092.0,700.0,0.0435,11.0,6.0,0.015700000000000002,0.0086,27308.57,11.0,6.0,2871200.0,1474000.0,300394.0,9.56,4.91,2026-04-01,2026-04-30,monthly,30,False,429.13,261018.18,10013.13,0.367,plume,9e8161e0cc31e73f8d492aa24e16b58d,INKANO_Monthly_Ads_-_SHOPEE.csv
InKano Nemi - Atasan wanita lengan panjang dengan detail kancing dan curved hemming,Dijeda,Iklan Produk,41928916088,GMV Max ROAS,Semua Penempatan,27/02/2026 00:00:00,9230.0,353.0,0.0382,2.0,1.0,0.005699999999999999,0.0028000000000000004,24692.26,2.0,1.0,398500.0,249000.0,49385.0,8.07,5.04,2026-04-01,2026-04-30,monthly,30,False,139.9,199250.0,1646.17,0.067,nemi,e2f128953be16c1bff8a87cd4fabe650,INKANO_Monthly_Ads_-_SHOPEE.csv
InKano Castor - Atasan wanita dengan details kerut,Dijeda,Iklan Produk,56401919154,GMV Max ROAS,Semua Penempatan,26/11/2025 00:00:00,7964.0,134.0,0.0168,1.0,1.0,0.0075,0.0075,34489.13,1.0,1.0,94500.0,94500.0,34489.0,2.74,2.74,2026-04-01,2026-04-30,monthly,30,False,257.38,94500.0,1149.63,0.033,castor,64d878dbefef4d131c96e16942ed1672,INKANO_Monthly_Ads_-_SHOPEE.csv
InKano Suki - Sleeveless midi dress A Line dengan motif gingham details smock,Dijeda,Iklan Produk,55556500199,GMV Max ROAS,Semua Penempatan,02/03/2026 00:00:00,6886.0,299.0,0.0434,4.0,4.0,0.0134,0.0134,32873.16,4.0,4.0,1496000.0,1496000.0,131493.0,11.38,11.38,2026-04-01,2026-04-30,monthly,30,False,439.78,374000.0,4383.1,0.133,suki,75967e984de7c6f510bf4865cd7b11df,INKANO_Monthly_Ads_-_SHOPEE.csv
InKano Nako - Rok wanita motif floral A line midi skirt with floral texture,Dijeda,Iklan Produk,45106306428,GMV Max ROAS,Semua Penempatan,20/02/2026 00:00:00,6855.0,165.0,0.0241,0.0,0.0,0.0,0.0,0.0,0.0,0.0,0.0,0.0,129228.0,0.0,0.0,2026-04-01,2026-04-30,monthly,30,False,783.2,,4307.6,,nako,cc0076e73d61c7a6f6a3367406fa5741,INKANO_Monthly_Ads_-_SHOPEE.csv
InKano Acker - Atasan wanita dengan bahan soft rib rajut dan contrasting fabric,Dijeda,Iklan Produk,42561854974,GMV Max ROAS,Semua Penempatan,08/08/2025 00:00:00,5756.0,273.0,0.047400000000000005,7.0,3.0,0.0256,0.011000000000000001,8097.98,7.0,3.0,995800.0,507000.0,56686.0,17.57,8.94,2026-04-01,2026-04-30,monthly,30,False,207.64,142257.14,1889.53,0.233,acker,1d4e4bb795720c1e4c8a384713ec6b6f,INKANO_Monthly_Ads_-_SHOPEE.csv
InKano Malva - Atasan wanita 100% katun lengan panjang dengan details kancing,Dijeda,Iklan Produk,53956496400,GMV Max ROAS,Semua Penempatan,27/02/2026 00:00:00,5175.0,140.0,0.0271,0.0,0.0,0.0,0.0,0.0,0.0,0.0,0.0,0.0,21006.0,0.0,0.0,2026-04-01,2026-04-30,monthly,30,False,150.04,,700.2,,malva,e68e813836036f3ca4c30b8da27537e9,INKANO_Monthly_Ads_-_SHOPEE.csv
"InKano Cycle Jacket - See through jacket texturized fabric jaket wanita dengan hoodie warna beige, dusty pink, coklat [6]",Dijeda,Iklan Produk,22619901508,GMV Max ROAS,Semua Penempatan,11/06/2024 00:00:00,4583.0,165.0,0.036000000000000004,1.0,0.0,0.0060999999999999995,0.0,22130.71,1.0,0.0,98700.0,0.0,22131.0,4.46,0.0,2026-04-01,2026-04-30,monthly,30,False,134.13,98700.0,737.7,0.033,cycle,7132f1b88a3a3eced6ae2a5027b56ccf,INKANO_Monthly_Ads_-_SHOPEE.csv
InKano Skylet - Sleeveless dress wanita minimalist maxi dress wanita dengan details crinkle texture dan straight cut,Dijeda,Iklan Produk,27176054532,GMV Max ROAS,Semua Penempatan,15/02/2025 00:00:00,4025.0,167.0,0.0415,1.0,1.0,0.006,0.006,63885.71,1.0,1.0,229000.0,229000.0,63886.0,3.58,3.58,2026-04-01,2026-04-30,monthly,30,False,382.55,229000.0,2129.53,0.033,skylet,d3dd3c012f201eacc1f06be48e49e798,INKANO_Monthly_Ads_-_SHOPEE.csv
InKano Echo - Celana pendek parasut wanita full pinggang karet,Dijeda,Iklan Produk,27703225497,GMV Max ROAS,Semua Penempatan,24/06/2024 00:00:00,3558.0,95.0,0.026699999999999998,0.0,0.0,0.0,0.0,0.0,0.0,0.0,0.0,0.0,30808.0,0.0,0.0,2026-04-01,2026-04-30,monthly,30,False,324.29,,1026.93,,echo,23a29d871bf8c5d82d31b53e1c69b6b4,INKANO_Monthly_Ads_-_SHOPEE.csv
InKano Narei - Atasan/Outer wanita semi-sheer dengan details floral embroidery,Dijeda,Iklan Produk,55905332486,GMV Max ROAS,Semua Penempatan,28/01/2026 00:00:00,2938.0,98.0,0.0334,0.0,0.0,0.0,0.0,0.0,0.0,0.0,0.0,0.0,8137.0,0.0,0.0,2026-04-01,2026-04-30,monthly,30,False,83.03,,271.23,,narei,dcba4020028c4c4df619412fea761b71,INKANO_Monthly_Ads_-_SHOPEE.csv
"InKano Ridge - Sleeveless maxi dress terbaru dengan style korea dan bahan rayon premium warna hitam, dusty lilac ungu muda, pink shades [4]",Dijeda,Iklan Produk,10979039292,GMV Max ROAS,Semua Penempatan,10/07/2024 00:00:00,2469.0,48.0,0.0194,0.0,0.0,0.0,0.0,0.0,0.0,0.0,0.0,0.0,4639.0,0.0,0.0,2026-04-01,2026-04-30,monthly,30,False,96.65,,154.63,,ridge,d0e3aa823931b3c507a39053b1322317,INKANO_Monthly_Ads_-_SHOPEE.csv
InKano Sorin - Outer wanita dengan textured floral fabric dan details tali.,Dijeda,Iklan Produk,27894132247,GMV Max ROAS,Semua Penempatan,28/01/2026 00:00:00,3.0,0.0,0.0,0.0,0.0,0.0,0.0,0.0,0.0,0.0,0.0,0.0,0.0,0.0,0.0,2026-04-01,2026-04-30,monthly,30,False,,,,,sorin,35df02b4cd9810f49c7c1616a079d388,INKANO_Monthly_Ads_-_SHOPEE.csv
InKano Fray - Celana wanita high waist relaxed fit,Dijeda,Iklan Produk,24991420380,GMV Max ROAS,Semua Penempatan,15/02/2025 00:00:00,2.0,0.0,0.0,0.0,0.0,0.0,0.0,0.0,0.0,0.0,0.0,0.0,0.0,0.0,0.0,2026-04-01,2026-04-30,monthly,30,False,,,,,fray,72005c755bb88d1ce176949579211a5f,INKANO_Monthly_Ads_-_SHOPEE.csv
"InKano Meadow - Cardigan rajut wanita bahan full katun, knit cardigan wanita [2]",Dijeda,Iklan Produk,41051655502,GMV Max ROAS,Semua Penempatan,05/11/2025 00:00:00,1.0,0.0,0.0,0.0,0.0,0.0,0.0,0.0,0.0,0.0,0.0,0.0,0.0,0.0,0.0,2026-04-01,2026-04-30,monthly,30,False,,,,,meadow,8e1d3d3a67a9b41d6a2b153ea45e0526,INKANO_Monthly_Ads_-_SHOPEE.csv
Shop GMV Max,Berjalan,,0,GMV Max Auto Bidding (Shop),Semua Penempatan,05/11/2025 00:00:00,3101680.0,134566.0,0.0434,1158.0,845.0,0.0086,0.0063,20430.34,1205.0,879.0,229353500.0,164787600.0,23658335.0,9.69,6.97,2026-05-01,2026-05-31,monthly,31,True,175.81,190334.85,763172.1,38.871,shop,a380e914edfbf2c5b9860bd048b9b3dc,INKANO_Monthly_Ads_-_SHOPEE.csv
InKano Haze - Atasan rajut basic wanita dengan bahan full katun inner basic wanita lengan panjang,Berjalan,Iklan Produk,26214700605,GMV Max ROAS,Semua Penempatan,22/10/2024 00:00:00,437486.0,16965.0,0.0388,208.0,188.0,0.0123,0.0111,26778.14,225.0,205.0,52966600.0,49263200.0,5569852.0,9.51,8.84,2026-05-01,2026-05-31,monthly,31,False,328.31,235407.11,179672.65,7.258,haze,f0e513e85dc623fd890fed2ae5d016f3,INKANO_Monthly_Ads_-_SHOPEE.csv
InKano Fressia - Sleeveless atasan wanita dengan details applikasi floral.,Berjalan,Iklan Produk,26778177709,GMV Max ROAS,Semua Penempatan,04/03/2025 00:00:00,427154.0,18229.0,0.042699999999999995,220.0,198.0,0.0121,0.0109,22608.3,224.0,202.0,50665000.0,45868700.0,4973825.0,10.19,9.22,2026-05-01,2026-05-31,monthly,31,False,272.85,226183.04,160445.97,7.226,fressia,ff0e5b00375cfbf00980bc4701419463,INKANO_Monthly_Ads_-_SHOPEE.csv
InKano Cassia - Outer knit wanita lengan panjang dengan scallop hemming outerwear rajut wanita,Berjalan,Iklan Produk,40556691928,GMV Max ROAS,Semua Penempatan,30/06/2025 00:00:00,408131.0,16069.0,0.0394,221.0,186.0,0.0138,0.0116,33230.53,222.0,187.0,74892000.0,65353000.0,7343946.0,10.2,8.9,2026-05-01,2026-05-31,monthly,31,False,457.03,337351.35,236901.48,7.161,cassia,dff07845f32ddfa943bddc42fca4f34a,INKANO_Monthly_Ads_-_SHOPEE.csv
InKano Cassia - Outer knit wanita lengan panjang dengan scallop hemming outerwear rajut wanita,Berjalan,Iklan Produk,27062867019,GMV Max ROAS,Semua Penempatan,04/11/2024 00:00:00,393061.0,14120.0,0.0359,188.0,169.0,0.013300000000000001,0.012,33659.82,192.0,170.0,64877850.0,59250000.0,6328046.0,10.25,9.36,2026-05-01,2026-05-31,monthly,31,False,448.16,337905.47,204130.52,6.194,cassia,755ae4ba5ac88165dab87e99aca94a6e,INKANO_Monthly_Ads_-_SHOPEE.csv
InKano Neva Tee - Kaos wanita 100% cotton crewneck tee dengan contrastic fabric,Berjalan,Iklan Produk,42817883477,GMV Max ROAS,Semua Penempatan,10/09/2025 00:00:00,368802.0,15160.0,0.041100000000000005,356.0,325.0,0.0235,0.021400000000000002,13314.77,393.0,359.0,46947900.0,40793900.0,4740059.0,9.9,8.61,2026-05-01,2026-05-31,monthly,31,False,312.67,119460.31,152905.13,12.677,neva,6e0f1f28645760782641ba4ff98eac53,INKANO_Monthly_Ads_-_SHOPEE.csv
InKano Thames Outer - Outerwear wanita knit cardigan wanita dengan details dash dan kancing,Berjalan,Iklan Produk,29273185813,GMV Max ROAS,Semua Penempatan,11/01/2025 00:00:00,359551.0,13299.0,0.037000000000000005,167.0,156.0,0.0126,0.011699999999999999,41517.55,169.0,158.0,69743400.0,66202000.0,6933430.0,10.06,9.55,2026-05-01,2026-05-31,monthly,31,False,521.35,412682.84,223659.03,5.452,thames,37571e4dd6aa3f0e64768ee9fcc8ef7d,INKANO_Monthly_Ads_-_SHOPEE.csv
InKano Thames Outer - Outerwear wanita knit cardigan wanita dengan details dash dan kancing [4],Berjalan,Iklan Produk,22787969197,GMV Max ROAS,Semua Penempatan,17/06/2024 00:00:00,339483.0,12062.0,0.0355,148.0,138.0,0.0123,0.011399999999999999,39538.37,157.0,146.0,63924800.0,61174000.0,5851679.0,10.92,10.45,2026-05-01,2026-05-31,monthly,31,False,485.13,407164.33,188763.84,5.065,thames,b1382306e9f37fba7a90b8fa7428a6c1,INKANO_Monthly_Ads_-_SHOPEE.csv
InKano Plume Sol - Sleeveless dress wanita dengan details texture fabric and tier silouette,Berjalan,Iklan Produk,28074783892,GMV Max ROAS,Semua Penempatan,30/01/2025 00:00:00,305827.0,16602.0,0.054299999999999994,229.0,198.0,0.0138,0.011899999999999999,22900.23,230.0,199.0,55945200.0,48896800.0,5244152.0,10.67,9.32,2026-05-01,2026-05-31,monthly,31,False,315.87,243240.0,169166.19,7.419,plume,6813320e9277bf96cebd7d42bbfccca8,INKANO_Monthly_Ads_-_SHOPEE.csv
InKano Tharra - Atasan sleeveless wanita katun dengan details bordir bunga,Berjalan,Iklan Produk,42817778717,GMV Max ROAS,Semua Penempatan,09/09/2025 00:00:00,289253.0,13759.0,0.047599999999999996,157.0,136.0,0.011399999999999999,0.009899999999999999,21046.33,157.0,136.0,31388700.0,27414400.0,3304274.0,9.5,8.3,2026-05-01,2026-05-31,monthly,31,False,240.15,199928.03,106589.48,5.065,tharra,9e7e16d23813c172f7ecf28e755ee23b,INKANO_Monthly_Ads_-_SHOPEE.csv
InKano Spire Dress - Sleeveless dress korea wanita katun warna coklat dan hitam black [7],Berjalan,Iklan Produk,19970359270,GMV Max ROAS,Semua Penempatan,26/10/2024 00:00:00,286122.0,9896.0,0.0346,88.0,76.0,0.0089,0.0077,32796.53,90.0,78.0,27767900.0,24489600.0,2886095.0,9.62,8.49,2026-05-01,2026-05-31,monthly,31,False,291.64,308532.22,93099.84,2.903,spire,6a4af5c0c49d6567a606b3846967d7df,INKANO_Monthly_Ads_-_SHOPEE.csv
"InKano Seville - Sleeveless midi dress wanita bahan katun warna beige coklat muda, navy blue, pearl ivory, peanut coklat tua [6]",Berjalan,Iklan Produk,5418636273,GMV Max ROAS,Semua Penempatan,08/06/2024 00:00:00,224149.0,8168.0,0.0364,145.0,137.0,0.0178,0.0168,19908.96,154.0,146.0,27266600.0,26050700.0,2886799.0,9.45,9.02,2026-05-01,2026-05-31,monthly,31,False,353.43,177055.84,93122.55,4.968,seville,d4acb994bb76a4409a3a4cd05bd012a8,INKANO_Monthly_Ads_-_SHOPEE.csv
InKano Aera - Atasan Wanita dengan bahan rayon spandex dan details asymmetric draping,Berjalan,Iklan Produk,49950037935,GMV Max ROAS,Semua Penempatan,05/11/2025 00:00:00,222212.0,8043.0,0.0362,173.0,155.0,0.0215,0.019299999999999998,19599.7,177.0,159.0,30875500.0,27595200.0,3390747.0,9.11,8.14,2026-05-01,2026-05-31,monthly,31,False,421.58,174437.85,109378.94,5.71,aera,85f79e1d807fbc08b8ac36083a6ebfee,INKANO_Monthly_Ads_-_SHOPEE.csv
InKano Spire Dress Maxi - Sleeveless dress korea wanita katun warna coklat dan hitam black,Berjalan,Iklan Produk,27923231189,GMV Max ROAS,Semua Penempatan,11/01/2025 00:00:00,216259.0,7664.0,0.0354,84.0,69.0,0.011000000000000001,0.009000000000000001,31913.89,84.0,69.0,28326900.0,24137800.0,2680767.0,10.57,9.0,2026-05-01,2026-05-31,monthly,31,False,349.79,337225.0,86476.35,2.71,spire,a0f64013c8cdf3578ddefc4563ef5da9,INKANO_Monthly_Ads_-_SHOPEE.csv
InKano Stripes Union - Oversized stripes cotton knit top with long sleeve bahan katun korean style [5],Berjalan,Iklan Produk,18680549695,GMV Max ROAS,Semua Penempatan,08/06/2024 00:00:00,209588.0,7493.0,0.0358,120.0,107.0,0.016,0.0143,32182.23,126.0,108.0,37384700.0,32292000.0,3861867.0,9.68,8.36,2026-05-01,2026-05-31,monthly,31,False,515.4,296703.97,124576.35,4.065,stripes,a54568001f739f54c3d5027cff9d603a,INKANO_Monthly_Ads_-_SHOPEE.csv
InKano Cascade - Everyday sleeveless top wanita atasan wanita sleevelss bahan parasut,Berjalan,Iklan Produk,29802573288,GMV Max ROAS,Semua Penempatan,13/06/2024 00:00:00,208960.0,8690.0,0.0416,140.0,111.0,0.0161,0.0128,16375.52,141.0,112.0,21604300.0,16628400.0,2292573.0,9.42,7.25,2026-05-01,2026-05-31,monthly,31,False,263.82,153221.99,73953.97,4.548,cascade,5bca98447a684fc5819e4b5e2a47af46,INKANO_Monthly_Ads_-_SHOPEE.csv
InKano Lyn - Atasan wanita tanpa lengan sleveless top wanita dengan bahan ironless dan flowy dan details drape di pundak,Berjalan,Iklan Produk,28753233081,GMV Max ROAS,Semua Penempatan,24/06/2024 00:00:00,204965.0,6921.0,0.0338,90.0,84.0,0.013000000000000001,0.0121,18001.88,91.0,85.0,15161500.0,14365000.0,1620169.0,9.36,8.87,2026-05-01,2026-05-31,monthly,31,False,234.09,166609.89,52263.52,2.935,lyn,7bebcbfd2eb2abf5a605691d7c58a9f1,INKANO_Monthly_Ads_-_SHOPEE.csv
InKano Barrel Pants - Celana panjang wanita dengan cutting barrel dan bahan katun,Berjalan,Iklan Produk,27738375792,GMV Max ROAS,Semua Penempatan,07/07/2025 00:00:00,195775.0,10036.0,0.0513,125.0,107.0,0.0125,0.010700000000000001,27334.16,127.0,108.0,32228700.0,29130700.0,3416770.0,9.43,8.53,2026-05-01,2026-05-31,monthly,31,False,340.45,253769.29,110218.39,4.097,barrel,0564ef4bddfa517c99532d0a6e6cf9dd,INKANO_Monthly_Ads_-_SHOPEE.csv
InKano Marri Longsleeves - Cropped top knitted top with embossed pattern in long sleeves. [6],Berjalan,Iklan Produk,24369177837,GMV Max ROAS,Semua Penempatan,17/06/2024 00:00:00,191948.0,9708.0,0.0506,86.0,67.0,0.0089,0.0069,30881.18,90.0,70.0,26314300.0,22080000.0,2655782.0,9.91,8.31,2026-05-01,2026-05-31,monthly,31,False,273.57,292381.11,85670.39,2.903,marri,45648e4d84cd61ad6f28a1bb29d09725,INKANO_Monthly_Ads_-_SHOPEE.csv
"InKano Waves - Midi dress bahan katun warna Putih (berfuring), Beige, Biru tua, Coklat tua, Hitam [7]",Berjalan,Iklan Produk,6137355964,GMV Max ROAS,Semua Penempatan,08/06/2024 00:00:00,176682.0,7623.0,0.0431,114.0,101.0,0.015,0.0132,20640.6,120.0,106.0,24156000.0,21431300.0,2353028.0,10.27,9.11,2026-05-01,2026-05-31,monthly,31,False,308.67,201300.0,75904.13,3.871,waves,948fc98e936da6e0b3446c245dc9fb29,INKANO_Monthly_Ads_-_SHOPEE.csv
InKano Rilys - Rok wanita rayon premium dengan details tier dan pinggang elastic,Berjalan,Iklan Produk,28738367414,GMV Max ROAS,Semua Penempatan,07/07/2025 00:00:00,175556.0,7631.0,0.0435,149.0,132.0,0.0195,0.0173,25107.29,158.0,141.0,35785500.0,31834200.0,3740986.0,9.57,8.51,2026-05-01,2026-05-31,monthly,31,False,490.24,226490.51,120676.97,5.097,rilys,be81ca9c9f1e5a4c229d7d88b6abfedb,INKANO_Monthly_Ads_-_SHOPEE.csv
InKano Basic Tee - Kaos wanita full katun atasan wanita basic lengan pendek,Berjalan,Iklan Produk,26514706880,GMV Max ROAS,Semua Penempatan,22/10/2024 00:00:00,166759.0,4873.0,0.0292,165.0,143.0,0.0339,0.029300000000000003,12679.98,198.0,175.0,20239300.0,17796000.0,2092197.0,9.67,8.51,2026-05-01,2026-05-31,monthly,31,False,429.34,102218.69,67490.23,6.387,kaos,c3c5e15f0c9c762edb0441ac6ab2ee8c,INKANO_Monthly_Ads_-_SHOPEE.csv
"InKano Meadow - Cardigan rajut wanita bahan full katun, knit cardigan wanita",Berjalan,Iklan Produk,26670732939,GMV Max ROAS,Semua Penempatan,16/12/2024 00:00:00,163104.0,4865.0,0.0298,52.0,45.0,0.010700000000000001,0.0092,37432.21,54.0,46.0,19649000.0,17894000.0,1946475.0,10.09,9.19,2026-05-01,2026-05-31,monthly,31,False,400.1,363870.37,62789.52,1.742,meadow,b3f215d3e767b46ade7882c21540db93,INKANO_Monthly_Ads_-_SHOPEE.csv
InKano Haze - Atasan rajut basic wanita dengan bahan full katun inner basic wanita lengan panjang,Berjalan,Iklan Produk,42370553268,GMV Max ROAS,Semua Penempatan,22/09/2025 00:00:00,160443.0,5500.0,0.034300000000000004,107.0,89.0,0.0195,0.016200000000000003,25264.98,114.0,94.0,26892000.0,22666000.0,2703353.0,9.95,8.38,2026-05-01,2026-05-31,monthly,31,False,491.52,235894.74,87204.94,3.677,haze,44bdd73732e31651f841d0694e273a4e,INKANO_Monthly_Ads_-_SHOPEE.csv
InKano Briette - Crop top wanita crop top outerwear wanita dengan details tali ikat [4],Berjalan,Iklan Produk,25575584031,GMV Max ROAS,Semua Penempatan,08/06/2024 00:00:00,158859.0,7313.0,0.046,77.0,73.0,0.0105,0.01,19537.86,79.0,75.0,14431000.0,13615000.0,1504415.0,9.59,9.05,2026-05-01,2026-05-31,monthly,31,False,205.72,182670.89,48529.52,2.548,briette,79e6b16edaeaa979ab02b8bb8c1aa8c1,INKANO_Monthly_Ads_-_SHOPEE.csv
InKano Basic Tee - Kaos wanita full katun atasan wanita basic lengan pendek,Berjalan,Iklan Produk,26124817232,GMV Max ROAS,Semua Penempatan,12/04/2025 00:00:00,153581.0,4883.0,0.0318,111.0,99.0,0.0227,0.0203,12436.37,118.0,106.0,13422300.0,10974000.0,1380437.0,9.72,7.95,2026-05-01,2026-05-31,monthly,31,False,282.7,113748.31,44530.23,3.806,kaos,8a185d0a4a2e191f90fdaa583ff7729f,INKANO_Monthly_Ads_-_SHOPEE.csv
InKano Elmore - Basic cardigan wanita rajut full kancing dengan bahan viscose yang lembut dan halus,Berjalan,Iklan Produk,24046286517,GMV Max ROAS,Semua Penempatan,08/08/2025 00:00:00,152594.0,6653.0,0.0436,82.0,63.0,0.0123,0.0095,28919.9,85.0,66.0,23969700.0,20074000.0,2371432.0,10.11,8.46,2026-05-01,2026-05-31,monthly,31,False,356.45,281996.47,76497.81,2.742,elmore,4944695f16e70e43857d3b5ca32a4149,INKANO_Monthly_Ads_-_SHOPEE.csv
InKano Spire Dress - Sleeveless dress korea wanita katun warna coklat dan hitam black,Berjalan,Iklan Produk,49450872502,GMV Max ROAS,Semua Penempatan,05/11/2025 00:00:00,151885.0,6521.0,0.0429,108.0,76.0,0.0166,0.011699999999999999,30402.59,113.0,80.0,35693100.0,28430000.0,3283479.0,10.87,8.66,2026-05-01,2026-05-31,monthly,31,False,503.52,315868.14,105918.68,3.645,spire,32542aa4ced8333f5686be57881bda89,INKANO_Monthly_Ads_-_SHOPEE.csv
"InKano Organic Tee - Organic cotton tee, 100% cotton tee from organic farm certified.",Berjalan,Iklan Produk,27343670002,GMV Max ROAS,Semua Penempatan,26/11/2025 00:00:00,146443.0,5508.0,0.037599999999999995,180.0,158.0,0.0327,0.0287,20720.16,201.0,179.0,36383200.0,31987300.0,3729628.0,9.76,8.58,2026-05-01,2026-05-31,monthly,31,False,677.13,181010.95,120310.58,6.484,organic,75eef9012c25e325a82c2ea026d8b281,INKANO_Monthly_Ads_-_SHOPEE.csv
InKano Ann Cardie - Cadigan wanita katun outer rajut korean style [9],Berjalan,Iklan Produk,21486955097,GMV Max ROAS,Semua Penempatan,10/07/2024 00:00:00,141841.0,6464.0,0.045599999999999995,75.0,58.0,0.0116,0.009000000000000001,32102.61,79.0,61.0,22776200.0,18239000.0,2407696.0,9.46,7.58,2026-05-01,2026-05-31,monthly,31,False,372.48,288306.33,77667.61,2.548,ann,a2ad6e5307d46a03aa36c52126771bf2,INKANO_Monthly_Ads_-_SHOPEE.csv
InKano Elmore - Basic cardigan wanita rajut full kancing dengan bahan viscose yang lembut dan halus,Berjalan,Iklan Produk,48459766206,GMV Max ROAS,Semua Penempatan,30/04/2026 00:00:00,140966.0,5053.0,0.0358,44.0,37.0,0.0087,0.0073,32348.17,45.0,37.0,14131200.0,11653000.0,1423319.0,9.93,8.19,2026-05-01,2026-05-31,monthly,31,False,281.68,314026.67,45913.52,1.452,elmore,fe946853ebd8b97707c1a54663d4ab50,INKANO_Monthly_Ads_-_SHOPEE.csv
InKano Lunel - Rayon premium maxi dress with pleated details,Berjalan,Iklan Produk,47150051417,GMV Max ROAS,Semua Penempatan,05/11/2025 00:00:00,138834.0,6162.0,0.0444,80.0,51.0,0.013000000000000001,0.0083,32703.69,81.0,52.0,21848100.0,14874800.0,2616296.0,8.35,5.69,2026-05-01,2026-05-31,monthly,31,False,424.59,269729.63,84396.65,2.613,lunel,5679461f72865c7b7f4e3ba535fd8f3d,INKANO_Monthly_Ads_-_SHOPEE.csv
InKano Flow - Kemeja sleeveless wanita dengan bahan polyester linen dan relaxed fit,Berjalan,Iklan Produk,29362642841,GMV Max ROAS,Semua Penempatan,02/10/2024 00:00:00,135550.0,4610.0,0.034,105.0,87.0,0.022799999999999997,0.0189,18280.11,118.0,97.0,18337000.0,14458600.0,1919411.0,9.55,7.53,2026-05-01,2026-05-31,monthly,31,False,416.36,155398.31,61916.48,3.806,flow,e0351b26dc840f25a3471c7f04853afa,INKANO_Monthly_Ads_-_SHOPEE.csv
InKano Fressia - Sleeveless atasan wanita dengan details applikasi floral.,Berjalan,Iklan Produk,54450142578,GMV Max ROAS,Semua Penempatan,27/10/2025 00:00:00,131766.0,5072.0,0.0385,79.0,70.0,0.015600000000000001,0.0138,24145.88,79.0,70.0,18181000.0,16030000.0,1907525.0,9.53,8.4,2026-05-01,2026-05-31,monthly,31,False,376.09,230139.24,61533.06,2.548,fressia,b54e0ef4c12df3ee7945e3d4089bcfa3,INKANO_Monthly_Ads_-_SHOPEE.csv
InKano Denim Barrel Pants - Celana panjang wanita dengan cutting barrel dan bahan denim,Berjalan,Iklan Produk,49503822443,GMV Max ROAS,Semua Penempatan,29/12/2025 00:00:00,129545.0,5429.0,0.04190000000000001,77.0,67.0,0.014199999999999999,0.0123,37404.08,77.0,67.0,28814300.0,26084300.0,2880114.0,10.0,9.06,2026-05-01,2026-05-31,monthly,31,False,530.51,374211.69,92906.9,2.484,denim,6d6540067a9e7a19c22731352d52e21d,INKANO_Monthly_Ads_-_SHOPEE.csv
"InKano Pane Jacket - jaket wanita tipis dengan serat kain bertekstur, kancing depan, dan kantong [4]",Berjalan,Iklan Produk,25450648574,GMV Max ROAS,Semua Penempatan,17/06/2024 00:00:00,128427.0,6833.0,0.053200000000000004,75.0,58.0,0.011000000000000001,0.0085,22941.12,76.0,59.0,16019050.0,12626000.0,1720584.0,9.31,7.34,2026-05-01,2026-05-31,monthly,31,False,251.81,210776.97,55502.71,2.452,pane,6e89f5c2ca287b992c06e5986417e29c,INKANO_Monthly_Ads_-_SHOPEE.csv
"InKano Paige - Kemeja rayon wanita full kancing warna putih, coklat muda, hitam, olive, hijau sage, biru tua, biru muda [4]",Berjalan,Iklan Produk,4216455466,GMV Max ROAS,Semua Penempatan,08/06/2024 00:00:00,123337.0,4476.0,0.0363,81.0,72.0,0.0181,0.0161,19402.8,92.0,83.0,15072000.0,13197000.0,1571626.0,9.59,8.4,2026-05-01,2026-05-31,monthly,31,False,351.12,163826.09,50697.61,2.968,paige,0dfa97178e467640038b4bea7bb997e2,INKANO_Monthly_Ads_-_SHOPEE.csv
InKano Spire Dress - Sleeveless dress korea wanita katun warna coklat dan hitam black,Berjalan,Iklan Produk,29640723036,GMV Max ROAS,Semua Penempatan,30/08/2025 00:00:00,122607.0,4703.0,0.0384,62.0,46.0,0.0132,0.0098,32601.78,64.0,47.0,20556300.0,15843000.0,2021311.0,10.17,7.84,2026-05-01,2026-05-31,monthly,31,False,429.79,321192.19,65203.58,2.065,spire,5ad12f4930e293c09be0eaa88d5538b7,INKANO_Monthly_Ads_-_SHOPEE.csv
InKano Elara - Atasan sleeveless wanita dengan details drape di leher,Berjalan,Iklan Produk,45855361281,GMV Max ROAS,Semua Penempatan,28/01/2026 00:00:00,117195.0,3934.0,0.0336,79.0,62.0,0.020099999999999996,0.0158,16519.56,80.0,62.0,13174300.0,10048100.0,1305046.0,10.09,7.7,2026-05-01,2026-05-31,monthly,31,False,331.74,164678.75,42098.26,2.581,elara,cea0f7bbc6a6d2d588c291d34325f823,INKANO_Monthly_Ads_-_SHOPEE.csv
"InKano Gianna - Dress rayon dengan details ikat warna hitam, coklat muda, hijau olive dan soft pink [5]",Berjalan,Iklan Produk,4520695814,GMV Max ROAS,Semua Penempatan,08/06/2024 00:00:00,111969.0,4157.0,0.0371,77.0,68.0,0.018500000000000003,0.016399999999999998,16825.26,77.0,68.0,13716750.0,12434700.0,1295545.0,10.59,9.6,2026-05-01,2026-05-31,monthly,31,False,311.65,178139.61,41791.77,2.484,gianna,4fdf28fd3b3ea4bf80f72065551b2520,INKANO_Monthly_Ads_-_SHOPEE.csv
InKano Harin - Atasan wanita katbol bahan 100% katun dengan floral embroidery,Berjalan,Iklan Produk,49456302667,GMV Max ROAS,Semua Penempatan,20/02/2026 00:00:00,108453.0,3980.0,0.036699999999999997,69.0,52.0,0.0173,0.0131,22457.44,70.0,53.0,15181200.0,11682600.0,1549563.0,9.8,7.54,2026-05-01,2026-05-31,monthly,31,False,389.34,216874.29,49985.9,2.258,harin,8ac9db8618ed9a329706342570888840,INKANO_Monthly_Ads_-_SHOPEE.csv
InKano Vine - Kemeja wanita stripes bahan full katun,Berjalan,Iklan Produk,27774742340,GMV Max ROAS,Semua Penempatan,30/01/2025 00:00:00,105137.0,3951.0,0.037599999999999995,36.0,32.0,0.0091,0.008100000000000001,26889.18,36.0,32.0,8384000.0,7528000.0,968011.0,8.66,7.78,2026-05-01,2026-05-31,monthly,31,False,245.0,232888.89,31226.16,1.161,vine,425189ec80042ed9095020c5fbd6ada0,INKANO_Monthly_Ads_-_SHOPEE.csv
InKano Hawthorn - Atasan rajut knitwear wanita dengan details zipper dan tekstur,Berjalan,Iklan Produk,43807397639,GMV Max ROAS,Semua Penempatan,07/07/2025 00:00:00,98071.0,4671.0,0.047599999999999996,45.0,35.0,0.0096,0.0075,37479.44,46.0,36.0,17024000.0,14364000.0,1686575.0,10.09,8.52,2026-05-01,2026-05-31,monthly,31,False,361.07,370086.96,54405.65,1.484,hawthorn,7d1c15f616c8601898726478683e0a30,INKANO_Monthly_Ads_-_SHOPEE.csv
"InKano Linen Dress - Sleeveless dress linen, midi dress wanita warna offwhite stripes dan navy [5]",Berjalan,Iklan Produk,23870069126,GMV Max ROAS,Semua Penempatan,21/04/2025 00:00:00,96630.0,5484.0,0.056799999999999996,45.0,35.0,0.008199999999999999,0.0064,32299.24,45.0,35.0,14211200.0,11512800.0,1453466.0,9.78,7.92,2026-05-01,2026-05-31,monthly,31,False,265.04,315804.44,46886.0,1.452,linen,069b90f97f25e7cae1a3d42bf2c94bbd,INKANO_Monthly_Ads_-_SHOPEE.csv
InKano Willow - Sleeveless dress satin wanita dengan details floral dress semi formal wanita untuk occasion [2],Berjalan,Iklan Produk,27970724615,GMV Max ROAS,Semua Penempatan,16/12/2024 00:00:00,89520.0,4009.0,0.044800000000000006,44.0,34.0,0.011000000000000001,0.0085,33641.03,44.0,34.0,13885550.0,11676000.0,1480205.0,9.38,7.89,2026-05-01,2026-05-31,monthly,31,False,369.22,315580.68,47748.55,1.419,willow,cc99aecb8e93b2c1e195844ddd40c2f7,INKANO_Monthly_Ads_-_SHOPEE.csv
InKano Echo - Celana pendek parasut wanita full pinggang karet,Berjalan,Iklan Produk,27703225497,GMV Max ROAS,Semua Penempatan,24/06/2024 00:00:00,86904.0,3999.0,0.046,66.0,53.0,0.0165,0.013300000000000001,19420.48,71.0,58.0,11885200.0,9768200.0,1281751.0,9.27,7.62,2026-05-01,2026-05-31,monthly,31,False,320.52,167397.18,41346.81,2.29,echo,1757844aff6709f9d061a8740e6d1f22,INKANO_Monthly_Ads_-_SHOPEE.csv
InKano Thames Outer - Outerwear wanita knit cardigan wanita dengan details dash dan kancing,Berjalan,Iklan Produk,51250852825,GMV Max ROAS,Semua Penempatan,05/11/2025 00:00:00,83929.0,2811.0,0.0335,38.0,29.0,0.013500000000000002,0.0103,39754.85,38.0,29.0,14733700.0,12151000.0,1510684.0,9.75,8.04,2026-05-01,2026-05-31,monthly,31,False,537.42,387728.95,48731.74,1.226,thames,24cb748a1db57bc3584bd88eac0ac85a,INKANO_Monthly_Ads_-_SHOPEE.csv
InKano Fable - Kemeja katun wanita shirtdress dengan kancing full depan warna hitam dan abu [4],Berjalan,Iklan Produk,9449724340,GMV Max ROAS,Semua Penempatan,09/06/2024 00:00:00,82862.0,3163.0,0.0382,30.0,28.0,0.0095,0.0089,27853.36,30.0,28.0,7936200.0,7478200.0,835601.0,9.5,8.95,2026-05-01,2026-05-31,monthly,31,False,264.18,264540.0,26954.87,0.968,fable,bfe19bf9f121f8806b11b6c135b659bd,INKANO_Monthly_Ads_-_SHOPEE.csv
"InKano Crest - Pleated dress wanita sleeveless, dress wanita plisket tanpa lengan",Berjalan,Iklan Produk,24238660941,GMV Max ROAS,Semua Penempatan,25/11/2024 00:00:00,81718.0,2798.0,0.0342,33.0,25.0,0.0118,0.0089,29315.26,33.0,25.0,8399500.0,6780000.0,967403.0,8.68,7.01,2026-05-01,2026-05-31,monthly,31,False,345.75,254530.3,31206.55,1.065,crest,936772e29f7f598d86f4a12d6e309831,INKANO_Monthly_Ads_-_SHOPEE.csv
"InKano Bree - Sleeveless midi dress rayon warna putih, coklat beige, hijau olive, hijau sage, hitam [4]",Berjalan,Iklan Produk,8012587266,GMV Max ROAS,Semua Penempatan,26/10/2024 00:00:00,77197.0,3131.0,0.0406,42.0,39.0,0.0134,0.0125,27856.04,43.0,40.0,11592100.0,10855100.0,1169954.0,9.91,9.28,2026-05-01,2026-05-31,monthly,31,False,373.67,269583.72,37740.45,1.387,bree,13dfc32d014dde80dc40330aa78b9ad6,INKANO_Monthly_Ads_-_SHOPEE.csv
"InKano Dill - Outerwear daily wanita bahan rayon texture crinkle warna muted pink mauve, hijau sage, coklat coffee [6]",Berjalan,Iklan Produk,16770157482,GMV Max ROAS,Semua Penempatan,09/06/2024 00:00:00,71903.0,3713.0,0.0516,52.0,34.0,0.013999999999999999,0.0092,18585.67,57.0,38.0,10789800.0,6802000.0,966455.0,11.16,7.04,2026-05-01,2026-05-31,monthly,31,False,260.29,189294.74,31175.97,1.839,dill,a2e14c0b21d0b6b5c13250884774a0e3,INKANO_Monthly_Ads_-_SHOPEE.csv
InKano Shiso - Dress wanita 100% cotton dengan details contrast stitching,Berjalan,Iklan Produk,53403769798,GMV Max ROAS,Semua Penempatan,29/12/2025 00:00:00,71221.0,2463.0,0.0346,35.0,30.0,0.014199999999999999,0.012199999999999999,29965.2,35.0,30.0,9772700.0,9245300.0,1048782.0,9.32,8.82,2026-05-01,2026-05-31,monthly,31,False,425.81,279220.0,33831.68,1.129,shiso,13f76c9e714ec46dd4b5ea607a49bb56,INKANO_Monthly_Ads_-_SHOPEE.csv
InKano Arbor - Outer wanita blazer wanita bahan soft suede,Berjalan,Iklan Produk,26439584864,GMV Max ROAS,Semua Penempatan,08/08/2025 00:00:00,69686.0,3632.0,0.0521,31.0,25.0,0.0085,0.0069,25716.71,33.0,25.0,9420300.0,7465000.0,797218.0,11.82,9.36,2026-05-01,2026-05-31,monthly,31,False,219.5,285463.64,25716.71,1.065,arbor,598cc54e503e03f7aedc87301a04d1dc,INKANO_Monthly_Ads_-_SHOPEE.csv
InKano Alpine - Celana denim wanita relaxed fit dengan elastic di bagian belakang,Berjalan,Iklan Produk,29777681282,GMV Max ROAS,Semua Penempatan,01/03/2025 00:00:00,68549.0,1847.0,0.0269,39.0,36.0,0.021099999999999997,0.0195,42406.8,43.0,40.0,15011600.0,14144600.0,1653865.0,9.08,8.55,2026-05-01,2026-05-31,monthly,31,False,895.43,349106.98,53350.48,1.387,alpine,49fb2e52b46123581da6208290d3ab5b,INKANO_Monthly_Ads_-_SHOPEE.csv
InKano Aera - Atasan Wanita dengan bahan rayon spandex dan details asymmetric draping,Berjalan,Iklan Produk,26994743744,GMV Max ROAS,Semua Penempatan,05/05/2026 00:00:00,67409.0,2183.0,0.032400000000000005,38.0,30.0,0.0174,0.0137,20366.13,41.0,31.0,7959000.0,5419000.0,773913.0,10.28,7.0,2026-05-01,2026-05-31,monthly,31,False,354.52,194121.95,24964.94,1.323,aera,904d1a98198bf38a613fc7ee5d2d00c5,INKANO_Monthly_Ads_-_SHOPEE.csv
InKano Veluna - Cardigan rajut dengan textur cable dan details kancing,Berjalan,Iklan Produk,47159137555,GMV Max ROAS,Semua Penempatan,20/04/2026 00:00:00,63063.0,2215.0,0.0351,25.0,19.0,0.0113,0.0086,44327.85,25.0,19.0,9605000.0,8151000.0,1108196.0,8.67,7.36,2026-05-01,2026-05-31,monthly,31,False,500.31,384200.0,35748.26,0.806,veluna,b9235d264657258cea2547792215f103,INKANO_Monthly_Ads_-_SHOPEE.csv
InKano Flint - Kemeja sleeveless wanita 100% cotton dengan details contrast stitching,Berjalan,Iklan Produk,51853780373,GMV Max ROAS,Semua Penempatan,29/12/2025 00:00:00,60704.0,2060.0,0.0339,46.0,37.0,0.0223,0.018000000000000002,15166.83,51.0,41.0,7952400.0,5711300.0,697674.0,11.4,8.19,2026-05-01,2026-05-31,monthly,31,False,338.68,155929.41,22505.61,1.645,flint,9101c60a2935100fbefdc12015c5f07d,INKANO_Monthly_Ads_-_SHOPEE.csv
InKano Rene Cardigan - Everyday cardigan wanita outerwear wanita knit cardigan cotton viscose [4],Berjalan,Iklan Produk,24571129042,GMV Max ROAS,Semua Penempatan,11/06/2024 00:00:00,60066.0,2447.0,0.0407,42.0,35.0,0.0172,0.0143,31021.42,43.0,36.0,15396700.0,13284000.0,1302900.0,11.82,10.2,2026-05-01,2026-05-31,monthly,31,False,532.45,358062.79,42029.03,1.387,rene,ea3531483d66bd63b875df93fe70f2f6,INKANO_Monthly_Ads_-_SHOPEE.csv
InKano Elden - Cardigan/atasan rajut dengan details kancing dan unfinished hemming,Berjalan,Iklan Produk,56109117307,GMV Max ROAS,Semua Penempatan,20/04/2026 00:00:00,59963.0,2972.0,0.0496,11.0,4.0,0.0037,0.0013,62065.48,11.0,4.0,3559000.0,1556000.0,682720.0,5.21,2.28,2026-05-01,2026-05-31,monthly,31,False,229.72,323545.45,22023.23,0.355,elden,a01cedd3ae8c6f4ddc14e8e988ef5e6d,INKANO_Monthly_Ads_-_SHOPEE.csv
InKano Sable - Linen outer wanita unfinished details and contrast stitching,Berjalan,Iklan Produk,41511942583,GMV Max ROAS,Semua Penempatan,08/08/2025 00:00:00,57581.0,2755.0,0.0478,24.0,15.0,0.0087,0.0054,24310.27,25.0,16.0,5110000.0,3224000.0,583446.0,8.76,5.53,2026-05-01,2026-05-31,monthly,31,False,211.78,204400.0,18820.84,0.806,sable,f936eaf382b0aa2dfa7caabe8613be7c,INKANO_Monthly_Ads_-_SHOPEE.csv
InKano Palmer - Celana pendek wanita,Berjalan,Iklan Produk,43161943121,GMV Max ROAS,Semua Penempatan,08/08/2025 00:00:00,51541.0,2512.0,0.0487,34.0,29.0,0.013500000000000002,0.0115,22012.81,34.0,29.0,6677200.0,5811000.0,748436.0,8.92,7.76,2026-05-01,2026-05-31,monthly,31,False,297.94,196388.24,24143.1,1.097,palmer,7e67b705f160612265be71db37df9963,INKANO_Monthly_Ads_-_SHOPEE.csv
InKano Vireya - Dress wanita pleats dengan bahan yang flowy dan ringan,Berjalan,Iklan Produk,56456273971,GMV Max ROAS,Semua Penempatan,08/03/2026 00:00:00,51004.0,2119.0,0.0415,21.0,10.0,0.009899999999999999,0.004699999999999999,40630.52,22.0,11.0,7331600.0,4280100.0,853241.0,8.59,5.02,2026-05-01,2026-05-31,monthly,31,False,402.66,333254.55,27523.9,0.71,vireya,5ec27daad45f33de42ac1703c09be4b0,INKANO_Monthly_Ads_-_SHOPEE.csv
InKano Plume Sol - Sleeveless dress wanita dengan details texture fabric and tier silouette,Berjalan,Iklan Produk,55550137369,GMV Max ROAS,Semua Penempatan,25/10/2025 00:00:00,50161.0,3008.0,0.06,34.0,28.0,0.0113,0.009300000000000001,24311.32,35.0,29.0,8645000.0,7191000.0,826585.0,10.46,8.7,2026-05-01,2026-05-31,monthly,31,False,274.8,247000.0,26664.03,1.129,plume,314a1b195f863559c661007ffa767117,INKANO_Monthly_Ads_-_SHOPEE.csv
InKano Lunel - Rayon premium maxi dress with pleated details,Berjalan,Iklan Produk,48659973623,GMV Max ROAS,Semua Penempatan,05/05/2026 00:00:00,47590.0,2097.0,0.0441,17.0,14.0,0.008100000000000001,0.0067,37884.64,18.0,15.0,5287100.0,4495000.0,644039.0,8.21,6.98,2026-05-01,2026-05-31,monthly,31,False,307.12,293727.78,20775.45,0.581,lunel,beb1c39b4b100ffd4d61be08929d0b46,INKANO_Monthly_Ads_-_SHOPEE.csv
InKano Ripple - Rok plisket wanita flowy pinggang karet [2],Berjalan,Iklan Produk,25439467291,GMV Max ROAS,Semua Penempatan,16/12/2024 00:00:00,46448.0,1338.0,0.0288,24.0,18.0,0.0179,0.013500000000000002,23912.93,24.0,18.0,6800800.0,5329600.0,573910.0,11.85,9.29,2026-05-01,2026-05-31,monthly,31,False,428.93,283366.67,18513.23,0.774,ripple,f0e27f6afb52c8de95690e7ef5dfe1ee,INKANO_Monthly_Ads_-_SHOPEE.csv
InKano Cassia - Outer knit wanita lengan panjang dengan scallop hemming outerwear rajut wanita,Berjalan,Iklan Produk,49560623251,GMV Max ROAS,Semua Penempatan,16/05/2026 00:00:00,43032.0,1815.0,0.042199999999999994,5.0,4.0,0.0028000000000000004,0.0022,54426.03,5.0,4.0,1595000.0,1396000.0,272130.0,5.86,5.13,2026-05-01,2026-05-31,monthly,31,False,149.93,319000.0,8778.39,0.161,cassia,49a9a12636edba76200a562f012fa87b,INKANO_Monthly_Ads_-_SHOPEE.csv
InKano Neva Tee - Kaos wanita 100% cotton crewneck tee dengan contrastic fabric,Berjalan,Iklan Produk,49509962188,GMV Max ROAS,Semua Penempatan,05/05/2026 00:00:00,41088.0,979.0,0.023799999999999998,26.0,22.0,0.026600000000000002,0.0225,15514.08,29.0,25.0,3471000.0,2865000.0,403366.0,8.61,7.1,2026-05-01,2026-05-31,monthly,31,False,412.02,119689.66,13011.81,0.935,neva,fccd0963dd16119664d2ae8cb62d7387,INKANO_Monthly_Ads_-_SHOPEE.csv
InKano Lerya - Rok satin ikat dengan details drapery,Berjalan,Iklan Produk,57309133858,GMV Max ROAS,Semua Penempatan,20/04/2026 00:00:00,34106.0,1744.0,0.051100000000000007,24.0,14.0,0.0138,0.008,23041.63,24.0,14.0,5256400.0,3106000.0,552999.0,9.51,5.62,2026-05-01,2026-05-31,monthly,31,False,317.09,219016.67,17838.68,0.774,lerya,e2e5d67265f6e05d3ea60390817671e0,INKANO_Monthly_Ads_-_SHOPEE.csv
InKano Haze - Atasan rajut basic wanita dengan bahan full katun inner basic wanita lengan panjang,Berjalan,Iklan Produk,46760628376,GMV Max ROAS,Semua Penempatan,16/05/2026 00:00:00,29786.0,998.0,0.0335,14.0,12.0,0.013999999999999999,0.012,31627.63,18.0,16.0,4352000.0,3874000.0,442787.0,9.83,8.75,2026-05-01,2026-05-31,monthly,31,False,443.67,241777.78,14283.45,0.581,haze,42334065593f988b99db99f434842106,INKANO_Monthly_Ads_-_SHOPEE.csv
InKano Acker - Atasan wanita dengan bahan soft rib rajut dan contrasting fabric,Berjalan,Iklan Produk,42561854974,GMV Max ROAS,Semua Penempatan,08/08/2025 00:00:00,27752.0,1351.0,0.0487,17.0,17.0,0.0126,0.0126,18504.4,17.0,17.0,3123000.0,3123000.0,314575.0,9.93,9.93,2026-05-01,2026-05-31,monthly,31,False,232.85,183705.88,10147.58,0.548,acker,cd629858ce4ff66bd4016fb8db7bee4e,INKANO_Monthly_Ads_-_SHOPEE.csv
"InKano Organic Tee - Organic cotton tee, 100% cotton tee from organic farm certified.",Berjalan,Iklan Produk,55110599352,GMV Max ROAS,Semua Penempatan,16/05/2026 00:00:00,27133.0,996.0,0.036699999999999997,27.0,25.0,0.0271,0.025099999999999997,17677.66,27.0,25.0,4853000.0,4475000.0,477297.0,10.17,9.38,2026-05-01,2026-05-31,monthly,31,False,479.21,179740.74,15396.68,0.871,organic,dbe49ad1cc34fa0489c895838848f3e7,INKANO_Monthly_Ads_-_SHOPEE.csv
InKano Fressia - Sleeveless atasan wanita dengan details applikasi floral.,Berjalan,Iklan Produk,47560635690,GMV Max ROAS,Semua Penempatan,16/05/2026 00:00:00,26257.0,1547.0,0.058899999999999994,7.0,7.0,0.0045000000000000005,0.0045000000000000005,30304.42,7.0,7.0,1603000.0,1603000.0,212131.0,7.56,7.56,2026-05-01,2026-05-31,monthly,31,False,137.12,229000.0,6842.94,0.226,fressia,a7e8221deafcc1a086716d8f428cd6ba,INKANO_Monthly_Ads_-_SHOPEE.csv
InKano Denim Barrel Pants - Celana panjang wanita dengan cutting barrel dan bahan denim,Berjalan,Iklan Produk,42080615229,GMV Max ROAS,Semua Penempatan,05/05/2026 00:00:00,25729.0,845.0,0.032799999999999996,6.0,5.0,0.0070999999999999995,0.0059,58754.35,6.0,5.0,2174000.0,1995000.0,352526.0,6.17,5.66,2026-05-01,2026-05-31,monthly,31,False,417.19,362333.33,11371.81,0.194,denim,8d73aa64183a514048fe73f1dfb50c1c,INKANO_Monthly_Ads_-_SHOPEE.csv
InKano Malva - Atasan wanita 100% katun lengan panjang dengan details kancing,Berjalan,Iklan Produk,53956496400,GMV Max ROAS,Semua Penempatan,27/02/2026 00:00:00,24743.0,1058.0,0.042800000000000005,7.0,7.0,0.0066,0.0066,35118.66,10.0,10.0,2570000.0,2570000.0,245831.0,10.45,10.45,2026-05-01,2026-05-31,monthly,31,False,232.35,257000.0,7930.03,0.323,malva,2cf4be781d214ad3a4fe7dc8a70f02f0,INKANO_Monthly_Ads_-_SHOPEE.csv
InKano Nile - Cardigan rajut wanita dengan details floral pattern,Berjalan,Iklan Produk,42867887324,GMV Max ROAS,Semua Penempatan,09/09/2025 00:00:00,22954.0,1526.0,0.0665,15.0,13.0,0.0098,0.0085,26490.4,15.0,13.0,5115000.0,4797000.0,397356.0,12.87,12.07,2026-05-01,2026-05-31,monthly,31,False,260.39,341000.0,12817.94,0.484,nile,74f75946a3f5b31915d80202fc7ae6cd,INKANO_Monthly_Ads_-_SHOPEE.csv
InKano Brisa - Outerwear rajut wanita knitwear cardigan dengan details unfinished,Berjalan,Iklan Produk,43061856720,GMV Max ROAS,Semua Penempatan,08/08/2025 00:00:00,21827.0,735.0,0.0337,24.0,19.0,0.0327,0.0259,25344.02,24.0,19.0,9586000.0,7961000.0,608256.0,15.76,13.09,2026-05-01,2026-05-31,monthly,31,False,827.56,399416.67,19621.16,0.774,brisa,c6923a677508d8a2f679dbc0ada97f61,INKANO_Monthly_Ads_-_SHOPEE.csv
InKano Tava - Kaos 100% cotton long sleeve and high neck,Berjalan,Iklan Produk,53952628803,GMV Max ROAS,Semua Penempatan,29/12/2025 00:00:00,21409.0,967.0,0.0452,22.0,20.0,0.022799999999999997,0.0207,17890.16,26.0,24.0,4397300.0,4039100.0,393584.0,11.17,10.26,2026-05-01,2026-05-31,monthly,31,False,407.02,169126.92,12696.26,0.839,tava,fbf8d4b937cda702ba81691dddac2c20,INKANO_Monthly_Ads_-_SHOPEE.csv
InKano Celite - Kemeja crop wanita dengan bahan checkered kotak mini gingham,Berjalan,Iklan Produk,47561071537,GMV Max ROAS,Semua Penempatan,25/05/2026 00:00:00,20826.0,690.0,0.0331,6.0,6.0,0.0087,0.0087,19824.77,6.0,6.0,1174000.0,1174000.0,118949.0,9.87,9.87,2026-05-01,2026-05-31,monthly,31,False,172.39,195666.67,3837.06,0.194,celite,714491189f4b8e2e07cd64e253a99170,INKANO_Monthly_Ads_-_SHOPEE.csv
InKano Neva Tee - Kaos wanita 100% cotton crewneck tee dengan contrastic fabric,Berjalan,Iklan Produk,54260608236,GMV Max ROAS,Semua Penempatan,16/05/2026 00:00:00,17772.0,398.0,0.022400000000000003,8.0,7.0,0.020099999999999996,0.0176,18591.22,10.0,9.0,1210000.0,1011000.0,148730.0,8.14,6.8,2026-05-01,2026-05-31,monthly,31,False,373.69,121000.0,4797.74,0.323,neva,3f9c44d5e018022d7ddb17aab16b7bf1,INKANO_Monthly_Ads_-_SHOPEE.csv
InKano Rilys - Rok wanita rayon premium dengan details tier dan pinggang elastic,Berjalan,Iklan Produk,41730972849,GMV Max ROAS,Semua Penempatan,18/05/2026 00:00:00,14563.0,535.0,0.036699999999999997,6.0,5.0,0.011200000000000002,0.009300000000000001,27001.96,6.0,5.0,1400300.0,1135000.0,162012.0,8.64,7.01,2026-05-01,2026-05-31,monthly,31,False,302.83,233383.33,5226.19,0.194,rilys,5e8f4f830deb3c248f7595929c0387fa,INKANO_Monthly_Ads_-_SHOPEE.csv
InKano Stripes Union - Oversized stripes cotton knit top with long sleeve bahan katun korean style,Berjalan,Iklan Produk,46660632767,GMV Max ROAS,Semua Penempatan,16/05/2026 00:00:00,14241.0,493.0,0.0346,4.0,4.0,0.008100000000000001,0.008100000000000001,46222.61,5.0,5.0,1495000.0,1495000.0,184890.0,8.09,8.09,2026-05-01,2026-05-31,monthly,31,False,375.03,299000.0,5964.19,0.161,stripes,4df0e6b6d17e37e030880757b8ed5623,INKANO_Monthly_Ads_-_SHOPEE.csv
InKano Tharra - Atasan sleeveless wanita katun dengan details bordir bunga,Berjalan,Iklan Produk,52960939438,GMV Max ROAS,Semua Penempatan,22/05/2026 00:00:00,14096.0,791.0,0.056100000000000004,10.0,9.0,0.0126,0.011399999999999999,23215.71,10.0,9.0,2060000.0,1851000.0,232157.0,8.87,7.97,2026-05-01,2026-05-31,monthly,31,False,293.5,206000.0,7488.94,0.323,tharra,a1675f8d3a38bfb4474b911fe190b194,INKANO_Monthly_Ads_-_SHOPEE.csv
InKano Plume Sol - Sleeveless dress wanita dengan details texture fabric and tier silouette,Berjalan,Iklan Produk,54710946457,GMV Max ROAS,Semua Penempatan,22/05/2026 00:00:00,13194.0,851.0,0.0645,10.0,7.0,0.0118,0.008199999999999999,27038.71,11.0,7.0,2859000.0,1753000.0,270387.0,10.57,6.48,2026-05-01,2026-05-31,monthly,31,False,317.73,259909.09,8722.16,0.355,plume,ab751c283d3cb7b9de6861b826d7a76d,INKANO_Monthly_Ads_-_SHOPEE.csv
InKano Marri Longsleeves - Cropped top knitted top with embossed pattern in long sleeves.,Berjalan,Iklan Produk,57160710532,GMV Max ROAS,Semua Penempatan,18/05/2026 00:00:00,12993.0,464.0,0.035699999999999996,1.0,1.0,0.0022,0.0022,69350.39,1.0,1.0,299000.0,299000.0,69350.0,4.31,4.31,2026-05-01,2026-05-31,monthly,31,False,149.46,299000.0,2237.1,0.032,marri,e80909d41ebe18f6dc421e98e5d90e97,INKANO_Monthly_Ads_-_SHOPEE.csv
InKano Amary - Sleeveless dress wanita dengan details rok plisket,Berjalan,Iklan Produk,29075945430,GMV Max ROAS,Semua Penempatan,15/02/2025 00:00:00,9418.0,553.0,0.0587,5.0,4.0,0.009000000000000001,0.0072,36660.07,5.0,4.0,1855000.0,1576000.0,183300.0,10.12,8.6,2026-05-01,2026-05-31,monthly,31,False,331.46,371000.0,5912.9,0.161,amary,202d0ea00df418b5dea67ca175594758,INKANO_Monthly_Ads_-_SHOPEE.csv
InKano Elara - Atasan sleeveless wanita dengan details drape di leher,Berjalan,Iklan Produk,45260967322,GMV Max ROAS,Semua Penempatan,22/05/2026 00:00:00,9364.0,384.0,0.040999999999999995,3.0,1.0,0.0078000000000000005,0.0026,33291.1,3.0,1.0,617150.0,169150.0,99873.0,6.18,1.69,2026-05-01,2026-05-31,monthly,31,False,260.09,205716.67,3221.71,0.097,elara,51113c5fa956c006443dcc6b28bc3138,INKANO_Monthly_Ads_-_SHOPEE.csv
InKano Elmore - Basic cardigan wanita rajut full kancing dengan bahan viscose yang lembut dan halus,Berjalan,Iklan Produk,48910911471,GMV Max ROAS,Semua Penempatan,21/05/2026 00:00:00,8959.0,519.0,0.0579,4.0,3.0,0.0077,0.0058,37052.0,4.0,3.0,1116000.0,867000.0,148208.0,7.53,5.85,2026-05-01,2026-05-31,monthly,31,False,285.56,279000.0,4780.9,0.129,elmore,c842d4d0859bbebdfcfddc0fddd06580,INKANO_Monthly_Ads_-_SHOPEE.csv
InKano Briette - Crop top wanita crop top outerwear wanita dengan details tali ikat,Berjalan,Iklan Produk,55560947757,GMV Max ROAS,Semua Penempatan,22/05/2026 00:00:00,8868.0,269.0,0.030299999999999997,7.0,5.0,0.026000000000000002,0.018600000000000002,19094.0,7.0,5.0,1423000.0,895000.0,133658.0,10.65,6.7,2026-05-01,2026-05-31,monthly,31,False,496.87,203285.71,4311.55,0.226,briette,5e26733c3128d28f2c75829456b3e932,INKANO_Monthly_Ads_-_SHOPEE.csv
InKano Kiyo - Atasan wanita sleeveless dari bahan cotton organic,Berjalan,Iklan Produk,54810960149,GMV Max ROAS,Semua Penempatan,25/05/2026 00:00:00,7868.0,432.0,0.054900000000000004,8.0,6.0,0.018500000000000003,0.0139,16089.99,8.0,6.0,1627000.0,1234000.0,128720.0,12.64,9.59,2026-05-01,2026-05-31,monthly,31,False,297.96,203375.0,4152.26,0.258,kiyo,3ba257cfa3d2fb7785f57ba2067c85f2,INKANO_Monthly_Ads_-_SHOPEE.csv
InKano Virou - Atasan v-neck kaos dengan bahan cotton organic,Berjalan,Iklan Produk,44760990302,GMV Max ROAS,Semua Penempatan,25/05/2026 00:00:00,7158.0,276.0,0.038599999999999995,7.0,4.0,0.0254,0.014499999999999999,20153.21,7.0,4.0,1263000.0,766000.0,141072.0,8.95,5.43,2026-05-01,2026-05-31,monthly,31,False,511.13,180428.57,4550.71,0.226,virou,d52e15883d65cab7a21f07c8c283336b,INKANO_Monthly_Ads_-_SHOPEE.csv
InKano Sedge - Dress midi sleeveless dengan bahan checkered kotak mini gingham dan details tiered skirt,Berjalan,Iklan Produk,41381093913,GMV Max ROAS,Semua Penempatan,25/05/2026 00:00:00,6397.0,369.0,0.057699999999999994,4.0,2.0,0.0108,0.0054,33865.02,4.0,2.0,1106000.0,658000.0,135460.0,8.16,4.86,2026-05-01,2026-05-31,monthly,31,False,367.1,276500.0,4369.68,0.129,sedge,9e0ea370069ba15bb896c1e1a9ee6d39,INKANO_Monthly_Ads_-_SHOPEE.csv
InKano Alpine - Celana denim wanita relaxed fit dengan elastic di bagian belakang,Berjalan,Iklan Produk,57061160802,GMV Max ROAS,Semua Penempatan,26/05/2026 00:00:00,4194.0,123.0,0.029300000000000003,1.0,1.0,0.008100000000000001,0.008100000000000001,79894.26,1.0,1.0,359000.0,359000.0,79894.0,4.49,4.49,2026-05-01,2026-05-31,monthly,31,False,649.54,359000.0,2577.23,0.032,alpine,627ae84b4fb5207a0875726ad5170041,INKANO_Monthly_Ads_-_SHOPEE.csv
InKano Cirrus - Dress wanita sleeveless midi dress wanita dengan details rok balloon,Dijeda,Iklan Produk,25390328930,GMV Max ROAS,Semua Penempatan,11/01/2025 00:00:00,122286.0,5205.0,0.0426,44.0,35.0,0.0085,0.0067,28097.32,44.0,35.0,11944100.0,9925000.0,1236282.0,9.66,8.03,2026-05-01,2026-05-31,monthly,31,False,237.52,271456.82,39880.06,1.419,cirrus,634f440b1b5f71f318f69b913ecd84bf,INKANO_Monthly_Ads_-_SHOPEE.csv
"InKano Sparrow - Sleeveless maxi dress dengan texture plisket berfuring warna putih gading, abu muda, pink, coklat [4]",Dijeda,Iklan Produk,8150225187,GMV Max ROAS,Semua Penempatan,10/07/2024 00:00:00,97037.0,3483.0,0.0359,49.0,45.0,0.0141,0.0129,24745.23,50.0,46.0,11324500.0,10458000.0,1212516.0,9.34,8.63,2026-05-01,2026-05-31,monthly,31,False,348.12,226490.0,39113.42,1.613,sparrow,aad4c46c442c5daccbed3e5e26802ab4,INKANO_Monthly_Ads_-_SHOPEE.csv
InKano Kaeli - Dress wanita katun sleeveless dengan details stitching,Dijeda,Iklan Produk,50859129020,GMV Max ROAS,Semua Penempatan,20/04/2026 00:00:00,88150.0,3057.0,0.0347,38.0,29.0,0.0124,0.0095,35134.04,40.0,29.0,11610700.0,8941000.0,1335094.0,8.7,6.7,2026-05-01,2026-05-31,monthly,31,False,436.73,290267.5,43067.55,1.29,kaeli,09202db503ae2bd81d1922c37307680f,INKANO_Monthly_Ads_-_SHOPEE.csv
InKano Nash - Sleeveless atasan blouse wanita dengan neckline tinggi dan tekstur kain,Dijeda,Iklan Produk,40157398753,GMV Max ROAS,Semua Penempatan,07/07/2025 00:00:00,85640.0,3178.0,0.0371,70.0,54.0,0.022000000000000002,0.017,15723.35,72.0,56.0,10762500.0,7428700.0,1100634.0,9.78,6.75,2026-05-01,2026-05-31,monthly,31,False,346.33,149479.17,35504.32,2.323,nash,b60fa9f3f7ba43af6fdc116c5a368fd8,INKANO_Monthly_Ads_-_SHOPEE.csv
InKano Gale - Rok satin wanita warna bw creme dan hitam,Dijeda,Iklan Produk,28364865828,GMV Max ROAS,Semua Penempatan,24/10/2024 00:00:00,60934.0,3003.0,0.0493,36.0,18.0,0.012,0.006,20157.93,37.0,19.0,6177400.0,2612600.0,725686.0,8.51,3.6,2026-05-01,2026-05-31,monthly,31,False,241.65,166956.76,23409.23,1.194,gale,2484230e30d276e74cbc16f7ed5699b1,INKANO_Monthly_Ads_-_SHOPEE.csv
InKano Arin - Rok midi Wanita dengan bahan kain soft flannel kotak,Dijeda,Iklan Produk,47709151141,GMV Max ROAS,Semua Penempatan,20/04/2026 00:00:00,60686.0,2159.0,0.0356,16.0,12.0,0.0074,0.005600000000000001,36976.15,16.0,12.0,4468200.0,3408000.0,591618.0,7.55,5.76,2026-05-01,2026-05-31,monthly,31,False,274.02,279262.5,19084.45,0.516,arin,66ee5f189472774ec584be7d3a3b47a8,INKANO_Monthly_Ads_-_SHOPEE.csv
InKano Solstice Dress - Dress maxi wanita dengan tali spaghetti strap,Dijeda,Iklan Produk,43350410595,GMV Max ROAS,Semua Penempatan,15/05/2025 00:00:00,38271.0,1505.0,0.0393,26.0,14.0,0.0173,0.009300000000000001,15702.74,26.0,14.0,5021100.0,2551500.0,408271.0,12.3,6.25,2026-05-01,2026-05-31,monthly,31,False,271.28,193119.23,13170.03,0.839,solstice,e332458cd4316eb9946360919ba26a79,INKANO_Monthly_Ads_-_SHOPEE.csv
"InKano Ravine - Sleveless dress wanita ironless crinkle fabric, midi inner dress wanita",Dijeda,Iklan Produk,25532425535,GMV Max ROAS,Semua Penempatan,24/06/2024 00:00:00,23741.0,658.0,0.0277,13.0,7.0,0.019799999999999998,0.0106,17770.85,13.0,7.0,2206800.0,1283000.0,231021.0,9.55,5.55,2026-05-01,2026-05-31,monthly,31,False,351.1,169753.85,7452.29,0.419,ravine,cb039d85dca22cc2e44eb40d8e43b5e8,INKANO_Monthly_Ads_-_SHOPEE.csv
InKano Kairi - Atasan Wanita sleeveless bahan kain soft flannel kotak,Dijeda,Iklan Produk,48959151353,GMV Max ROAS,Semua Penempatan,20/04/2026 00:00:00,18602.0,940.0,0.050499999999999996,22.0,16.0,0.023399999999999997,0.017,18119.19,23.0,16.0,4857300.0,3244000.0,398622.0,12.19,8.14,2026-05-01,2026-05-31,monthly,31,False,424.07,211186.96,12858.77,0.742,kairi,51777dda42045baafd96b46b65afb1f7,INKANO_Monthly_Ads_-_SHOPEE.csv
InKano Surrey - Rok midi wanita pleated bahan katun [5],Dijeda,Iklan Produk,11800739620,GMV Max ROAS,Semua Penempatan,08/06/2024 00:00:00,10138.0,377.0,0.037200000000000004,0.0,0.0,0.0,0.0,0.0,0.0,0.0,0.0,0.0,49195.0,0.0,0.0,2026-05-01,2026-05-31,monthly,31,False,130.49,,1586.94,,surrey,4fa1a0761d3b89c437633e89bbe071c8,INKANO_Monthly_Ads_-_SHOPEE.csv
InKano Pollen - Celana wanita kantor dengan potongan lurus dan bahan premium,Dijeda,Iklan Produk,53653314955,GMV Max ROAS,Semua Penempatan,29/12/2025 00:00:00,9058.0,237.0,0.0262,10.0,4.0,0.042199999999999994,0.0169,15908.16,10.0,4.0,2000300.0,1009100.0,159082.0,12.57,6.34,2026-05-01,2026-05-31,monthly,31,False,671.23,200030.0,5131.68,0.323,pollen,523c7d27dce1093d9265c1e62d40ff93,INKANO_Monthly_Ads_-_SHOPEE.csv
Inkano Linden - Celana wanita relaxed celana bahan wanita untuk kantor dan casual,Dijeda,Iklan Produk,29112632697,GMV Max ROAS,Semua Penempatan,02/10/2024 00:00:00,5.0,0.0,0.0,0.0,0.0,0.0,0.0,0.0,0.0,0.0,0.0,0.0,0.0,0.0,0.0,2026-05-01,2026-05-31,monthly,31,False,,,,,linden,1c2675a684a55b3b4c861ca4a19aef6b,INKANO_Monthly_Ads_-_SHOPEE.csv
InKano Eiro - Rok wanita dengan pinggang karet dan details plisket crinkled fabric,Dijeda,Iklan Produk,29389584649,GMV Max ROAS,Semua Penempatan,08/08/2025 00:00:00,4.0,0.0,0.0,0.0,0.0,0.0,0.0,0.0,0.0,0.0,0.0,0.0,0.0,0.0,0.0,2026-05-01,2026-05-31,monthly,31,False,,,,,eiro,4d2af9ad8b36d433392dc7ca08995cbe,INKANO_Monthly_Ads_-_SHOPEE.csv
InKano Thyme Clove - Atasan rajut wanita dengan floral details untuk layering,Dijeda,Iklan Produk,25339467342,GMV Max ROAS,Semua Penempatan,16/12/2024 00:00:00,2.0,0.0,0.0,0.0,0.0,0.0,0.0,0.0,0.0,0.0,0.0,0.0,0.0,0.0,0.0,2026-05-01,2026-05-31,monthly,31,False,,,,,thyme,1ad5364e6ee4af88f1a01b859fbe9889,INKANO_Monthly_Ads_-_SHOPEE.csv
Shop GMV Max,Berjalan,,0,GMV Max Auto Bidding (Shop),Semua Penempatan,05/11/2025 00:00:00,2351946.0,122387.0,0.052000000000000005,972.0,739.0,0.0079,0.006,21751.91,1035.0,796.0,208751350.0,156890100.0,21142860.0,9.87,7.42,2026-06-01,2026-06-30,monthly,30,True,172.75,201692.13,704762.0,34.5,shop,f932c30bfc50dbb91090c25968af598c,INKANO_Monthly_Ads_-_SHOPEE.csv
InKano Cassia - Outer knit wanita lengan panjang dengan scallop hemming outerwear rajut wanita,Berjalan,Iklan Produk,40556691928,GMV Max ROAS,Semua Penempatan,30/06/2025 00:00:00,317324.0,14713.0,0.0464,190.0,170.0,0.0129,0.0116,34536.37,195.0,175.0,65725000.0,60785000.0,6561910.0,10.02,9.26,2026-06-01,2026-06-30,monthly,30,False,445.99,337051.28,218730.33,6.5,cassia,4e8f0593b147dc7bc993bac2decd8d86,INKANO_Monthly_Ads_-_SHOPEE.csv
InKano Thames Outer - Outerwear wanita knit cardigan wanita dengan details dash dan kancing,Berjalan,Iklan Produk,29273185813,GMV Max ROAS,Semua Penempatan,11/01/2025 00:00:00,264987.0,10447.0,0.0394,129.0,118.0,0.0123,0.0113,44382.64,134.0,123.0,55015700.0,51537000.0,5725360.0,9.61,9.0,2026-06-01,2026-06-30,monthly,30,False,548.04,410564.93,190845.33,4.467,thames,3a5e11c29784649c9e7a59df521e66a2,INKANO_Monthly_Ads_-_SHOPEE.csv
InKano Thames Outer - Outerwear wanita knit cardigan wanita dengan details dash dan kancing [4],Berjalan,Iklan Produk,22787969197,GMV Max ROAS,Semua Penempatan,17/06/2024 00:00:00,260654.0,10382.0,0.0398,122.0,107.0,0.0118,0.0103,46156.05,126.0,110.0,51010200.0,46090000.0,5631039.0,9.06,8.18,2026-06-01,2026-06-30,monthly,30,False,542.38,404842.86,187701.3,4.2,thames,8daddc584c0d1119ed779c8e8aeb7db6,INKANO_Monthly_Ads_-_SHOPEE.csv
InKano Plume Sol - Sleeveless dress wanita dengan details texture fabric and tier silouette,Berjalan,Iklan Produk,28074783892,GMV Max ROAS,Semua Penempatan,30/01/2025 00:00:00,242726.0,16766.0,0.0691,156.0,144.0,0.009300000000000001,0.0086,24926.35,157.0,144.0,37477800.0,33436900.0,3888511.0,9.64,8.6,2026-06-01,2026-06-30,monthly,30,False,231.93,238712.1,129617.03,5.233,plume,1620ddbc48d4f4aa23c5760c7ea0170e,INKANO_Monthly_Ads_-_SHOPEE.csv
InKano Neva Tee - Kaos wanita 100% cotton crewneck tee dengan contrastic fabric,Berjalan,Iklan Produk,42817883477,GMV Max ROAS,Semua Penempatan,10/09/2025 00:00:00,237265.0,11541.0,0.048600000000000004,185.0,161.0,0.016,0.013999999999999999,13137.0,197.0,172.0,23146900.0,19546800.0,2430346.0,9.52,8.04,2026-06-01,2026-06-30,monthly,30,False,210.58,117496.95,81011.53,6.567,neva,2d0a6117090d76739a44d891fc16db78,INKANO_Monthly_Ads_-_SHOPEE.csv
InKano Cassia - Outer knit wanita lengan panjang dengan scallop hemming outerwear rajut wanita,Berjalan,Iklan Produk,27062867019,GMV Max ROAS,Semua Penempatan,04/11/2024 00:00:00,230426.0,9695.0,0.0421,146.0,123.0,0.0151,0.0127,33795.52,151.0,126.0,50289000.0,43914000.0,4934147.0,10.19,8.9,2026-06-01,2026-06-30,monthly,30,False,508.94,333039.74,164471.57,5.033,cassia,4fd08c098058398ee30244eec868fdb2,INKANO_Monthly_Ads_-_SHOPEE.csv
InKano Barrel Pants - Celana panjang wanita dengan cutting barrel dan bahan katun,Berjalan,Iklan Produk,27738375792,GMV Max ROAS,Semua Penempatan,07/07/2025 00:00:00,224015.0,11061.0,0.049400000000000006,180.0,164.0,0.0163,0.0148,24737.31,183.0,167.0,49543500.0,46783000.0,4452715.0,11.13,10.51,2026-06-01,2026-06-30,monthly,30,False,402.56,270729.51,148423.83,6.1,barrel,a81b189cf21179e3d0646a19c706807b,INKANO_Monthly_Ads_-_SHOPEE.csv
InKano Fressia - Sleeveless atasan wanita dengan details applikasi floral.,Berjalan,Iklan Produk,26778177709,GMV Max ROAS,Semua Penempatan,04/03/2025 00:00:00,206661.0,9617.0,0.04650000000000001,88.0,76.0,0.0092,0.0079,26450.67,90.0,76.0,20301600.0,17335300.0,2327659.0,8.72,7.45,2026-06-01,2026-06-30,monthly,30,False,242.04,225573.33,77588.63,3.0,fressia,ca225e56b3b11f22c00ff4337eff382c,INKANO_Monthly_Ads_-_SHOPEE.csv
InKano Haze - Atasan rajut basic wanita dengan bahan full katun inner basic wanita lengan panjang,Berjalan,Iklan Produk,26214700605,GMV Max ROAS,Semua Penempatan,22/10/2024 00:00:00,198694.0,9655.0,0.048600000000000004,86.0,75.0,0.0089,0.0078000000000000005,30229.34,95.0,84.0,23195000.0,20496000.0,2599723.0,8.92,7.88,2026-06-01,2026-06-30,monthly,30,False,269.26,244157.89,86657.43,3.167,haze,a65bf0216408bc165c6d76ebe1dfa1bc,INKANO_Monthly_Ads_-_SHOPEE.csv
InKano Spire Dress - Sleeveless dress korea wanita katun warna coklat dan hitam black [7],Berjalan,Iklan Produk,19970359270,GMV Max ROAS,Semua Penempatan,26/10/2024 00:00:00,174728.0,8079.0,0.0462,67.0,58.0,0.0083,0.0072,34492.42,67.0,58.0,21328500.0,18792400.0,2310992.0,9.23,8.13,2026-06-01,2026-06-30,monthly,30,False,286.05,318335.82,77033.07,2.233,spire,6fc6b1a9cb6c1f7ac1dd673f29af0458,INKANO_Monthly_Ads_-_SHOPEE.csv
InKano Tharra - Atasan sleeveless wanita katun dengan details bordir bunga,Berjalan,Iklan Produk,42817778717,GMV Max ROAS,Semua Penempatan,09/09/2025 00:00:00,173728.0,9730.0,0.055999999999999994,80.0,72.0,0.008199999999999999,0.0074,24268.6,80.0,72.0,16930000.0,14668000.0,1941488.0,8.72,7.56,2026-06-01,2026-06-30,monthly,30,False,199.54,211625.0,64716.27,2.667,tharra,82128632c4e557f7209c8bc870c80bd7,INKANO_Monthly_Ads_-_SHOPEE.csv
"InKano Waves - Midi dress bahan katun warna Putih (berfuring), Beige, Biru tua, Coklat tua, Hitam [7]",Berjalan,Iklan Produk,6137355964,GMV Max ROAS,Semua Penempatan,08/06/2024 00:00:00,170550.0,7779.0,0.045599999999999995,115.0,109.0,0.0148,0.013999999999999999,22681.87,123.0,117.0,24306000.0,23105700.0,2608416.0,9.32,8.86,2026-06-01,2026-06-30,monthly,30,False,335.32,197609.76,86947.2,4.1,waves,b4e5aec2715d012ff82d0e83db47ccd2,INKANO_Monthly_Ads_-_SHOPEE.csv
InKano Spire Dress Maxi - Sleeveless dress korea wanita katun warna coklat dan hitam black,Berjalan,Iklan Produk,27923231189,GMV Max ROAS,Semua Penempatan,11/01/2025 00:00:00,170053.0,7922.0,0.0466,94.0,83.0,0.011899999999999999,0.0105,31922.75,96.0,83.0,29862500.0,26602800.0,3000739.0,9.95,8.87,2026-06-01,2026-06-30,monthly,30,False,378.79,311067.71,100024.63,3.2,spire,d1de35740b6e34a5bd6223e2fafa5142,INKANO_Monthly_Ads_-_SHOPEE.csv
InKano Spire Dress - Sleeveless dress korea wanita katun warna coklat dan hitam black,Berjalan,Iklan Produk,49450872502,GMV Max ROAS,Semua Penempatan,05/11/2025 00:00:00,161778.0,9048.0,0.0559,127.0,107.0,0.013999999999999999,0.0118,30165.1,127.0,107.0,39767900.0,34917600.0,3830968.0,10.38,9.11,2026-06-01,2026-06-30,monthly,30,False,423.4,313133.07,127698.93,4.233,spire,b66bfe0c55908d6a70b6fe203ff393ce,INKANO_Monthly_Ads_-_SHOPEE.csv
InKano Basic Tee - Kaos wanita full katun atasan wanita basic lengan pendek,Berjalan,Iklan Produk,26514706880,GMV Max ROAS,Semua Penempatan,22/10/2024 00:00:00,158579.0,5616.0,0.0354,180.0,161.0,0.0321,0.0287,13005.73,216.0,196.0,23261400.0,19404300.0,2341032.0,9.94,8.29,2026-06-01,2026-06-30,monthly,30,False,416.85,107691.67,78034.4,7.2,kaos,ca4e718172c559fec15efdb0138b926c,INKANO_Monthly_Ads_-_SHOPEE.csv
InKano Cascade - Everyday sleeveless top wanita atasan wanita sleevelss bahan parasut,Berjalan,Iklan Produk,29802573288,GMV Max ROAS,Semua Penempatan,13/06/2024 00:00:00,158249.0,7932.0,0.0501,117.0,100.0,0.0148,0.0126,14282.78,122.0,105.0,18817900.0,15540700.0,1671085.0,11.26,9.3,2026-06-01,2026-06-30,monthly,30,False,210.68,154245.08,55702.83,4.067,cascade,ff1775ee7de156765adb15b91c2c639c,INKANO_Monthly_Ads_-_SHOPEE.csv
InKano Celite - Kemeja crop wanita dengan bahan checkered kotak mini gingham,Berjalan,Iklan Produk,47561071537,GMV Max ROAS,Semua Penempatan,25/05/2026 00:00:00,155486.0,7079.0,0.0455,111.0,104.0,0.015700000000000002,0.0147,21931.19,113.0,106.0,21772200.0,20429000.0,2434362.0,8.94,8.39,2026-06-01,2026-06-30,monthly,30,False,343.89,192674.34,81145.4,3.767,celite,fcbd0c3bfbd92e1325613d3c2234e781,INKANO_Monthly_Ads_-_SHOPEE.csv
InKano Denim Barrel Pants - Celana panjang wanita dengan cutting barrel dan bahan denim,Berjalan,Iklan Produk,49503822443,GMV Max ROAS,Semua Penempatan,29/12/2025 00:00:00,149153.0,6658.0,0.0446,61.0,55.0,0.0092,0.0083,42461.5,62.0,56.0,21257600.0,19963600.0,2590152.0,8.21,7.71,2026-06-01,2026-06-30,monthly,30,False,389.03,342864.52,86338.4,2.067,denim,10495d4b9aeb56a2864deb29852e9fce,INKANO_Monthly_Ads_-_SHOPEE.csv
"InKano Seville - Sleeveless midi dress wanita bahan katun warna beige coklat muda, navy blue, pearl ivory, peanut coklat tua [6]",Berjalan,Iklan Produk,5418636273,GMV Max ROAS,Semua Penempatan,08/06/2024 00:00:00,148563.0,6267.0,0.042199999999999994,72.0,62.0,0.0115,0.009899999999999999,19404.08,74.0,63.0,13121200.0,11247600.0,1397094.0,9.39,8.05,2026-06-01,2026-06-30,monthly,30,False,222.93,177313.51,46569.8,2.467,seville,ef392da35110f0b50ff6d49b3c1fe56b,INKANO_Monthly_Ads_-_SHOPEE.csv
InKano Nile - Cardigan rajut wanita dengan details floral pattern,Berjalan,Iklan Produk,42867887324,GMV Max ROAS,Semua Penempatan,09/09/2025 00:00:00,145694.0,9471.0,0.065,40.0,38.0,0.0042,0.004,54008.98,42.0,40.0,15388000.0,14760000.0,2160359.0,7.12,6.83,2026-06-01,2026-06-30,monthly,30,False,228.1,366380.95,72011.97,1.4,nile,7ec0126cd3d8f31cc580f863d3649554,INKANO_Monthly_Ads_-_SHOPEE.csv
InKano Lyn - Atasan wanita tanpa lengan sleveless top wanita dengan bahan ironless dan flowy dan details drape di pundak,Berjalan,Iklan Produk,28753233081,GMV Max ROAS,Semua Penempatan,24/06/2024 00:00:00,139895.0,5778.0,0.041299999999999996,57.0,53.0,0.009899999999999999,0.0092,18648.73,59.0,55.0,9984600.0,9193600.0,1062978.0,9.39,8.65,2026-06-01,2026-06-30,monthly,30,False,183.97,169230.51,35432.6,1.967,lyn,725719511ea6bfa9dde6d7b624939cdd,INKANO_Monthly_Ads_-_SHOPEE.csv
InKano Cassia - Outer knit wanita lengan panjang dengan scallop hemming outerwear rajut wanita,Berjalan,Iklan Produk,49560623251,GMV Max ROAS,Semua Penempatan,16/05/2026 00:00:00,139435.0,5496.0,0.0394,55.0,54.0,0.01,0.0098,34308.39,56.0,55.0,19284000.0,19025000.0,1886961.0,10.22,10.08,2026-06-01,2026-06-30,monthly,30,False,343.33,344357.14,62898.7,1.867,cassia,4462c581c570845ebae91383066c6890,INKANO_Monthly_Ads_-_SHOPEE.csv
InKano Echo - Celana pendek parasut wanita full pinggang karet,Berjalan,Iklan Produk,27703225497,GMV Max ROAS,Semua Penempatan,24/06/2024 00:00:00,134589.0,5596.0,0.0416,82.0,76.0,0.0147,0.013600000000000001,21527.47,85.0,79.0,14286500.0,13317200.0,1765253.0,8.09,7.54,2026-06-01,2026-06-30,monthly,30,False,315.45,168076.47,58841.77,2.833,echo,2bd2c07868eb15f220741a9982541aeb,INKANO_Monthly_Ads_-_SHOPEE.csv
InKano Tava - Kaos 100% cotton long sleeve and high neck,Berjalan,Iklan Produk,53952628803,GMV Max ROAS,Semua Penempatan,29/12/2025 00:00:00,131806.0,5727.0,0.0435,128.0,115.0,0.022400000000000003,0.020099999999999996,20193.77,141.0,128.0,23901400.0,21564400.0,2584803.0,9.25,8.34,2026-06-01,2026-06-30,monthly,30,False,451.34,169513.48,86160.1,4.7,tava,d4d452e833e5d332ffdb0c1d1c3d816b,INKANO_Monthly_Ads_-_SHOPEE.csv
InKano Basic Tee - Kaos wanita full katun atasan wanita basic lengan pendek,Berjalan,Iklan Produk,26124817232,GMV Max ROAS,Semua Penempatan,12/04/2025 00:00:00,127826.0,4533.0,0.0355,103.0,93.0,0.0227,0.020499999999999997,12824.81,123.0,111.0,12881200.0,11079000.0,1320956.0,9.75,8.39,2026-06-01,2026-06-30,monthly,30,False,291.41,104725.2,44031.87,4.1,kaos,74406bae1d4df84e7920a4527fdeb5d3,INKANO_Monthly_Ads_-_SHOPEE.csv
InKano Plume Sol - Sleeveless dress wanita dengan details texture fabric and tier silouette,Berjalan,Iklan Produk,54710946457,GMV Max ROAS,Semua Penempatan,22/05/2026 00:00:00,127132.0,7683.0,0.0604,66.0,44.0,0.0086,0.005699999999999999,27980.2,67.0,44.0,17110100.0,10906000.0,1846693.0,9.27,5.91,2026-06-01,2026-06-30,monthly,30,False,240.36,255374.63,61556.43,2.233,plume,b94459ae43a14ae9789a535a82a66978,INKANO_Monthly_Ads_-_SHOPEE.csv
"InKano Bree - Sleeveless midi dress rayon warna putih, coklat beige, hijau olive, hijau sage, hitam [4]",Berjalan,Iklan Produk,8012587266,GMV Max ROAS,Semua Penempatan,26/10/2024 00:00:00,125436.0,5959.0,0.0475,77.0,69.0,0.0129,0.0116,31112.31,78.0,70.0,21481600.0,19021300.0,2395648.0,8.97,7.94,2026-06-01,2026-06-30,monthly,30,False,402.02,275405.13,79854.93,2.6,bree,7aa7acfd6802166180cadabea3be0b45,INKANO_Monthly_Ads_-_SHOPEE.csv
InKano Rilys - Rok wanita rayon premium dengan details tier dan pinggang elastic,Berjalan,Iklan Produk,28738367414,GMV Max ROAS,Semua Penempatan,07/07/2025 00:00:00,124773.0,5871.0,0.0471,98.0,88.0,0.0167,0.015,23341.68,103.0,91.0,23326400.0,20368400.0,2287485.0,10.2,8.9,2026-06-01,2026-06-30,monthly,30,False,389.62,226469.9,76249.5,3.433,rilys,400a6b6e4d000e63f613a7d7b84027ca,INKANO_Monthly_Ads_-_SHOPEE.csv
InKano Flow - Kemeja sleeveless wanita dengan bahan polyester linen dan relaxed fit,Berjalan,Iklan Produk,29362642841,GMV Max ROAS,Semua Penempatan,02/10/2024 00:00:00,121105.0,4566.0,0.0377,100.0,97.0,0.0219,0.0212,18595.38,106.0,101.0,15872400.0,15037400.0,1859538.0,8.54,8.09,2026-06-01,2026-06-30,monthly,30,False,407.26,149739.62,61984.6,3.533,flow,e6994ec0c53a10d036d4d3970ae9ff0b,INKANO_Monthly_Ads_-_SHOPEE.csv
InKano Rene Cardigan - Everyday cardigan wanita outerwear wanita knit cardigan cotton viscose [4],Berjalan,Iklan Produk,24571129042,GMV Max ROAS,Semua Penempatan,11/06/2024 00:00:00,118722.0,6175.0,0.052000000000000005,98.0,93.0,0.0159,0.0151,35377.64,101.0,96.0,35267800.0,33652800.0,3467008.0,10.17,9.71,2026-06-01,2026-06-30,monthly,30,False,561.46,349186.14,115566.93,3.367,rene,85770118221a2f933622d0486d9d7940,INKANO_Monthly_Ads_-_SHOPEE.csv
InKano Brisa - Outerwear rajut wanita knitwear cardigan dengan details unfinished,Berjalan,Iklan Produk,43061856720,GMV Max ROAS,Semua Penempatan,08/08/2025 00:00:00,115566.0,5091.0,0.0441,101.0,92.0,0.019799999999999998,0.0181,44185.77,101.0,92.0,41626500.0,38548000.0,4462762.0,9.33,8.64,2026-06-01,2026-06-30,monthly,30,False,876.6,412143.56,148758.73,3.367,brisa,e01ef0341f0f1632a1f7552aa6083bbb,INKANO_Monthly_Ads_-_SHOPEE.csv
"InKano Organic Tee - Organic cotton tee, 100% cotton tee from organic farm certified.",Berjalan,Iklan Produk,55110599352,GMV Max ROAS,Semua Penempatan,16/05/2026 00:00:00,113089.0,4087.0,0.0361,92.0,82.0,0.0225,0.020099999999999996,23115.57,105.0,94.0,18449200.0,16826000.0,2126632.0,8.68,7.91,2026-06-01,2026-06-30,monthly,30,False,520.34,175706.67,70887.73,3.5,organic,540cb71434cadc4c3428018223839158,INKANO_Monthly_Ads_-_SHOPEE.csv
InKano Aera - Atasan Wanita dengan bahan rayon spandex dan details asymmetric draping,Berjalan,Iklan Produk,49950037935,GMV Max ROAS,Semua Penempatan,05/11/2025 00:00:00,113084.0,5307.0,0.046900000000000004,83.0,75.0,0.015600000000000001,0.0141,19256.6,85.0,76.0,15292300.0,13098200.0,1598298.0,9.57,8.2,2026-06-01,2026-06-30,monthly,30,False,301.17,179909.41,53276.6,2.833,aera,d9e1fa4cc79a264a53cf2d17f0d12ee8,INKANO_Monthly_Ads_-_SHOPEE.csv
InKano Spire Dress - Sleeveless dress korea wanita katun warna coklat dan hitam black,Berjalan,Iklan Produk,29640723036,GMV Max ROAS,Semua Penempatan,30/08/2025 00:00:00,110300.0,5158.0,0.046799999999999994,77.0,60.0,0.0149,0.0116,32239.3,77.0,60.0,25355400.0,19622300.0,2482426.0,10.21,7.9,2026-06-01,2026-06-30,monthly,30,False,481.28,329290.91,82747.53,2.567,spire,dc99c667e15fe76e3a1f770a607387f6,INKANO_Monthly_Ads_-_SHOPEE.csv
"InKano Pane Jacket - jaket wanita tipis dengan serat kain bertekstur, kancing depan, dan kantong [4]",Berjalan,Iklan Produk,25450648574,GMV Max ROAS,Semua Penempatan,17/06/2024 00:00:00,109952.0,6661.0,0.060599999999999994,66.0,63.0,0.009899999999999999,0.0095,23516.78,66.0,63.0,13975000.0,13268000.0,1552108.0,9.0,8.55,2026-06-01,2026-06-30,monthly,30,False,233.01,211742.42,51736.93,2.2,pane,57a74b95ad47db572345b0a24456e842,INKANO_Monthly_Ads_-_SHOPEE.csv
"InKano Organic Tee - Organic cotton tee, 100% cotton tee from organic farm certified.",Berjalan,Iklan Produk,27343670002,GMV Max ROAS,Semua Penempatan,26/11/2025 00:00:00,109513.0,4364.0,0.0398,98.0,83.0,0.0225,0.019,22262.0,115.0,96.0,20391300.0,17130300.0,2181676.0,9.35,7.85,2026-06-01,2026-06-30,monthly,30,False,499.93,177315.65,72722.53,3.833,organic,8a18a84562e52aebfd1c84d36803235f,INKANO_Monthly_Ads_-_SHOPEE.csv
InKano Haze - Atasan rajut basic wanita dengan bahan full katun inner basic wanita lengan panjang,Berjalan,Iklan Produk,42370553268,GMV Max ROAS,Semua Penempatan,22/09/2025 00:00:00,107727.0,4665.0,0.0433,74.0,65.0,0.0159,0.0139,26869.59,79.0,69.0,19371000.0,16791000.0,1988350.0,9.74,8.44,2026-06-01,2026-06-30,monthly,30,False,426.23,245202.53,66278.33,2.633,haze,c27a2618d20365af6817e37f891175f6,INKANO_Monthly_Ads_-_SHOPEE.csv
InKano Plume Sol - Sleeveless dress wanita dengan details texture fabric and tier silouette,Berjalan,Iklan Produk,55550137369,GMV Max ROAS,Semua Penempatan,25/10/2025 00:00:00,101892.0,6209.0,0.060899999999999996,65.0,59.0,0.0105,0.0095,28695.55,67.0,59.0,16283200.0,14711000.0,1865210.0,8.73,7.89,2026-06-01,2026-06-30,monthly,30,False,300.4,243032.84,62173.67,2.233,plume,fd7f521e6863a36225969070848c0664,INKANO_Monthly_Ads_-_SHOPEE.csv
InKano Elmore - Basic cardigan wanita rajut full kancing dengan bahan viscose yang lembut dan halus,Berjalan,Iklan Produk,48910911471,GMV Max ROAS,Semua Penempatan,21/05/2026 00:00:00,99155.0,6141.0,0.061900000000000004,54.0,44.0,0.0088,0.0072,28962.39,56.0,46.0,16106500.0,13414000.0,1563969.0,10.3,8.58,2026-06-01,2026-06-30,monthly,30,False,254.68,287616.07,52132.3,1.867,elmore,82ac9f0b309917ff7a61a6a8ad0978cd,INKANO_Monthly_Ads_-_SHOPEE.csv
InKano Kiyo - Atasan wanita sleeveless dari bahan cotton organic,Berjalan,Iklan Produk,54810960149,GMV Max ROAS,Semua Penempatan,25/05/2026 00:00:00,97460.0,4396.0,0.0451,91.0,71.0,0.0207,0.016200000000000003,20897.16,91.0,71.0,18236600.0,14289000.0,1901641.0,9.59,7.51,2026-06-01,2026-06-30,monthly,30,False,432.58,200402.2,63388.03,3.033,kiyo,50fad4dc25572d860ef5b27363aa6932,INKANO_Monthly_Ads_-_SHOPEE.csv
InKano Elmore - Basic cardigan wanita rajut full kancing dengan bahan viscose yang lembut dan halus,Berjalan,Iklan Produk,48459766206,GMV Max ROAS,Semua Penempatan,30/04/2026 00:00:00,96321.0,4182.0,0.0434,29.0,25.0,0.0069,0.006,40120.53,30.0,26.0,9360000.0,8374000.0,1163495.0,8.04,7.2,2026-06-01,2026-06-30,monthly,30,False,278.21,312000.0,38783.17,1.0,elmore,a11f53dbee4aefc8b8f6ef80a58fe6ce,INKANO_Monthly_Ads_-_SHOPEE.csv
InKano Briette - Crop top wanita crop top outerwear wanita dengan details tali ikat [4],Berjalan,Iklan Produk,25575584031,GMV Max ROAS,Semua Penempatan,08/06/2024 00:00:00,96108.0,5050.0,0.0525,43.0,37.0,0.0085,0.0073,21452.61,45.0,39.0,8350300.0,7081000.0,922462.0,9.05,7.68,2026-06-01,2026-06-30,monthly,30,False,182.67,185562.22,30748.73,1.5,briette,8bed51079192b80305b88af0f574f437,INKANO_Monthly_Ads_-_SHOPEE.csv
InKano Elmore - Basic cardigan wanita rajut full kancing dengan bahan viscose yang lembut dan halus,Berjalan,Iklan Produk,24046286517,GMV Max ROAS,Semua Penempatan,08/08/2025 00:00:00,95295.0,5433.0,0.057,56.0,42.0,0.0103,0.0077,29144.93,57.0,43.0,16593000.0,13007000.0,1632116.0,10.17,7.97,2026-06-01,2026-06-30,monthly,30,False,300.41,291105.26,54403.87,1.9,elmore,67ec5163e6905b2b4a52fd6fc4bb885d,INKANO_Monthly_Ads_-_SHOPEE.csv
InKano Virou - Atasan v-neck kaos dengan bahan cotton organic,Berjalan,Iklan Produk,44760990302,GMV Max ROAS,Semua Penempatan,25/05/2026 00:00:00,88633.0,3474.0,0.0392,55.0,50.0,0.0158,0.0144,24438.27,59.0,54.0,11511000.0,10616000.0,1344105.0,8.56,7.9,2026-06-01,2026-06-30,monthly,30,False,386.9,195101.69,44803.5,1.967,virou,59924d08dc4e30047e6b8929c2e458ad,INKANO_Monthly_Ads_-_SHOPEE.csv
InKano Fressia - Sleeveless atasan wanita dengan details applikasi floral.,Berjalan,Iklan Produk,54450142578,GMV Max ROAS,Semua Penempatan,27/10/2025 00:00:00,88533.0,3901.0,0.0441,71.0,64.0,0.0182,0.016399999999999998,20850.42,71.0,64.0,15914500.0,14541500.0,1480379.0,10.75,9.82,2026-06-01,2026-06-30,monthly,30,False,379.49,224147.89,49345.97,2.367,fressia,138e0696b7ad5c541d5420882c606c56,INKANO_Monthly_Ads_-_SHOPEE.csv
InKano Marri Longsleeves - Cropped top knitted top with embossed pattern in long sleeves. [6],Berjalan,Iklan Produk,24369177837,GMV Max ROAS,Semua Penempatan,17/06/2024 00:00:00,86349.0,4457.0,0.0516,44.0,33.0,0.009899999999999999,0.0074,32381.69,44.0,33.0,13662600.0,10617000.0,1424794.0,9.59,7.45,2026-06-01,2026-06-30,monthly,30,False,319.68,310513.64,47493.13,1.467,marri,4b74e51f9d445be29f4d9f39c41acad0,INKANO_Monthly_Ads_-_SHOPEE.csv
InKano Hawthorn - Atasan rajut knitwear wanita dengan details zipper dan tekstur,Berjalan,Iklan Produk,43807397639,GMV Max ROAS,Semua Penempatan,07/07/2025 00:00:00,83423.0,4491.0,0.0538,49.0,36.0,0.0109,0.008,38129.7,51.0,38.0,18554000.0,15162000.0,1868355.0,9.93,8.12,2026-06-01,2026-06-30,monthly,30,False,416.02,363803.92,62278.5,1.7,hawthorn,2a7df797808c0189742d92040a9ac872,INKANO_Monthly_Ads_-_SHOPEE.csv
InKano Stripes Union - Oversized stripes cotton knit top with long sleeve bahan katun korean style [5],Berjalan,Iklan Produk,18680549695,GMV Max ROAS,Semua Penempatan,08/06/2024 00:00:00,82501.0,3744.0,0.0454,46.0,39.0,0.0123,0.0104,36825.79,51.0,43.0,15064100.0,12857000.0,1693986.0,8.89,7.59,2026-06-01,2026-06-30,monthly,30,False,452.45,295374.51,56466.2,1.7,stripes,2c96cbb00e532e558b04263ef5bcb3be,INKANO_Monthly_Ads_-_SHOPEE.csv
InKano Tharra - Atasan sleeveless wanita katun dengan details bordir bunga,Berjalan,Iklan Produk,52960939438,GMV Max ROAS,Semua Penempatan,22/05/2026 00:00:00,82296.0,4763.0,0.0579,45.0,37.0,0.009399999999999999,0.0078000000000000005,23176.13,45.0,37.0,9706400.0,7492200.0,1042926.0,9.31,7.18,2026-06-01,2026-06-30,monthly,30,False,218.96,215697.78,34764.2,1.5,tharra,65e87fe4abbb0507abc5518bb3235c9f,INKANO_Monthly_Ads_-_SHOPEE.csv
"InKano Paige - Kemeja rayon wanita full kancing warna putih, coklat muda, hitam, olive, hijau sage, biru tua, biru muda [4]",Berjalan,Iklan Produk,4216455466,GMV Max ROAS,Semua Penempatan,08/06/2024 00:00:00,81172.0,3734.0,0.046,30.0,26.0,0.008,0.006999999999999999,26364.9,33.0,29.0,5751600.0,4515600.0,790947.0,7.27,5.71,2026-06-01,2026-06-30,monthly,30,False,211.82,174290.91,26364.9,1.1,paige,ebfbef2d98d00bd4fb7522ca95327878,INKANO_Monthly_Ads_-_SHOPEE.csv
InKano Sedge - Dress midi sleeveless dengan bahan checkered kotak mini gingham dan details tiered skirt,Berjalan,Iklan Produk,41381093913,GMV Max ROAS,Semua Penempatan,25/05/2026 00:00:00,80056.0,3815.0,0.04769999999999999,52.0,42.0,0.013600000000000001,0.011000000000000001,32608.83,52.0,42.0,16142400.0,13948000.0,1695659.0,9.52,8.23,2026-06-01,2026-06-30,monthly,30,False,444.47,310430.77,56521.97,1.733,sedge,5155681166422de1c77f8d06ca38155f,INKANO_Monthly_Ads_-_SHOPEE.csv
InKano Ann Cardie - Cadigan wanita katun outer rajut korean style [9],Berjalan,Iklan Produk,21486955097,GMV Max ROAS,Semua Penempatan,10/07/2024 00:00:00,79734.0,4197.0,0.0526,53.0,38.0,0.0126,0.0091,29200.01,56.0,39.0,15634300.0,11661000.0,1547601.0,10.1,7.53,2026-06-01,2026-06-30,monthly,30,False,368.74,279183.93,51586.7,1.867,ann,b892d400cfc97526bdc2879081964461,INKANO_Monthly_Ads_-_SHOPEE.csv
"InKano Basic Shirt - Kemeja basic rayon full kancing warna putih, hitam dan biru navy [4]",Berjalan,Iklan Produk,4654707139,GMV Max ROAS,Semua Penempatan,11/06/2024 00:00:00,75673.0,3410.0,0.0451,59.0,56.0,0.0173,0.016399999999999998,19974.71,65.0,62.0,11232500.0,10410400.0,1178508.0,9.53,8.83,2026-06-01,2026-06-30,monthly,30,False,345.6,172807.69,39283.6,2.167,shirt,c47e970d318d09309f4dc8e4370db59e,INKANO_Monthly_Ads_-_SHOPEE.csv
InKano Haze - Atasan rajut basic wanita dengan bahan full katun inner basic wanita lengan panjang,Berjalan,Iklan Produk,46760628376,GMV Max ROAS,Semua Penempatan,16/05/2026 00:00:00,74036.0,2785.0,0.037599999999999995,48.0,39.0,0.0172,0.013999999999999999,25984.64,51.0,41.0,12429100.0,9899000.0,1247263.0,9.97,7.94,2026-06-01,2026-06-30,monthly,30,False,447.85,243707.84,41575.43,1.7,haze,20bfceb7a0b23164bf975c901db75916,INKANO_Monthly_Ads_-_SHOPEE.csv
InKano Amary - Sleeveless dress wanita dengan details rok plisket,Berjalan,Iklan Produk,29075945430,GMV Max ROAS,Semua Penempatan,15/02/2025 00:00:00,73720.0,4244.0,0.0576,42.0,34.0,0.009899999999999999,0.008,42057.96,43.0,35.0,15688300.0,13855100.0,1766435.0,8.88,7.84,2026-06-01,2026-06-30,monthly,30,False,416.22,364844.19,58881.17,1.433,amary,6b12fdf3eb9564256455c84f4739ce74,INKANO_Monthly_Ads_-_SHOPEE.csv
InKano Thames Outer - Outerwear wanita knit cardigan wanita dengan details dash dan kancing,Berjalan,Iklan Produk,51250852825,GMV Max ROAS,Semua Penempatan,05/11/2025 00:00:00,71816.0,2929.0,0.0408,37.0,32.0,0.0126,0.0109,42302.71,37.0,32.0,14623000.0,13408000.0,1565200.0,9.34,8.57,2026-06-01,2026-06-30,monthly,30,False,534.38,395216.22,52173.33,1.233,thames,57346d4497df343496acbaa0fec4be6c,INKANO_Monthly_Ads_-_SHOPEE.csv
InKano Neva Tee - Kaos wanita 100% cotton crewneck tee dengan contrastic fabric,Berjalan,Iklan Produk,49509962188,GMV Max ROAS,Semua Penempatan,05/05/2026 00:00:00,70480.0,2182.0,0.031,61.0,55.0,0.027999999999999997,0.0252,14203.24,65.0,59.0,7905000.0,6751000.0,866398.0,9.12,7.79,2026-06-01,2026-06-30,monthly,30,False,397.07,121615.38,28879.93,2.167,neva,e41ffa1858dde92fb38a78bf512b7daa,INKANO_Monthly_Ads_-_SHOPEE.csv
InKano Vine - Kemeja wanita stripes bahan full katun,Berjalan,Iklan Produk,27774742340,GMV Max ROAS,Semua Penempatan,30/01/2025 00:00:00,67727.0,3459.0,0.051100000000000007,18.0,18.0,0.0052,0.0052,34462.44,19.0,19.0,4531000.0,4531000.0,620324.0,7.3,7.3,2026-06-01,2026-06-30,monthly,30,False,179.34,238473.68,20677.47,0.633,vine,b0aa503b07230a09d86b9f2aec9906b3,INKANO_Monthly_Ads_-_SHOPEE.csv
"InKano Cycle Jacket - See through jacket texturized fabric jaket wanita dengan hoodie warna beige, dusty pink, coklat [6]",Berjalan,Iklan Produk,22619901508,GMV Max ROAS,Semua Penempatan,11/06/2024 00:00:00,64962.0,3567.0,0.054900000000000004,33.0,31.0,0.009300000000000001,0.0087,25164.56,37.0,35.0,7623300.0,6905300.0,830431.0,9.18,8.32,2026-06-01,2026-06-30,monthly,30,False,232.81,206035.14,27681.03,1.233,cycle,23bd22141e8144c3ba4be69294ed38e9,INKANO_Monthly_Ads_-_SHOPEE.csv
InKano Neva Tee - Kaos wanita 100% cotton crewneck tee dengan contrastic fabric,Berjalan,Iklan Produk,54260608236,GMV Max ROAS,Semua Penempatan,16/05/2026 00:00:00,63019.0,1499.0,0.023799999999999998,51.0,41.0,0.034,0.0274,15384.29,59.0,48.0,7521000.0,5472000.0,784599.0,9.59,6.97,2026-06-01,2026-06-30,monthly,30,False,523.41,127474.58,26153.3,1.967,neva,5284234ad0297e63b511b1f78e33c62c,INKANO_Monthly_Ads_-_SHOPEE.csv
InKano Fressia - Sleeveless atasan wanita dengan details applikasi floral.,Berjalan,Iklan Produk,47560635690,GMV Max ROAS,Semua Penempatan,16/05/2026 00:00:00,61221.0,3782.0,0.061799999999999994,36.0,34.0,0.0095,0.009000000000000001,25936.88,36.0,34.0,8326200.0,7786000.0,933728.0,8.92,8.34,2026-06-01,2026-06-30,monthly,30,False,246.89,231283.33,31124.27,1.2,fressia,e9264ea42af55114b0001f84639554ae,INKANO_Monthly_Ads_-_SHOPEE.csv
"InKano Linen Dress - Sleeveless dress linen, midi dress wanita warna offwhite stripes dan navy [5]",Berjalan,Iklan Produk,23870069126,GMV Max ROAS,Semua Penempatan,21/04/2025 00:00:00,61020.0,4210.0,0.069,39.0,27.0,0.009300000000000001,0.0064,26534.63,40.0,27.0,11771600.0,8708400.0,1034851.0,11.38,8.42,2026-06-01,2026-06-30,monthly,30,False,245.81,294290.0,34495.03,1.333,linen,594faab022d3189176ef2133e3ff0de9,INKANO_Monthly_Ads_-_SHOPEE.csv
InKano Lunel - Rayon premium maxi dress with pleated details,Berjalan,Iklan Produk,47150051417,GMV Max ROAS,Semua Penempatan,05/11/2025 00:00:00,60748.0,4049.0,0.0667,21.0,16.0,0.0052,0.004,38712.23,21.0,16.0,5855300.0,4594000.0,812957.0,7.2,5.65,2026-06-01,2026-06-30,monthly,30,False,200.78,278823.81,27098.57,0.7,lunel,8c67098d41f93359fb08116651fd7950,INKANO_Monthly_Ads_-_SHOPEE.csv
InKano Thyme Clove - Atasan rajut wanita dengan floral details untuk layering,Berjalan,Iklan Produk,25339467342,GMV Max ROAS,Semua Penempatan,16/12/2024 00:00:00,60474.0,2764.0,0.045700000000000005,30.0,28.0,0.0109,0.0101,37272.95,35.0,33.0,12485000.0,11847000.0,1118189.0,11.17,10.59,2026-06-01,2026-06-30,monthly,30,False,404.55,356714.29,37272.97,1.167,thyme,0bf84da461caf6de65a1dad0c2cae570,INKANO_Monthly_Ads_-_SHOPEE.csv
InKano Harin - Atasan wanita katbol bahan 100% katun dengan floral embroidery,Berjalan,Iklan Produk,49456302667,GMV Max ROAS,Semua Penempatan,20/02/2026 00:00:00,58309.0,3110.0,0.0533,30.0,23.0,0.0096,0.0074,23426.08,31.0,23.0,6853500.0,5155100.0,702782.0,9.75,7.34,2026-06-01,2026-06-30,monthly,30,False,225.97,221080.65,23426.07,1.033,harin,56ebaf994c79227b912de0829dc0d6bd,INKANO_Monthly_Ads_-_SHOPEE.csv
InKano Malva - Atasan wanita 100% katun lengan panjang dengan details kancing,Berjalan,Iklan Produk,53956496400,GMV Max ROAS,Semua Penempatan,27/02/2026 00:00:00,57764.0,2511.0,0.0435,14.0,14.0,0.005600000000000001,0.005600000000000001,41804.35,15.0,15.0,3988100.0,3988100.0,585261.0,6.81,6.81,2026-06-01,2026-06-30,monthly,30,False,233.08,265873.33,19508.7,0.5,malva,f368780a920c7cca0a8b91ebb5b35a96,INKANO_Monthly_Ads_-_SHOPEE.csv
InKano Elara - Atasan sleeveless wanita dengan details drape di leher,Berjalan,Iklan Produk,45855361281,GMV Max ROAS,Semua Penempatan,28/01/2026 00:00:00,54213.0,2423.0,0.0447,28.0,25.0,0.0116,0.0103,19266.84,28.0,25.0,4629750.0,4092750.0,539472.0,8.58,7.59,2026-06-01,2026-06-30,monthly,30,False,222.65,165348.21,17982.4,0.933,elara,455ee379f8ad05001b440932e2d8a5ff,INKANO_Monthly_Ads_-_SHOPEE.csv
InKano Briette - Crop top wanita crop top outerwear wanita dengan details tali ikat,Berjalan,Iklan Produk,55560947757,GMV Max ROAS,Semua Penempatan,22/05/2026 00:00:00,52539.0,2454.0,0.0467,37.0,35.0,0.0151,0.0143,22359.68,39.0,37.0,6970200.0,6502200.0,827308.0,8.43,7.86,2026-06-01,2026-06-30,monthly,30,False,337.13,178723.08,27576.93,1.3,briette,f7db7279572358a31db844d4a3832517,INKANO_Monthly_Ads_-_SHOPEE.csv
InKano Acker - Atasan wanita dengan bahan soft rib rajut dan contrasting fabric,Berjalan,Iklan Produk,42561854974,GMV Max ROAS,Semua Penempatan,08/08/2025 00:00:00,51962.0,2597.0,0.05,25.0,19.0,0.0096,0.0073,25948.79,26.0,19.0,4944100.0,3461000.0,648720.0,7.62,5.34,2026-06-01,2026-06-30,monthly,30,False,249.8,190157.69,21624.0,0.867,acker,667b6673a0ce2925c76c276c9355e127,INKANO_Monthly_Ads_-_SHOPEE.csv
InKano Ann Cardie - Cadigan wanita katun outer rajut korean style,Berjalan,Iklan Produk,27924789216,GMV Max ROAS,Semua Penempatan,04/07/2025 00:00:00,48367.0,2751.0,0.056900000000000006,23.0,20.0,0.0084,0.0073,37479.64,23.0,20.0,6867000.0,5980000.0,862032.0,7.97,6.94,2026-06-01,2026-06-30,monthly,30,False,313.35,298565.22,28734.4,0.767,ann,4e0b493b546eab3294c35156b049306b,INKANO_Monthly_Ads_-_SHOPEE.csv
InKano Lunel - Rayon premium maxi dress with pleated details,Berjalan,Iklan Produk,48659973623,GMV Max ROAS,Semua Penempatan,05/05/2026 00:00:00,48209.0,2803.0,0.0581,16.0,11.0,0.005699999999999999,0.0039000000000000003,39312.47,17.0,11.0,4783300.0,3319000.0,629000.0,7.6,5.28,2026-06-01,2026-06-30,monthly,30,False,224.4,281370.59,20966.67,0.567,lunel,a04d5f4b1e5aa81656543617211f0f53,INKANO_Monthly_Ads_-_SHOPEE.csv
InKano Flint - Kemeja sleeveless wanita 100% cotton dengan details contrast stitching,Berjalan,Iklan Produk,51853780373,GMV Max ROAS,Semua Penempatan,29/12/2025 00:00:00,47057.0,2237.0,0.0475,35.0,26.0,0.015600000000000001,0.0116,16896.03,36.0,26.0,5410900.0,3621800.0,591361.0,9.15,6.12,2026-06-01,2026-06-30,monthly,30,False,264.35,150302.78,19712.03,1.2,flint,1ce501ea6d7c0b444bce3dd49477e1e9,INKANO_Monthly_Ads_-_SHOPEE.csv
InKano Nile - Cardigan rajut wanita dengan details floral pattern,Berjalan,Iklan Produk,52611971814,GMV Max ROAS,Semua Penempatan,10/06/2026 00:00:00,47035.0,3217.0,0.0684,10.0,6.0,0.0031,0.0019,48237.11,10.0,6.0,3097100.0,2214000.0,482371.0,6.42,4.59,2026-06-01,2026-06-30,monthly,30,False,149.94,309710.0,16079.03,0.333,nile,785bdcc118c242499c538df6b66d762f,INKANO_Monthly_Ads_-_SHOPEE.csv
InKano Alpine - Celana denim wanita relaxed fit dengan elastic di bagian belakang,Berjalan,Iklan Produk,29777681282,GMV Max ROAS,Semua Penempatan,01/03/2025 00:00:00,46342.0,1586.0,0.0342,30.0,25.0,0.0189,0.0158,35836.93,31.0,25.0,10277700.0,8723700.0,1075108.0,9.56,8.11,2026-06-01,2026-06-30,monthly,30,False,677.87,331538.71,35836.93,1.033,alpine,ad96290b1c6b4e81d00694e1a328e82b,INKANO_Monthly_Ads_-_SHOPEE.csv
InKano Sable - Linen outer wanita unfinished details and contrast stitching,Berjalan,Iklan Produk,41511942583,GMV Max ROAS,Semua Penempatan,08/08/2025 00:00:00,46025.0,2710.0,0.058899999999999994,18.0,14.0,0.0066,0.0052,28627.04,19.0,14.0,3731000.0,2846000.0,515287.0,7.24,5.52,2026-06-01,2026-06-30,monthly,30,False,190.14,196368.42,17176.23,0.633,sable,94508a266d92f7a17bc62e562ba39bed,INKANO_Monthly_Ads_-_SHOPEE.csv
InKano Eyre Drawstring Dress - sleeveless dress wanita midi dress wanita dengan drawstring pinggang [4],Berjalan,Iklan Produk,25022052499,GMV Max ROAS,Semua Penempatan,11/07/2024 00:00:00,41481.0,1932.0,0.0466,26.0,23.0,0.013500000000000002,0.011899999999999999,22606.02,27.0,24.0,5589350.0,5136000.0,587756.0,9.51,8.74,2026-06-01,2026-06-30,monthly,30,False,304.22,207012.96,19591.87,0.9,eyre,b14a390ad48b760bea2f969fe0132102,INKANO_Monthly_Ads_-_SHOPEE.csv
InKano Barrel Pants - Celana panjang wanita dengan cutting barrel dan bahan katun,Berjalan,Iklan Produk,49311993326,GMV Max ROAS,Semua Penempatan,10/06/2026 00:00:00,40916.0,1564.0,0.0382,26.0,25.0,0.0166,0.016,30266.69,26.0,25.0,7094600.0,6975000.0,786934.0,9.02,8.86,2026-06-01,2026-06-30,monthly,30,False,503.15,272869.23,26231.13,0.867,barrel,ba89be07b50c89865effa679ef6d2358,INKANO_Monthly_Ads_-_SHOPEE.csv
InKano Palmer - Celana pendek wanita,Berjalan,Iklan Produk,43161943121,GMV Max ROAS,Semua Penempatan,08/08/2025 00:00:00,40514.0,2280.0,0.056299999999999996,28.0,25.0,0.0123,0.011000000000000001,21916.08,30.0,27.0,5970400.0,5463000.0,613650.0,9.73,8.9,2026-06-01,2026-06-30,monthly,30,False,269.14,199013.33,20455.0,1.0,palmer,d369539afc019ccb65c513a34e51d6f5,INKANO_Monthly_Ads_-_SHOPEE.csv
InKano Veluna - Cardigan rajut dengan textur cable dan details kancing,Berjalan,Iklan Produk,47159137555,GMV Max ROAS,Semua Penempatan,20/04/2026 00:00:00,39984.0,1659.0,0.0415,17.0,12.0,0.0102,0.0072,44270.94,25.0,20.0,9815000.0,8580000.0,752606.0,13.04,11.4,2026-06-01,2026-06-30,monthly,30,False,453.65,392600.0,25086.87,0.833,veluna,5815f068bd613d0cb3fb0a8a88d0fc6a,INKANO_Monthly_Ads_-_SHOPEE.csv
InKano Fable - Kemeja katun wanita shirtdress dengan kancing full depan warna hitam dan abu [4],Berjalan,Iklan Produk,9449724340,GMV Max ROAS,Semua Penempatan,09/06/2024 00:00:00,39854.0,2083.0,0.052300000000000006,22.0,22.0,0.0106,0.0106,30125.54,23.0,23.0,6133200.0,6133200.0,662762.0,9.25,9.25,2026-06-01,2026-06-30,monthly,30,False,318.18,266660.87,22092.07,0.767,fable,2f9a33121a660282e9cee94a9f0aa218,INKANO_Monthly_Ads_-_SHOPEE.csv
InKano Cirrus - Dress wanita sleeveless midi dress wanita dengan details rok balloon,Berjalan,Iklan Produk,25390328930,GMV Max ROAS,Semua Penempatan,11/01/2025 00:00:00,36656.0,1980.0,0.054000000000000006,20.0,19.0,0.0101,0.0096,30970.42,20.0,19.0,5980000.0,5641000.0,619408.0,9.65,9.11,2026-06-01,2026-06-30,monthly,30,False,312.83,299000.0,20646.93,0.667,cirrus,236afba6286d50e6802c053576d8f626,INKANO_Monthly_Ads_-_SHOPEE.csv
InKano Vireya - Dress wanita pleats dengan bahan yang flowy dan ringan,Berjalan,Iklan Produk,56456273971,GMV Max ROAS,Semua Penempatan,08/03/2026 00:00:00,35822.0,2371.0,0.0662,15.0,10.0,0.0063,0.0042,43441.14,15.0,10.0,5224850.0,3950000.0,651617.0,8.02,6.06,2026-06-01,2026-06-30,monthly,30,False,274.83,348323.33,21720.57,0.5,vireya,e86b318ba7733711a13dd4ab6d7c05d7,INKANO_Monthly_Ads_-_SHOPEE.csv
InKano Ripple - Rok plisket wanita flowy pinggang karet [2],Berjalan,Iklan Produk,25439467291,GMV Max ROAS,Semua Penempatan,16/12/2024 00:00:00,35581.0,1697.0,0.04769999999999999,24.0,19.0,0.0141,0.011200000000000002,25250.47,24.0,19.0,6919900.0,5564900.0,606011.0,11.42,9.18,2026-06-01,2026-06-30,monthly,30,False,357.11,288329.17,20200.37,0.8,ripple,36d61a9671b928ecea4df72a19c20342,INKANO_Monthly_Ads_-_SHOPEE.csv
InKano Rilys - Rok wanita rayon premium dengan details tier dan pinggang elastic,Berjalan,Iklan Produk,41730972849,GMV Max ROAS,Semua Penempatan,18/05/2026 00:00:00,31664.0,1141.0,0.036000000000000004,13.0,10.0,0.011399999999999999,0.0088,37466.92,14.0,10.0,3046000.0,2300000.0,487070.0,6.25,4.72,2026-06-01,2026-06-30,monthly,30,False,426.88,217571.43,16235.67,0.467,rilys,02f4728b4c7e328dccaed1c5127e81f3,INKANO_Monthly_Ads_-_SHOPEE.csv
InKano Denim Barrel Pants - Celana panjang wanita dengan cutting barrel dan bahan denim,Berjalan,Iklan Produk,42080615229,GMV Max ROAS,Semua Penempatan,05/05/2026 00:00:00,29224.0,1198.0,0.040999999999999995,11.0,10.0,0.0092,0.0083,42078.4,13.0,10.0,3549100.0,3252100.0,462862.0,7.67,7.03,2026-06-01,2026-06-30,monthly,30,False,386.36,273007.69,15428.73,0.433,denim,cde0e7be7386bd10e653f94fbae2a5af,INKANO_Monthly_Ads_-_SHOPEE.csv
InKano Rene Cardigan - Everyday cardigan wanita outerwear wanita knit cardigan cotton viscose,Berjalan,Iklan Produk,55261973187,GMV Max ROAS,Semua Penempatan,10/06/2026 00:00:00,28804.0,916.0,0.0318,8.0,8.0,0.0087,0.0087,49830.56,8.0,8.0,2952000.0,2952000.0,398644.0,7.41,7.41,2026-06-01,2026-06-30,monthly,30,False,435.2,369000.0,13288.13,0.267,rene,7943c59bc2febfa4813e3e3647895f47,INKANO_Monthly_Ads_-_SHOPEE.csv
InKano Lerya - Rok satin ikat dengan details drapery,Berjalan,Iklan Produk,57309133858,GMV Max ROAS,Semua Penempatan,20/04/2026 00:00:00,27858.0,1737.0,0.062400000000000004,10.0,8.0,0.0058,0.0046,27360.98,10.0,8.0,2260000.0,1782000.0,273610.0,8.26,6.51,2026-06-01,2026-06-30,monthly,30,False,157.52,226000.0,9120.33,0.333,lerya,111a113eece88db303a63f69fe79a46b,INKANO_Monthly_Ads_-_SHOPEE.csv
InKano Marri Longsleeves - Cropped top knitted top with embossed pattern in long sleeves.,Berjalan,Iklan Produk,57160710532,GMV Max ROAS,Semua Penempatan,18/05/2026 00:00:00,27577.0,1263.0,0.0458,11.0,11.0,0.0087,0.0087,40046.82,11.0,11.0,3589000.0,3589000.0,440515.0,8.15,8.15,2026-06-01,2026-06-30,monthly,30,False,348.78,326272.73,14683.83,0.367,marri,6cd589a35cd9c9549435111a4668b80e,INKANO_Monthly_Ads_-_SHOPEE.csv
InKano Sedge - Dress midi sleeveless dengan bahan checkered kotak mini gingham dan details tiered skirt,Berjalan,Iklan Produk,50862413433,GMV Max ROAS,Semua Penempatan,18/06/2026 00:00:00,26667.0,776.0,0.0291,1.0,0.0,0.0013,0.0,219498.42,1.0,0.0,359000.0,0.0,219498.0,1.64,0.0,2026-06-01,2026-06-30,monthly,30,False,282.86,359000.0,7316.6,0.033,sedge,18419c650e9d96cd839719013cc0c589,INKANO_Monthly_Ads_-_SHOPEE.csv
InKano Amary - Sleeveless dress wanita dengan details rok plisket,Berjalan,Iklan Produk,52561969562,GMV Max ROAS,Semua Penempatan,10/06/2026 00:00:00,24415.0,963.0,0.0394,1.0,1.0,0.001,0.001,180723.47,1.0,1.0,399000.0,399000.0,180723.0,2.21,2.21,2026-06-01,2026-06-30,monthly,30,False,187.67,399000.0,6024.1,0.033,amary,575d7e592abdd9efafdb0b19138401ba,INKANO_Monthly_Ads_-_SHOPEE.csv
"InKano Meadow - Cardigan rajut wanita bahan full katun, knit cardigan wanita",Berjalan,Iklan Produk,26670732939,GMV Max ROAS,Semua Penempatan,16/12/2024 00:00:00,22206.0,1043.0,0.047,3.0,2.0,0.0029,0.0019,72273.29,3.0,2.0,1167000.0,778000.0,216820.0,5.38,3.59,2026-06-01,2026-06-30,monthly,30,False,207.88,389000.0,7227.33,0.1,meadow,b9779288adedee4a71d0598db82251af,INKANO_Monthly_Ads_-_SHOPEE.csv
InKano Brine - Rok plisket wanita bahan ceruty yang flowy,Berjalan,Iklan Produk,53912085260,GMV Max ROAS,Semua Penempatan,15/06/2026 00:00:00,18559.0,629.0,0.0339,3.0,1.0,0.0048,0.0016,98714.02,3.0,1.0,979200.0,419000.0,296142.0,3.31,1.41,2026-06-01,2026-06-30,monthly,30,False,470.81,326400.0,9871.4,0.1,brine,f56cb41cd52bdad5279a875da10deea3,INKANO_Monthly_Ads_-_SHOPEE.csv
"InKano Pane Jacket - jaket wanita tipis dengan serat kain bertekstur, kancing depan, dan kantong",Berjalan,Iklan Produk,57162403130,GMV Max ROAS,Semua Penempatan,18/06/2026 00:00:00,17200.0,769.0,0.0447,4.0,2.0,0.0052,0.0026,43616.94,4.0,2.0,876000.0,428000.0,174468.0,5.02,2.45,2026-06-01,2026-06-30,monthly,30,False,226.88,219000.0,5815.6,0.133,pane,c65e7f918f4819a080cfbda177a307b1,INKANO_Monthly_Ads_-_SHOPEE.csv
InKano Nash - Sleeveless atasan blouse wanita dengan neckline tinggi dan tekstur kain,Berjalan,Iklan Produk,40157398753,GMV Max ROAS,Semua Penempatan,07/07/2025 00:00:00,15836.0,752.0,0.0475,16.0,15.0,0.0213,0.0199,19397.26,23.0,22.0,3084400.0,2945100.0,310356.0,9.94,9.49,2026-06-01,2026-06-30,monthly,30,False,412.71,134104.35,10345.2,0.767,nash,7192b8e38dbc2da97c630dfe07b7438f,INKANO_Monthly_Ads_-_SHOPEE.csv
InKano Brisa - Outerwear rajut wanita knitwear cardigan dengan details unfinished,Berjalan,Iklan Produk,50012407753,GMV Max ROAS,Semua Penempatan,18/06/2026 00:00:00,14878.0,442.0,0.0297,5.0,3.0,0.0113,0.0068000000000000005,43090.38,5.0,3.0,2045000.0,1257000.0,215452.0,9.49,5.83,2026-06-01,2026-06-30,monthly,30,False,487.45,409000.0,7181.73,0.167,brisa,5c69fe5c3d52fd7448f01eb0124e18bf,INKANO_Monthly_Ads_-_SHOPEE.csv
In Kano Arden - Knit cardigan top wanita dengan bahan nylon,Berjalan,Iklan Produk,40367838067,GMV Max ROAS,Semua Penempatan,09/09/2025 00:00:00,1003.0,51.0,0.0508,0.0,0.0,0.0,0.0,0.0,0.0,0.0,0.0,0.0,17254.0,0.0,0.0,2026-06-01,2026-06-30,monthly,30,False,338.31,,575.13,,kano,e0f16680c5a2196abde48612ca4489ff,INKANO_Monthly_Ads_-_SHOPEE.csv
"InKano Gianna - Dress rayon dengan details ikat warna hitam, coklat muda, hijau olive dan soft pink [5]",Dijeda,Iklan Produk,4520695814,GMV Max ROAS,Semua Penempatan,08/06/2024 00:00:00,35606.0,1492.0,0.04190000000000001,16.0,13.0,0.010700000000000001,0.0087,22729.95,16.0,13.0,3038600.0,2381600.0,363679.0,8.36,6.55,2026-06-01,2026-06-30,monthly,30,False,243.75,189912.5,12122.63,0.533,gianna,1f753adf1a75b528b959e2f3c396beee,INKANO_Monthly_Ads_-_SHOPEE.csv
InKano Shiso - Dress wanita 100% cotton dengan details contrast stitching,Dijeda,Iklan Produk,53403769798,GMV Max ROAS,Semua Penempatan,29/12/2025 00:00:00,25805.0,1298.0,0.050300000000000004,10.0,7.0,0.0077,0.0054,36013.12,10.0,7.0,3030000.0,2203000.0,360131.0,8.41,6.12,2026-06-01,2026-06-30,monthly,30,False,277.45,303000.0,12004.37,0.333,shiso,6545d021085de3f47b8b4e7004d3dfd4,INKANO_Monthly_Ads_-_SHOPEE.csv
InKano Elden - Cardigan/atasan rajut dengan details kancing dan unfinished hemming,Dijeda,Iklan Produk,56109117307,GMV Max ROAS,Semua Penempatan,20/04/2026 00:00:00,24682.0,1516.0,0.061399999999999996,2.0,1.0,0.0013,0.0007000000000000001,82016.91,2.0,1.0,588000.0,389000.0,164034.0,3.58,2.37,2026-06-01,2026-06-30,monthly,30,False,108.2,294000.0,5467.8,0.067,elden,6fccdc978a9a77c1bf8d7960233e8ffd,INKANO_Monthly_Ads_-_SHOPEE.csv
InKano Aera - Atasan Wanita dengan bahan rayon spandex dan details asymmetric draping,Dijeda,Iklan Produk,26994743744,GMV Max ROAS,Semua Penempatan,05/05/2026 00:00:00,24552.0,1031.0,0.042,9.0,8.0,0.0087,0.0078000000000000005,27369.11,10.0,9.0,1710000.0,1541000.0,246322.0,6.94,6.26,2026-06-01,2026-06-30,monthly,30,False,238.92,171000.0,8210.73,0.333,aera,767e82ba11f6a7969c9ece95c05b0463,INKANO_Monthly_Ads_-_SHOPEE.csv
"InKano Dill - Outerwear daily wanita bahan rayon texture crinkle warna muted pink mauve, hijau sage, coklat coffee [6]",Dijeda,Iklan Produk,16770157482,GMV Max ROAS,Semua Penempatan,09/06/2024 00:00:00,16572.0,998.0,0.0602,5.0,2.0,0.005,0.002,27169.99,5.0,2.0,1031100.0,358000.0,135850.0,7.59,2.64,2026-06-01,2026-06-30,monthly,30,False,136.12,206220.0,4528.33,0.167,dill,d94ef4d18c63ebb4a408d4251d19f942,INKANO_Monthly_Ads_-_SHOPEE.csv
InKano Alpine - Celana denim wanita relaxed fit dengan elastic di bagian belakang,Dijeda,Iklan Produk,57061160802,GMV Max ROAS,Semua Penempatan,26/05/2026 00:00:00,13409.0,342.0,0.0255,6.0,4.0,0.0175,0.011699999999999999,41163.32,7.0,5.0,2453000.0,1795000.0,246980.0,9.93,7.27,2026-06-01,2026-06-30,monthly,30,False,722.16,350428.57,8232.67,0.233,alpine,c8b632ceb23a875b1c974d273ca8ceb9,INKANO_Monthly_Ads_-_SHOPEE.csv
InKano Arbor - Outer wanita blazer wanita bahan soft suede,Dijeda,Iklan Produk,26439584864,GMV Max ROAS,Semua Penempatan,08/08/2025 00:00:00,11328.0,809.0,0.07139999999999999,4.0,3.0,0.0049,0.0037,25314.95,4.0,3.0,1206000.0,907000.0,101260.0,11.91,8.96,2026-06-01,2026-06-30,monthly,30,False,125.17,301500.0,3375.33,0.133,arbor,b5e665adbe9722b4a62970dfe88130cc,INKANO_Monthly_Ads_-_SHOPEE.csv
InKano Elara - Atasan sleeveless wanita dengan details drape di leher,Dijeda,Iklan Produk,45260967322,GMV Max ROAS,Semua Penempatan,22/05/2026 00:00:00,8229.0,304.0,0.0369,4.0,4.0,0.0132,0.0132,21009.65,4.0,4.0,670950.0,670950.0,84039.0,7.98,7.98,2026-06-01,2026-06-30,monthly,30,False,276.44,167737.5,2801.3,0.133,elara,851691f2285a2f22d085dd2e9aaf6159,INKANO_Monthly_Ads_-_SHOPEE.csv
InKano Willow - Sleeveless dress satin wanita dengan details floral dress semi formal wanita untuk occasion [2],Dijeda,Iklan Produk,27970724615,GMV Max ROAS,Semua Penempatan,16/12/2024 00:00:00,8005.0,491.0,0.0613,3.0,0.0,0.0060999999999999995,0.0,39498.61,3.0,0.0,717000.0,0.0,118496.0,6.05,0.0,2026-06-01,2026-06-30,monthly,30,False,241.34,239000.0,3949.87,0.1,willow,1f00a389e60a5e8ee14ed7fb3069d097,INKANO_Monthly_Ads_-_SHOPEE.csv
InKano Stripes Union - Oversized stripes cotton knit top with long sleeve bahan katun korean style,Dijeda,Iklan Produk,46660632767,GMV Max ROAS,Semua Penempatan,16/05/2026 00:00:00,7884.0,401.0,0.0509,3.0,3.0,0.0075,0.0075,42154.05,3.0,3.0,897000.0,897000.0,126462.0,7.09,7.09,2026-06-01,2026-06-30,monthly,30,False,315.37,299000.0,4215.4,0.1,stripes,3f332ae984aa09198d44630dc335b3d7,INKANO_Monthly_Ads_-_SHOPEE.csv
"InKano Crest - Pleated dress wanita sleeveless, dress wanita plisket tanpa lengan",Dijeda,Iklan Produk,24238660941,GMV Max ROAS,Semua Penempatan,25/11/2024 00:00:00,5698.0,234.0,0.041100000000000005,2.0,2.0,0.0085,0.0085,24605.43,2.0,2.0,542400.0,542400.0,49211.0,11.02,11.02,2026-06-01,2026-06-30,monthly,30,False,210.3,271200.0,1640.37,0.067,crest,65e2ff00eab062897cea97f793d2ae92,INKANO_Monthly_Ads_-_SHOPEE.csv
InKano Gale - Rok satin wanita warna bw creme dan hitam,Dijeda,Iklan Produk,28364865828,GMV Max ROAS,Semua Penempatan,24/10/2024 00:00:00,2.0,0.0,0.0,0.0,0.0,0.0,0.0,0.0,0.0,0.0,0.0,0.0,0.0,0.0,0.0,2026-06-01,2026-06-30,monthly,30,False,,,,,gale,65113b9dabe7de2a54a944ff4f138ec0,INKANO_Monthly_Ads_-_SHOPEE.csv
